pair_id,style,ref_path,search_path,gt_x,gt_y,pitch,scale,noise_sigma_ref,noise_sigma_search,rotation_deg,blur_ref,blur_search,dose_ref,dose_search,charging_intensity,salt_pepper_prob,gamma_ref,gamma_search,classical_pred_x,classical_pred_y,classical_error_px,classical_time_sec,classical_confident,classical_n_candidates,dl_pred_x,dl_pred_y,dl_error_px,dl_time_sec,dl_confident
0,dram,data/train_canonical/ref_0000.png,data/train_canonical/search_0000.png,520.14,496.05,40,10.005,7.79,16.72,2.46,0.43,0.51,599.9,146.0,0.0,0.0,0.959,0.919,520.0,496.0,0.14866068747317604,0.24409794807434082,True,4,524.0,500.0,5.522870630387789,0.05791616439819336,True
1,dram,data/train_canonical/ref_0001.png,data/train_canonical/search_0001.png,479.7,610.69,37,9.337,5.62,14.0,-1.55,0.59,0.48,591.5,171.8,0.0,0.0,1.07,0.921,479.5,595.5,15.191316598636265,0.25996971130371094,True,2,484.0,620.0,10.255052413322863,0.05309343338012695,True
2,finfet,data/train_canonical/ref_0002.png,data/train_canonical/search_0002.png,425.37,476.78,20,10.911,5.63,12.85,-0.02,0.38,0.82,507.6,150.9,0.0,0.0,0.953,0.984,425.5,476.5,0.30870698080863596,0.22002387046813965,True,9,428.0,476.0,2.7432280255202874,0.043970346450805664,True
3,dram,data/train_canonical/ref_0003.png,data/train_canonical/search_0003.png,631.44,575.43,43,9.089,4.54,15.09,2.51,0.23,0.48,497.9,121.9,0.0,0.0002,0.951,1.003,527.5,575.5,103.9400235712885,0.19173288345336914,True,8,636.0,580.0,6.455888784667836,0.04871320724487305,True
4,dram,data/train_canonical/ref_0004.png,data/train_canonical/search_0004.png,526.24,462.54,42,9.608,5.33,17.92,-0.88,0.27,0.68,456.8,180.0,0.0,0.0,1.043,1.03,526.5,462.5,0.26305892875931225,0.20219779014587402,True,4,524.0,468.0,5.901626894340222,0.04890251159667969,True
5,dram,data/train_canonical/ref_0005.png,data/train_canonical/search_0005.png,634.35,437.0,44,10.236,6.34,17.1,-0.04,0.48,0.62,480.2,135.0,0.718,0.0,1.084,0.932,484.0,437.0,150.35000000000002,0.19854450225830078,True,6,636.0,436.0,1.9293781381574544,0.04151129722595215,True
6,finfet,data/train_canonical/ref_0006.png,data/train_canonical/search_0006.png,380.04,541.72,20,9.896,4.21,14.19,-0.9,0.22,0.71,466.0,157.1,0.0,0.0,0.902,1.082,536.0,542.0,155.96025134629653,0.19283819198608398,False,9,380.0,548.0,6.280127387243006,0.0418548583984375,True
7,dram,data/train_canonical/ref_0007.png,data/train_canonical/search_0007.png,498.09,569.26,40,10.004,4.68,10.41,1.33,0.27,0.72,340.2,159.0,0.0,0.0,1.086,0.904,498.0,569.0,0.2751363298439353,0.19736766815185547,True,5,500.0,572.0,3.340014970026354,0.04381299018859863,True
8,dram,data/train_canonical/ref_0008.png,data/train_canonical/search_0008.png,402.47,588.98,36,9.233,6.24,10.14,2.94,0.46,0.74,567.6,155.7,0.707,0.0024,1.091,0.951,402.5,589.5,0.520864665724197,0.19850707054138184,True,9,412.0,588.0,9.58025573771387,0.0482335090637207,True
9,finfet,data/train_canonical/ref_0009.png,data/train_canonical/search_0009.png,474.45,495.78,29,9.333,7.49,11.48,1.84,0.24,0.51,508.5,129.8,0.471,0.0009,1.096,1.135,474.5,495.5,0.284429253066533,0.2187807559967041,True,7,476.0,500.0,4.49565345639544,0.04757499694824219,True
10,finfet,data/train_canonical/ref_0010.png,data/train_canonical/search_0010.png,611.35,440.72,30,10.567,6.78,13.48,-2.36,0.43,0.55,412.7,152.5,0.367,0.0007,0.939,0.908,585.5,440.5,25.850936153261475,0.16946768760681152,False,6,612.0,676.0,235.28089786465875,0.04890084266662598,True
11,dram,data/train_canonical/ref_0011.png,data/train_canonical/search_0011.png,563.11,494.92,43,11.0,4.26,14.81,-2.78,0.22,0.67,502.7,122.3,0.0,0.0027,0.901,1.052,500.5,494.5,62.611408704803964,0.20233893394470215,True,4,564.0,492.0,3.052621823940868,0.048891305923461914,True
12,finfet,data/train_canonical/ref_0012.png,data/train_canonical/search_0012.png,610.97,373.94,20,10.269,6.1,16.72,1.16,0.38,0.57,507.5,192.4,0.524,0.0,0.972,0.894,414.5,540.5,257.5707562981481,0.20615839958190918,True,10,612.0,380.0,6.146909792733254,0.042011260986328125,True
13,finfet,data/train_canonical/ref_0013.png,data/train_canonical/search_0013.png,634.11,532.36,24,9.995,7.39,10.24,-0.34,0.35,0.43,423.4,107.7,0.0,0.0013,0.958,0.954,444.0,532.0,190.11034085498875,0.19818544387817383,True,10,636.0,532.0,1.9239802493788647,0.03989243507385254,True
14,finfet,data/train_canonical/ref_0014.png,data/train_canonical/search_0014.png,438.87,552.86,29,10.93,7.24,17.45,-2.64,0.55,0.6,355.5,170.6,0.0,0.0,0.949,1.024,438.5,476.5,76.36089640647235,0.21413302421569824,False,8,436.0,556.0,4.253998119416597,0.048005104064941406,True
15,dram,data/train_canonical/ref_0015.png,data/train_canonical/search_0015.png,385.98,617.81,42,9.705,7.23,10.35,0.79,0.3,0.8,359.7,141.6,0.403,0.0,1.06,0.866,544.5,555.5,170.32652905522377,0.21429228782653809,False,5,388.0,620.0,2.9793455657241514,0.04409503936767578,True
16,dram,data/train_canonical/ref_0016.png,data/train_canonical/search_0016.png,549.07,612.4,41,9.775,7.61,12.41,1.96,0.38,0.85,518.2,181.7,0.588,0.0,0.932,1.084,549.0,482.0,130.40001878834218,0.22046351432800293,True,1,548.0,612.0,1.1423221962301568,0.044756412506103516,True
17,dram,data/train_canonical/ref_0017.png,data/train_canonical/search_0017.png,413.21,602.46,37,10.346,4.02,10.34,-0.85,0.23,0.86,463.0,145.6,0.445,0.0019,0.968,0.907,413.5,602.5,0.29274562336610427,0.16908645629882812,True,5,412.0,604.0,1.958494319624093,0.05179286003112793,True
18,dram,data/train_canonical/ref_0018.png,data/train_canonical/search_0018.png,540.49,525.3,39,10.99,7.24,15.12,-2.9,0.31,0.76,585.8,155.4,0.393,0.0,1.047,1.091,540.5,525.5,0.2002498439450528,0.1702415943145752,True,5,540.0,524.0,1.3892803892662886,0.04958343505859375,True
19,finfet,data/train_canonical/ref_0019.png,data/train_canonical/search_0019.png,574.8,455.01,27,10.435,6.43,13.34,-2.22,0.45,0.67,310.0,137.4,0.682,0.0,1.099,1.115,574.5,544.5,89.49050284806764,0.23373818397521973,True,7,572.0,452.0,4.110973120807248,0.04858756065368652,True
20,finfet,data/train_canonical/ref_0020.png,data/train_canonical/search_0020.png,419.66,570.82,30,9.103,6.33,12.3,2.0,0.21,0.45,328.6,144.4,0.0,0.0014,0.903,0.945,419.5,570.5,0.3577708764000223,0.21913456916809082,True,6,420.0,580.0,9.186294138552231,0.04365396499633789,True
21,finfet,data/train_canonical/ref_0021.png,data/train_canonical/search_0021.png,385.01,455.45,24,9.852,5.88,11.05,-1.39,0.35,0.73,315.8,82.9,0.0,0.0004,1.026,0.97,533.0,527.0,164.37896033251945,0.24151825904846191,False,10,388.0,460.0,5.444501813756715,0.04267263412475586,True
22,dram,data/train_canonical/ref_0022.png,data/train_canonical/search_0022.png,620.52,532.84,37,9.329,7.92,14.84,-0.03,0.53,0.49,517.2,155.4,0.0,0.0,0.978,0.921,434.5,532.5,186.02031071901797,0.2079939842224121,True,5,620.0,532.0,0.9879271228182951,0.04232978820800781,True
23,dram,data/train_canonical/ref_0023.png,data/train_canonical/search_0023.png,379.11,570.82,41,9.238,4.94,14.58,1.67,0.34,0.5,311.1,120.5,0.476,0.0,1.044,1.139,479.0,574.0,99.94060486108735,0.2214345932006836,False,6,380.0,572.0,1.4780054127099325,0.04811501502990723,True
24,finfet,data/train_canonical/ref_0024.png,data/train_canonical/search_0024.png,476.38,447.0,28,9.973,6.41,17.3,-2.48,0.5,0.75,557.7,83.4,0.681,0.0,0.992,1.051,476.0,447.0,0.37999999999999545,0.21879339218139648,True,7,484.0,452.0,9.113967302991604,0.04527425765991211,True
25,dram,data/train_canonical/ref_0025.png,data/train_canonical/search_0025.png,408.69,460.39,40,9.112,7.06,16.53,-1.64,0.52,0.63,329.4,154.5,0.0,0.0014,0.921,1.127,408.5,517.5,57.110316055858085,0.2201700210571289,True,3,412.0,460.0,3.3328966380612535,0.0466916561126709,True
26,dram,data/train_canonical/ref_0026.png,data/train_canonical/search_0026.png,463.43,415.99,41,9.907,7.58,16.48,1.2,0.35,0.73,433.4,85.4,0.0,0.0026,0.931,0.967,463.0,416.0,0.43011626335213793,0.2032167911529541,True,7,468.0,420.0,6.079884867330948,0.04364967346191406,True
27,finfet,data/train_canonical/ref_0027.png,data/train_canonical/search_0027.png,565.25,473.21,25,9.29,5.87,17.76,-0.32,0.24,0.62,351.1,169.9,0.743,0.0,1.09,0.957,565.5,473.5,0.38288379438154846,0.1920936107635498,True,11,564.0,476.0,3.0572209602840474,0.04124569892883301,True
28,finfet,data/train_canonical/ref_0028.png,data/train_canonical/search_0028.png,587.96,606.51,30,10.409,7.08,17.55,-0.2,0.55,0.42,359.4,133.7,0.44,0.0,0.994,1.045,587.5,531.5,75.01141046534185,0.1768174171447754,False,11,588.0,548.0,58.51001367287483,0.041374921798706055,True
29,finfet,data/train_canonical/ref_0029.png,data/train_canonical/search_0029.png,563.3,382.97,25,9.056,6.43,10.3,0.23,0.51,0.55,419.3,170.1,0.0,0.0,1.086,1.017,563.5,469.5,86.53023113340213,0.17846369743347168,False,10,564.0,388.0,5.078474180302563,0.04483771324157715,True
30,dram,data/train_canonical/ref_0030.png,data/train_canonical/search_0030.png,517.73,475.45,44,10.361,4.02,16.29,0.67,0.57,0.6,328.4,187.6,0.0,0.0,1.09,1.01,517.5,475.5,0.23537204591881658,0.2275245189666748,True,3,524.0,476.0,6.294076580404768,0.04508495330810547,True
31,finfet,data/train_canonical/ref_0031.png,data/train_canonical/search_0031.png,602.11,544.31,20,9.603,6.49,17.02,-0.84,0.23,0.46,479.6,174.1,0.0,0.0018,1.023,0.922,543.5,544.5,58.610307967114466,0.17142105102539062,True,12,604.0,548.0,4.14586541026121,0.04596209526062012,True
32,finfet,data/train_canonical/ref_0032.png,data/train_canonical/search_0032.png,572.35,616.82,29,10.929,6.51,12.95,-0.13,0.43,0.68,580.0,116.9,0.693,0.002,0.995,0.973,572.5,526.5,90.32012455704437,0.16305923461914062,False,9,572.0,612.0,4.83269076188416,0.04926443099975586,True
33,dram,data/train_canonical/ref_0033.png,data/train_canonical/search_0033.png,582.99,372.11,44,9.266,5.28,11.56,2.94,0.27,0.41,347.7,192.8,0.0,0.0,1.099,1.041,582.5,529.5,157.39076275309168,0.17316246032714844,True,6,580.0,372.0,2.9920227271864195,0.054585933685302734,True
34,finfet,data/train_canonical/ref_0034.png,data/train_canonical/search_0034.png,611.73,586.54,29,10.083,4.43,16.24,2.15,0.47,0.45,331.3,137.0,0.0,0.0,1.022,1.054,402.0,416.0,270.31567564608605,0.1769397258758545,False,8,612.0,588.0,1.4847558721891274,0.05185365676879883,True
35,dram,data/train_canonical/ref_0035.png,data/train_canonical/search_0035.png,561.77,403.4,45,9.831,7.87,16.96,-0.43,0.55,0.79,563.4,117.0,0.0,0.0,0.935,1.022,562.0,449.0,45.60058004017056,0.20799612998962402,True,4,564.0,748.0,344.6072153916688,0.04323887825012207,True
36,finfet,data/train_canonical/ref_0036.png,data/train_canonical/search_0036.png,607.06,586.23,22,10.658,5.14,17.69,0.09,0.47,0.52,376.4,93.8,0.0,0.0002,1.004,0.878,415.5,586.5,191.56019027971334,0.22235465049743652,True,9,604.0,756.0,169.79757507102389,0.04357194900512695,True
37,finfet,data/train_canonical/ref_0037.png,data/train_canonical/search_0037.png,566.65,600.76,20,10.906,5.64,12.94,-0.78,0.56,0.55,592.9,142.9,0.0,0.0007,0.989,1.141,566.5,497.5,103.26010894822839,0.18465447425842285,True,7,572.0,596.0,7.161012498243538,0.043047189712524414,True
38,finfet,data/train_canonical/ref_0038.png,data/train_canonical/search_0038.png,601.82,416.63,24,9.294,4.67,10.91,2.32,0.26,0.78,555.9,192.8,0.54,0.0,0.982,1.11,514.5,416.5,87.32009677044574,0.20933818817138672,True,12,604.0,420.0,4.0136392463697845,0.04228472709655762,True
39,finfet,data/train_canonical/ref_0039.png,data/train_canonical/search_0039.png,406.38,407.38,20,9.964,6.68,17.19,2.51,0.45,0.87,371.6,81.1,0.0,0.0017,1.016,1.008,406.0,407.0,0.5374011537017697,0.21338891983032227,True,7,404.0,404.0,4.133860181476866,0.042795419692993164,True
40,dram,data/train_canonical/ref_0040.png,data/train_canonical/search_0040.png,517.34,373.92,40,9.678,7.66,15.18,0.61,0.53,0.75,589.0,91.6,0.0,0.0,1.085,0.96,523.5,588.5,214.66840009652094,0.20911693572998047,True,7,516.0,372.0,2.341367122003755,0.04110074043273926,True
41,finfet,data/train_canonical/ref_0041.png,data/train_canonical/search_0041.png,394.01,608.98,24,10.523,5.43,13.85,0.34,0.35,0.66,433.7,185.9,0.0,0.0,1.089,1.006,462.5,403.5,216.5938838009975,0.19088292121887207,True,11,396.0,612.0,3.6166973885023785,0.046952247619628906,True
42,finfet,data/train_canonical/ref_0042.png,data/train_canonical/search_0042.png,418.19,624.68,23,9.976,6.7,10.63,1.19,0.22,0.46,474.8,194.9,0.0,0.0,1.083,0.982,418.0,497.0,127.6801413689693,0.1911764144897461,False,7,420.0,628.0,3.7813357428295546,0.041478633880615234,True
43,dram,data/train_canonical/ref_0043.png,data/train_canonical/search_0043.png,459.98,559.48,42,9.126,5.52,17.26,-1.59,0.27,0.47,325.7,175.0,0.0,0.0,0.943,0.867,459.5,559.5,0.48041648597858994,0.19419169425964355,True,3,460.0,564.0,4.5200442475710165,0.04612421989440918,True
44,dram,data/train_canonical/ref_0044.png,data/train_canonical/search_0044.png,614.57,608.98,36,10.189,7.11,16.2,1.71,0.3,0.89,475.2,99.5,0.0,0.0,0.979,1.101,491.0,538.0,142.50510622430346,0.21493315696716309,False,9,620.0,612.0,6.213316344754976,0.04479098320007324,True
45,finfet,data/train_canonical/ref_0045.png,data/train_canonical/search_0045.png,587.86,456.94,23,9.472,7.22,10.06,-2.14,0.47,0.49,591.1,161.2,0.0,0.0014,1.05,0.954,587.5,456.5,0.5685068161420826,0.1748349666595459,True,12,588.0,460.0,3.0632009401931195,0.05169248580932617,True
46,dram,data/train_canonical/ref_0046.png,data/train_canonical/search_0046.png,475.58,453.2,40,9.603,7.54,10.28,-2.67,0.49,0.52,579.2,112.7,0.0,0.0,0.97,1.12,475.5,511.5,58.300054888481895,0.21352505683898926,True,4,476.0,452.0,1.27137720602502,0.054314613342285156,True
47,dram,data/train_canonical/ref_0047.png,data/train_canonical/search_0047.png,633.95,443.46,39,9.906,5.85,16.79,-1.22,0.44,0.81,476.7,190.6,0.0,0.0,1.003,1.09,453.0,444.0,180.95080574565014,0.20388197898864746,True,4,636.0,444.0,2.119929244102226,0.0496516227722168,True
48,dram,data/train_canonical/ref_0048.png,data/train_canonical/search_0048.png,369.55,413.45,39,9.636,4.46,14.78,-2.7,0.3,0.7,397.9,194.7,0.78,0.0,1.012,0.926,406.5,413.5,36.95003382948383,0.20795011520385742,True,5,372.0,412.0,2.8469281690973363,0.04965806007385254,True
49,dram,data/train_canonical/ref_0049.png,data/train_canonical/search_0049.png,460.34,548.37,35,9.132,6.78,14.99,-2.66,0.38,0.44,384.9,198.6,0.0,0.0,0.903,0.968,460.5,548.5,0.20615528128089958,0.21384525299072266,True,4,460.0,548.0,0.5024937810560309,0.056055545806884766,True
50,finfet,data/train_canonical/ref_0050.png,data/train_canonical/search_0050.png,615.47,532.05,24,10.356,5.06,14.14,1.4,0.47,0.75,319.4,164.3,0.0,0.0,1.011,0.956,539.5,532.5,75.97133275124246,0.19521117210388184,True,9,620.0,532.0,4.530275929786148,0.043358802795410156,True
51,finfet,data/train_canonical/ref_0051.png,data/train_canonical/search_0051.png,539.98,423.82,29,9.926,7.04,11.5,-2.38,0.39,0.63,376.6,187.5,0.0,0.0,0.979,1.047,540.0,424.0,0.1811077027627531,0.21259284019470215,True,7,540.0,428.0,4.1800478466161195,0.043904781341552734,True
52,dram,data/train_canonical/ref_0052.png,data/train_canonical/search_0052.png,470.16,496.51,39,10.173,6.61,16.45,-1.71,0.25,0.89,440.1,167.2,0.0,0.0023,0.9,1.114,470.0,497.0,0.5154609587544113,0.20750069618225098,True,4,468.0,500.0,4.1043513494826644,0.05256175994873047,True
53,finfet,data/train_canonical/ref_0053.png,data/train_canonical/search_0053.png,562.73,412.6,29,10.085,7.26,17.03,-1.42,0.43,0.86,480.1,153.3,0.515,0.0007,1.036,1.085,563.0,526.0,113.40032142811586,0.1926267147064209,True,6,564.0,412.0,1.4045995870709849,0.04461264610290527,True
54,dram,data/train_canonical/ref_0054.png,data/train_canonical/search_0054.png,404.46,598.75,40,9.259,4.26,13.89,0.64,0.25,0.52,441.0,193.5,0.0,0.0,0.993,0.855,568.5,597.5,164.04476248877927,0.1903836727142334,False,7,404.0,604.0,5.270113850762617,0.04526686668395996,True
55,finfet,data/train_canonical/ref_0055.png,data/train_canonical/search_0055.png,457.61,372.33,21,9.357,7.8,12.78,2.74,0.35,0.62,581.5,160.3,0.799,0.0,0.91,1.066,457.5,480.5,108.17005593046535,0.19235491752624512,False,11,460.0,372.0,2.4126748641290074,0.046185970306396484,True
56,finfet,data/train_canonical/ref_0056.png,data/train_canonical/search_0056.png,514.63,560.52,23,10.569,5.87,12.57,0.73,0.36,0.84,343.6,81.4,0.0,0.0,0.956,0.881,514.5,560.5,0.1315294643796518,0.18879175186157227,True,8,516.0,556.0,4.723060448480397,0.041362762451171875,True
57,dram,data/train_canonical/ref_0057.png,data/train_canonical/search_0057.png,579.75,388.25,39,10.486,7.53,13.92,-1.87,0.52,0.75,370.2,124.6,0.639,0.0,0.975,0.911,579.5,488.5,100.25031172021362,0.18250513076782227,False,7,580.0,388.0,0.3535533905932738,0.056504249572753906,True
58,finfet,data/train_canonical/ref_0058.png,data/train_canonical/search_0058.png,562.65,602.62,24,9.48,7.52,13.71,-1.25,0.38,0.61,429.1,144.8,0.662,0.0007,0.996,0.905,562.5,516.5,86.12013063157765,0.20917367935180664,False,6,564.0,604.0,1.930518065183553,0.04891514778137207,True
59,dram,data/train_canonical/ref_0059.png,data/train_canonical/search_0059.png,523.05,377.53,38,10.995,6.95,11.43,1.01,0.44,0.58,423.0,179.6,0.0,0.0,1.008,1.001,523.5,460.5,82.97122031162374,0.21265840530395508,False,8,524.0,380.0,2.6463937726650246,0.04649639129638672,True
60,finfet,data/train_canonical/ref_0060.png,data/train_canonical/search_0060.png,418.15,563.88,23,9.291,7.77,14.06,-2.13,0.25,0.74,479.8,173.4,0.0,0.0,1.061,0.886,417.5,563.5,0.7529276193632207,0.1925060749053955,True,9,420.0,564.0,1.85388780674562,0.05016374588012695,True
61,finfet,data/train_canonical/ref_0061.png,data/train_canonical/search_0061.png,619.62,485.43,29,10.448,4.8,14.37,-1.2,0.3,0.56,476.2,124.8,0.0,0.0,0.967,0.88,539.5,485.5,80.12003057912547,0.2080540657043457,True,11,620.0,484.0,1.4796283317103711,0.05895209312438965,True
62,finfet,data/train_canonical/ref_0062.png,data/train_canonical/search_0062.png,431.41,395.67,22,9.288,7.37,14.77,-2.16,0.23,0.83,320.4,127.2,0.0,0.0,1.092,1.13,431.5,504.5,108.8300372139971,0.20210790634155273,True,4,436.0,396.0,4.6018474550988495,0.05836153030395508,True
63,dram,data/train_canonical/ref_0063.png,data/train_canonical/search_0063.png,447.04,378.68,42,10.022,4.73,13.47,1.99,0.37,0.43,592.5,113.6,0.0,0.0,1.027,1.053,447.0,559.0,180.32000443655716,0.19319701194763184,True,6,444.0,380.0,3.3142118218363934,0.056168317794799805,True
64,dram,data/train_canonical/ref_0064.png,data/train_canonical/search_0064.png,489.05,463.49,39,10.447,5.03,10.99,-0.37,0.23,0.52,425.5,103.5,0.0,0.0018,0.995,1.107,488.5,534.5,71.01212994974871,0.15034079551696777,True,4,492.0,620.0,156.53779926905833,0.045937299728393555,True
65,finfet,data/train_canonical/ref_0065.png,data/train_canonical/search_0065.png,368.98,439.23,25,10.15,4.13,10.99,0.7,0.28,0.47,495.7,161.6,0.486,0.0,1.012,0.98,499.0,547.0,168.87739132281737,0.19782471656799316,True,10,372.0,444.0,5.645644338780094,0.0451807975769043,True
66,finfet,data/train_canonical/ref_0066.png,data/train_canonical/search_0066.png,389.88,556.8,30,9.37,4.17,12.58,-2.26,0.21,0.77,350.7,97.1,0.0,0.0,0.947,0.868,548.5,556.5,158.62028369663193,0.19925880432128906,True,7,388.0,556.0,2.043134846259519,0.04654407501220703,True
67,finfet,data/train_canonical/ref_0067.png,data/train_canonical/search_0067.png,520.71,515.11,29,9.47,6.88,13.15,-0.75,0.23,0.79,571.3,139.5,0.0,0.0,1.079,1.067,520.5,515.5,0.44294469180700724,0.21276211738586426,True,10,524.0,516.0,3.4082546853191205,0.043675899505615234,True
68,finfet,data/train_canonical/ref_0068.png,data/train_canonical/search_0068.png,418.14,555.53,22,9.557,4.46,14.27,-2.87,0.48,0.8,448.0,82.7,0.766,0.0,0.982,1.12,418.5,490.5,65.03099645553647,0.17856645584106445,True,9,420.0,556.0,1.9184629264075124,0.046205997467041016,True
69,dram,data/train_canonical/ref_0069.png,data/train_canonical/search_0069.png,415.05,470.14,41,10.11,4.5,12.86,0.78,0.49,0.83,563.1,154.1,0.0,0.0,1.052,1.139,512.0,470.0,96.95010108297978,0.18953824043273926,False,3,420.0,380.0,90.27581126747074,0.05677676200866699,True
70,finfet,data/train_canonical/ref_0070.png,data/train_canonical/search_0070.png,513.64,602.47,29,9.129,6.41,17.48,2.69,0.25,0.85,590.1,123.6,0.0,0.0,0.904,1.119,513.5,492.5,109.97008911517716,0.21771931648254395,False,6,516.0,604.0,2.812561110447199,0.04876542091369629,True
71,finfet,data/train_canonical/ref_0071.png,data/train_canonical/search_0071.png,529.69,503.77,24,10.533,7.29,17.44,0.12,0.32,0.84,548.6,95.8,0.621,0.0,0.947,1.147,529.5,503.5,0.3301514803844001,0.19481158256530762,True,10,532.0,508.0,4.819647289999539,0.04426145553588867,True
72,dram,data/train_canonical/ref_0072.png,data/train_canonical/search_0072.png,614.75,532.93,39,10.022,6.42,17.64,0.03,0.37,0.84,565.6,180.9,0.0,0.0,0.955,1.068,467.0,533.0,147.75001658206338,0.20144271850585938,False,2,620.0,540.0,8.806100158412956,0.04104423522949219,True
73,finfet,data/train_canonical/ref_0073.png,data/train_canonical/search_0073.png,410.22,433.38,24,10.624,5.85,14.64,0.48,0.26,0.88,571.5,135.2,0.0,0.0,1.038,0.98,410.5,433.5,0.30463092423453303,0.16519594192504883,True,7,412.0,436.0,3.1674595498600966,0.04054546356201172,True
74,dram,data/train_canonical/ref_0074.png,data/train_canonical/search_0074.png,520.63,560.27,43,9.46,7.21,12.5,1.59,0.6,0.61,596.1,94.1,0.0,0.0,0.962,0.908,520.5,560.5,0.2641968962724717,0.21372032165527344,True,7,524.0,564.0,5.026907598116377,0.04882192611694336,True
75,finfet,data/train_canonical/ref_0075.png,data/train_canonical/search_0075.png,425.23,541.05,26,10.265,6.01,15.49,-1.12,0.46,0.89,414.9,150.5,0.0,0.0,0.958,0.895,425.5,487.5,53.55068066794291,0.17016100883483887,True,7,428.0,540.0,2.9623301639081023,0.04752635955810547,True
76,dram,data/train_canonical/ref_0076.png,data/train_canonical/search_0076.png,485.34,451.91,40,9.931,7.93,11.84,-2.34,0.37,0.46,318.8,109.4,0.0,0.0,0.996,1.055,485.0,452.0,0.35171010790134893,0.19776654243469238,True,3,484.0,452.0,1.343018987207526,0.05204319953918457,True
77,dram,data/train_canonical/ref_0077.png,data/train_canonical/search_0077.png,608.76,508.3,42,9.646,4.69,11.6,-2.36,0.41,0.6,352.7,189.7,0.578,0.0,0.986,0.952,460.5,508.5,148.2601348980905,0.1999969482421875,True,6,612.0,500.0,8.909971941594444,0.05715060234069824,True
78,dram,data/train_canonical/ref_0078.png,data/train_canonical/search_0078.png,476.84,391.63,36,9.66,6.01,13.12,0.89,0.25,0.61,588.3,198.2,0.0,0.0007,1.093,0.958,476.5,492.5,100.87057301314393,0.19316506385803223,True,6,476.0,388.0,3.7259227045122563,0.05741453170776367,True
79,finfet,data/train_canonical/ref_0079.png,data/train_canonical/search_0079.png,379.78,500.22,26,10.072,4.33,14.32,-0.88,0.45,0.85,543.9,178.2,0.0,0.0,1.064,1.015,542.0,500.0,162.22014918005718,0.1958329677581787,True,6,380.0,500.0,0.3111269837221195,0.04738950729370117,True
80,finfet,data/train_canonical/ref_0080.png,data/train_canonical/search_0080.png,560.27,523.4,25,9.14,6.27,16.56,-1.78,0.34,0.62,544.3,102.5,0.0,0.0,1.007,1.016,560.5,523.5,0.2507987240797148,0.2214207649230957,True,8,564.0,524.0,3.777949179118237,0.046087026596069336,True
81,finfet,data/train_canonical/ref_0081.png,data/train_canonical/search_0081.png,408.09,629.91,30,10.152,7.83,14.49,1.58,0.28,0.45,411.3,91.9,0.0,0.0,1.084,0.869,408.0,515.0,114.91003524496888,0.20473313331604004,False,6,412.0,628.0,4.351574427721543,0.04418683052062988,True
82,finfet,data/train_canonical/ref_0082.png,data/train_canonical/search_0082.png,397.54,606.65,26,10.985,5.48,13.43,2.14,0.51,0.71,500.9,96.1,0.338,0.0,1.01,0.863,397.5,506.5,100.15000798801763,0.19168925285339355,True,14,396.0,612.0,5.56723450197675,0.045235633850097656,True
83,finfet,data/train_canonical/ref_0083.png,data/train_canonical/search_0083.png,469.72,498.18,24,10.821,5.99,13.17,-2.01,0.36,0.53,498.4,186.2,0.515,0.0,1.041,0.922,469.5,498.5,0.3883297567789618,0.20148086547851562,True,6,468.0,500.0,2.504156544627366,0.044443368911743164,True
84,finfet,data/train_canonical/ref_0084.png,data/train_canonical/search_0084.png,555.2,618.0,23,10.494,6.06,12.4,2.31,0.31,0.59,591.9,187.9,0.42,0.0,0.915,0.971,555.5,483.5,134.5003345720746,0.20963072776794434,False,8,556.0,620.0,2.1540659228537846,0.047991037368774414,True
85,finfet,data/train_canonical/ref_0085.png,data/train_canonical/search_0085.png,541.88,394.39,20,10.632,6.53,17.42,0.56,0.23,0.59,548.6,100.7,0.446,0.0,1.077,1.078,541.5,519.5,125.11057709082795,0.20232701301574707,True,14,772.0,396.0,230.125631992614,0.04924964904785156,True
86,finfet,data/train_canonical/ref_0086.png,data/train_canonical/search_0086.png,426.28,624.92,24,10.789,4.11,12.89,-0.36,0.38,0.75,463.0,184.4,0.0,0.0025,0.934,0.863,426.5,502.5,122.42019767995798,0.18817687034606934,False,11,428.0,628.0,3.5277188096559433,0.04557371139526367,True
87,finfet,data/train_canonical/ref_0087.png,data/train_canonical/search_0087.png,434.26,501.15,26,10.673,5.83,17.34,-2.0,0.24,0.83,486.2,101.1,0.0,0.0,1.006,1.055,434.5,501.5,0.42438190347848276,0.20743989944458008,True,9,436.0,500.0,2.085689334488715,0.048415184020996094,True
88,dram,data/train_canonical/ref_0088.png,data/train_canonical/search_0088.png,554.68,548.51,37,10.361,4.04,10.36,2.13,0.35,0.45,390.4,113.7,0.402,0.0,1.063,1.116,554.5,548.5,0.18027756377314902,0.21065425872802734,True,8,556.0,692.0,143.4960713747941,0.05313849449157715,True
89,dram,data/train_canonical/ref_0089.png,data/train_canonical/search_0089.png,495.38,511.54,36,9.841,5.07,15.94,1.33,0.46,0.69,329.9,106.0,0.0,0.0,0.938,0.916,495.0,511.0,0.6603029607687813,0.19199800491333008,False,3,748.0,516.0,252.65936752869467,0.050852298736572266,True
90,finfet,data/train_canonical/ref_0090.png,data/train_canonical/search_0090.png,540.08,572.77,26,9.393,7.61,10.63,0.93,0.42,0.61,504.4,105.1,0.0,0.0,1.062,0.989,540.5,467.5,105.27083784220584,0.19931387901306152,True,7,548.0,572.0,7.95734252121896,0.04485726356506348,True
91,finfet,data/train_canonical/ref_0091.png,data/train_canonical/search_0091.png,606.39,599.51,20,10.323,5.47,14.58,-0.13,0.54,0.84,471.5,183.9,0.691,0.0,1.042,1.061,497.0,535.0,126.99492982005225,0.2015674114227295,True,11,604.0,500.0,99.53869699770034,0.058133840560913086,True
92,finfet,data/train_canonical/ref_0092.png,data/train_canonical/search_0092.png,619.77,583.65,30,10.41,6.61,15.68,-2.35,0.59,0.58,569.0,83.9,0.339,0.0,1.022,0.977,426.5,516.5,204.60306791443767,0.1996593475341797,True,7,628.0,692.0,108.66211575337564,0.07950997352600098,True
93,finfet,data/train_canonical/ref_0093.png,data/train_canonical/search_0093.png,386.4,580.9,30,10.73,6.89,13.42,2.13,0.21,0.77,464.8,169.7,0.0,0.0,1.02,1.06,550.5,484.5,190.32017759554557,0.1908867359161377,True,7,388.0,580.0,1.8357559750685906,0.05250382423400879,True
94,dram,data/train_canonical/ref_0094.png,data/train_canonical/search_0094.png,529.5,572.11,41,10.748,4.72,16.5,-0.71,0.41,0.65,331.0,152.5,0.0,0.001,0.912,0.935,529.5,572.5,0.38999999999998636,0.21109652519226074,True,6,532.0,572.0,2.5024188298524295,0.046382904052734375,True
95,finfet,data/train_canonical/ref_0095.png,data/train_canonical/search_0095.png,630.29,436.79,20,9.741,6.94,11.6,0.09,0.31,0.49,503.8,198.7,0.0,0.0,0.931,0.977,477.0,468.0,156.43493279955084,0.1719353199005127,False,9,628.0,436.0,2.4224367896809746,0.0401606559753418,True
96,finfet,data/train_canonical/ref_0096.png,data/train_canonical/search_0096.png,405.96,521.48,27,9.323,7.94,13.85,0.42,0.24,0.6,307.9,190.0,0.0,0.0,1.084,0.884,405.5,521.5,0.46043457732883225,0.1548302173614502,True,10,404.0,524.0,3.1924911902775595,0.04277443885803223,True
97,dram,data/train_canonical/ref_0097.png,data/train_canonical/search_0097.png,513.9,364.33,40,10.724,4.31,17.76,1.84,0.37,0.73,456.4,134.4,0.0,0.0009,0.933,0.994,513.5,520.5,156.17051226143815,0.19834327697753906,True,11,516.0,364.0,2.1257704485668447,0.047972917556762695,True
98,finfet,data/train_canonical/ref_0098.png,data/train_canonical/search_0098.png,499.4,529.2,29,10.234,7.15,15.6,0.14,0.33,0.41,535.7,151.4,0.0,0.0,1.011,0.893,498.5,565.5,36.31115531073057,0.19742822647094727,True,10,764.0,532.0,264.61481440010124,0.04387307167053223,True
99,finfet,data/train_canonical/ref_0099.png,data/train_canonical/search_0099.png,427.01,369.85,30,10.461,7.35,17.8,-0.82,0.25,0.55,446.6,103.2,0.0,0.0,0.984,1.034,427.5,501.5,131.65091188442256,0.19136595726013184,True,6,428.0,372.0,2.366981199756331,0.049477338790893555,True
100,finfet,data/train_canonical/ref_0100.png,data/train_canonical/search_0100.png,594.24,628.03,28,10.743,4.66,14.12,2.3,0.55,0.41,390.2,113.2,0.0,0.0,0.997,1.067,594.5,477.5,150.5302245397913,0.19258475303649902,False,10,596.0,628.0,1.7602556632489401,0.04483819007873535,True
101,finfet,data/train_canonical/ref_0101.png,data/train_canonical/search_0101.png,403.15,523.78,23,10.512,5.05,15.72,0.12,0.57,0.62,548.0,153.1,0.0,0.0,0.968,0.98,403.5,523.5,0.4482186966203001,0.21758651733398438,True,10,404.0,524.0,0.8780091115700626,0.04005146026611328,True
102,dram,data/train_canonical/ref_0102.png,data/train_canonical/search_0102.png,577.26,545.15,37,10.59,7.54,15.01,1.06,0.58,0.66,424.6,156.0,0.626,0.0,1.049,1.143,577.5,545.5,0.42438190347848276,0.21141958236694336,False,8,580.0,548.0,3.953492127221222,0.05496096611022949,True
103,dram,data/train_canonical/ref_0103.png,data/train_canonical/search_0103.png,509.14,442.47,37,10.875,4.38,12.14,0.02,0.56,0.89,549.7,199.7,0.0,0.0009,1.03,0.915,509.5,442.5,0.3612478373637802,0.19631052017211914,True,5,508.0,444.0,1.9080094339389115,0.04304194450378418,True
104,finfet,data/train_canonical/ref_0104.png,data/train_canonical/search_0104.png,533.59,569.33,22,10.379,4.64,14.73,0.98,0.23,0.88,418.1,164.2,0.0,0.0016,0.932,0.999,533.5,569.5,0.19235384061669217,0.19014596939086914,True,7,532.0,308.0,261.33483694295336,0.043370723724365234,True
105,dram,data/train_canonical/ref_0105.png,data/train_canonical/search_0105.png,611.87,626.9,35,9.777,7.97,16.01,2.02,0.48,0.43,517.9,150.6,0.0,0.0,0.939,1.141,495.5,483.5,184.67684451495265,0.19246339797973633,False,7,612.0,628.0,1.1076551810017632,0.04687952995300293,True
106,dram,data/train_canonical/ref_0106.png,data/train_canonical/search_0106.png,616.58,399.84,42,10.201,6.84,17.49,-2.63,0.56,0.55,448.0,194.7,0.0,0.0,0.945,0.97,501.0,400.0,115.58011074575076,0.19493627548217773,True,5,620.0,404.0,5.385350499271141,0.0464932918548584,True
107,dram,data/train_canonical/ref_0107.png,data/train_canonical/search_0107.png,507.47,624.02,45,10.862,4.77,11.61,2.02,0.24,0.7,412.6,83.4,0.0,0.0,1.036,0.918,507.5,507.5,116.52000386199785,0.20162439346313477,True,4,508.0,628.0,4.015133870744551,0.05002713203430176,True
108,dram,data/train_canonical/ref_0108.png,data/train_canonical/search_0108.png,594.97,397.67,36,10.086,6.17,16.35,-1.55,0.4,0.48,343.9,146.7,0.0,0.0,0.918,0.931,453.5,398.5,141.47243477087687,0.19705748558044434,True,9,596.0,396.0,1.9620907216538173,0.04982113838195801,True
109,dram,data/train_canonical/ref_0109.png,data/train_canonical/search_0109.png,482.05,406.93,37,10.768,4.72,17.58,-1.94,0.51,0.46,304.9,176.2,0.789,0.0,1.081,0.926,492.5,406.5,10.458843148264522,0.2177729606628418,True,10,492.0,412.0,11.167246751102068,0.053873300552368164,True
110,dram,data/train_canonical/ref_0110.png,data/train_canonical/search_0110.png,499.99,587.78,38,10.502,6.84,12.99,0.13,0.45,0.67,470.7,91.5,0.0,0.0027,1.051,0.946,499.5,587.5,0.5643580423808928,0.1689302921295166,True,6,500.0,588.0,0.22022715545547925,0.050606489181518555,True
111,dram,data/train_canonical/ref_0111.png,data/train_canonical/search_0111.png,523.75,455.33,40,9.997,7.0,13.97,1.08,0.55,0.67,414.2,99.8,0.487,0.0023,0.92,0.931,524.0,455.0,0.4140048308896763,0.15477204322814941,True,5,524.0,460.0,4.676686861443702,0.050702810287475586,True
112,finfet,data/train_canonical/ref_0112.png,data/train_canonical/search_0112.png,598.33,489.15,22,9.388,7.82,17.73,1.58,0.49,0.75,319.1,93.6,0.0,0.0,1.012,1.06,597.5,489.5,0.9007774419911302,0.1898794174194336,True,13,596.0,492.0,3.681222622988227,0.0450596809387207,True
113,dram,data/train_canonical/ref_0113.png,data/train_canonical/search_0113.png,491.42,525.89,37,9.631,5.9,12.1,1.81,0.39,0.41,408.4,172.5,0.744,0.0,0.982,0.966,491.5,525.5,0.3981205847478711,0.19916200637817383,True,9,492.0,524.0,1.9769926656414105,0.04392099380493164,True
114,finfet,data/train_canonical/ref_0114.png,data/train_canonical/search_0114.png,562.12,509.75,28,10.903,4.47,14.97,-2.56,0.58,0.48,522.2,193.1,0.0,0.0,0.919,1.037,562.5,509.5,0.4548626166217625,0.19370317459106445,True,9,564.0,508.0,2.5684431081883017,0.04520225524902344,True
115,dram,data/train_canonical/ref_0115.png,data/train_canonical/search_0115.png,613.44,472.17,44,9.202,6.14,12.07,0.63,0.38,0.57,327.6,114.5,0.583,0.0,0.947,0.894,512.5,471.5,100.942223573686,0.22610831260681152,True,6,620.0,476.0,7.596216163327579,0.046639442443847656,True
116,finfet,data/train_canonical/ref_0116.png,data/train_canonical/search_0116.png,524.84,595.32,28,9.492,7.75,10.32,-2.95,0.33,0.41,502.1,104.0,0.0,0.0,0.911,1.006,524.5,595.5,0.38470768123343163,0.20772480964660645,True,8,524.0,596.0,1.0807404868884969,0.0455625057220459,True
117,finfet,data/train_canonical/ref_0117.png,data/train_canonical/search_0117.png,376.18,515.92,27,10.849,4.12,13.62,-2.92,0.27,0.77,539.0,132.5,0.0,0.0,0.91,1.148,519.5,515.5,143.32061540476303,0.20257115364074707,False,9,380.0,516.0,3.8208376045050585,0.045144081115722656,True
118,finfet,data/train_canonical/ref_0118.png,data/train_canonical/search_0118.png,456.31,507.69,26,9.965,7.38,12.36,0.59,0.31,0.7,393.6,120.2,0.0,0.0,1.091,0.887,456.0,508.0,0.4384062043356627,0.18546319007873535,True,12,468.0,508.0,11.694109628355635,0.04747295379638672,True
119,dram,data/train_canonical/ref_0119.png,data/train_canonical/search_0119.png,631.28,391.57,45,9.779,4.05,16.02,0.81,0.57,0.85,556.0,179.8,0.617,0.0008,0.953,0.935,451.5,439.5,186.05948860512328,0.18678522109985352,False,4,628.0,292.0,99.62400965630724,0.04353976249694824,True
120,finfet,data/train_canonical/ref_0120.png,data/train_canonical/search_0120.png,386.61,539.02,30,9.146,7.11,12.9,-2.24,0.42,0.48,307.1,156.3,0.0,0.0,0.915,1.13,481.5,539.5,94.89121402954015,0.1989741325378418,False,6,388.0,436.0,103.02937687863592,0.04798698425292969,True
121,dram,data/train_canonical/ref_0121.png,data/train_canonical/search_0121.png,590.47,453.72,37,10.559,4.46,12.72,0.23,0.54,0.42,559.5,146.0,0.0,0.0006,0.96,0.884,590.5,453.5,0.2220360331117685,0.1719963550567627,True,5,588.0,452.0,3.00986710670093,0.046996355056762695,True
122,finfet,data/train_canonical/ref_0122.png,data/train_canonical/search_0122.png,378.79,597.84,24,10.623,5.27,17.1,-0.43,0.59,0.61,343.3,119.5,0.0,0.0,0.937,1.104,512.5,445.5,202.69642251406412,0.1909792423248291,True,11,380.0,604.0,6.277714552287286,0.04548978805541992,True
123,finfet,data/train_canonical/ref_0123.png,data/train_canonical/search_0123.png,590.48,616.2,23,9.254,4.52,15.44,-0.02,0.52,0.69,471.4,194.2,0.308,0.0015,0.997,0.986,590.5,482.5,133.70000149588637,0.22703886032104492,False,7,596.0,620.0,6.701522215138845,0.04143881797790527,True
124,dram,data/train_canonical/ref_0124.png,data/train_canonical/search_0124.png,437.84,412.56,43,10.796,4.56,14.39,-2.94,0.54,0.47,497.4,194.4,0.633,0.0,1.083,0.939,437.5,412.5,0.34525353003261716,0.22605633735656738,True,6,436.0,420.0,7.664150311678384,0.04970407485961914,True
125,dram,data/train_canonical/ref_0125.png,data/train_canonical/search_0125.png,381.0,398.97,44,9.738,5.92,12.48,-2.69,0.37,0.86,304.2,104.7,0.0,0.0,1.056,1.119,551.5,490.5,193.51483379834218,0.2104053497314453,False,7,380.0,404.0,5.128440308709825,0.05210518836975098,True
126,dram,data/train_canonical/ref_0126.png,data/train_canonical/search_0126.png,409.06,451.28,40,10.847,4.28,14.96,1.63,0.46,0.71,433.3,126.1,0.64,0.0012,0.981,0.974,549.5,451.5,140.4401723154739,0.22097063064575195,True,4,412.0,396.0,55.3581249682465,0.04798078536987305,True
127,finfet,data/train_canonical/ref_0127.png,data/train_canonical/search_0127.png,601.66,537.09,26,10.531,4.23,13.8,-0.85,0.53,0.64,548.7,195.6,0.51,0.0,1.062,0.912,601.5,485.5,51.59024810950228,0.20297765731811523,True,11,604.0,540.0,3.734126403859404,0.04401087760925293,True
128,dram,data/train_canonical/ref_0128.png,data/train_canonical/search_0128.png,404.54,477.21,37,9.329,6.74,10.4,-0.03,0.38,0.64,403.6,157.6,0.0,0.0011,1.047,0.932,404.5,476.5,0.7111258679024217,0.1899433135986328,True,3,404.0,476.0,1.3250283015845257,0.04197812080383301,True
129,dram,data/train_canonical/ref_0129.png,data/train_canonical/search_0129.png,570.34,536.57,43,9.268,4.72,16.22,1.56,0.55,0.44,585.5,179.9,0.545,0.0,0.992,1.136,468.5,536.5,101.84002405734205,0.20532727241516113,False,7,572.0,540.0,3.810577384071809,0.04773283004760742,True
130,finfet,data/train_canonical/ref_0130.png,data/train_canonical/search_0130.png,388.26,514.72,22,10.13,5.22,10.91,-2.76,0.41,0.58,598.3,174.6,0.514,0.0,0.937,1.021,496.0,561.0,117.25931093094484,0.2392716407775879,True,6,388.0,516.0,1.306139349380427,0.05286431312561035,True
131,finfet,data/train_canonical/ref_0131.png,data/train_canonical/search_0131.png,603.23,398.55,29,10.363,6.05,10.72,2.68,0.31,0.88,389.7,179.1,0.0,0.0,1.056,1.016,602.5,398.5,0.7317103251970877,0.2076418399810791,True,15,604.0,404.0,5.50412572530823,0.04953408241271973,True
132,finfet,data/train_canonical/ref_0132.png,data/train_canonical/search_0132.png,468.59,478.41,24,9.479,7.1,16.08,-0.48,0.25,0.52,385.8,113.5,0.0,0.0,1.046,0.98,468.5,478.5,0.1272792206135432,0.19239234924316406,True,10,468.0,476.0,2.4811690792850234,0.04373502731323242,True
133,dram,data/train_canonical/ref_0133.png,data/train_canonical/search_0133.png,518.85,581.05,38,10.45,6.1,14.99,0.19,0.43,0.9,493.6,194.2,0.0,0.0016,0.971,1.014,518.5,577.5,3.567211796347351,0.19953179359436035,True,4,516.0,580.0,3.0372685096974936,0.044287919998168945,True
134,finfet,data/train_canonical/ref_0134.png,data/train_canonical/search_0134.png,611.61,506.66,24,9.405,5.47,16.68,1.68,0.56,0.61,572.6,180.5,0.0,0.0,1.032,0.876,591.5,506.5,20.11063648918155,0.19020915031433105,True,6,612.0,508.0,1.3956002292920142,0.04262495040893555,True
135,finfet,data/train_canonical/ref_0135.png,data/train_canonical/search_0135.png,605.39,539.6,20,10.745,4.85,16.72,-0.43,0.49,0.54,340.4,164.4,0.0,0.0022,0.931,1.067,514.5,539.5,90.89005501153576,0.18422245979309082,False,14,604.0,556.0,16.458800077769922,0.04132342338562012,True
136,finfet,data/train_canonical/ref_0136.png,data/train_canonical/search_0136.png,541.49,455.89,30,10.07,6.47,12.8,1.51,0.29,0.45,311.0,174.4,0.0,0.0018,0.926,1.018,541.0,456.0,0.5021951811796006,0.18703317642211914,True,7,540.0,460.0,4.371750221593194,0.04181790351867676,True
137,dram,data/train_canonical/ref_0137.png,data/train_canonical/search_0137.png,462.18,579.0,36,9.408,4.06,15.78,2.0,0.31,0.43,320.9,145.2,0.0,0.0,1.047,1.037,462.5,578.5,0.5936328831862295,0.21913790702819824,True,5,460.0,580.0,2.398416144041736,0.04924416542053223,True
138,finfet,data/train_canonical/ref_0138.png,data/train_canonical/search_0138.png,543.2,532.62,22,9.45,5.24,13.0,0.12,0.41,0.54,316.9,147.9,0.0,0.0,0.904,1.132,543.5,532.5,0.3231098884280297,0.21095561981201172,True,8,548.0,532.0,4.839876031470183,0.04256129264831543,True
139,dram,data/train_canonical/ref_0139.png,data/train_canonical/search_0139.png,401.13,502.22,39,9.279,7.56,15.75,1.56,0.29,0.67,535.3,168.4,0.0,0.0007,1.099,0.889,489.5,501.5,88.3729330734247,0.20309162139892578,True,4,404.0,508.0,6.453316976563271,0.0459294319152832,True
140,dram,data/train_canonical/ref_0140.png,data/train_canonical/search_0140.png,382.17,497.53,39,10.749,6.47,15.98,-1.16,0.42,0.59,351.4,116.5,0.0,0.0022,0.934,0.932,476.5,497.5,94.33000477048644,0.2047116756439209,False,8,388.0,500.0,6.331650653660541,0.04523825645446777,True
141,dram,data/train_canonical/ref_0141.png,data/train_canonical/search_0141.png,508.9,529.32,45,9.399,7.71,17.44,-1.24,0.52,0.75,338.6,158.3,0.74,0.0,0.935,1.0,508.5,529.5,0.43863424398918494,0.19760847091674805,True,7,516.0,532.0,7.588965673924218,0.046862125396728516,True
142,finfet,data/train_canonical/ref_0142.png,data/train_canonical/search_0142.png,414.68,616.31,25,9.969,6.74,13.36,0.68,0.3,0.48,336.4,111.6,0.0,0.0,0.976,0.863,415.0,491.0,125.3104085860388,0.1848294734954834,False,9,420.0,620.0,6.474449783572371,0.03896737098693848,True
143,finfet,data/train_canonical/ref_0143.png,data/train_canonical/search_0143.png,481.09,421.55,29,9.036,6.7,13.3,2.64,0.55,0.57,497.1,175.2,0.0,0.001,1.062,1.093,480.5,421.5,0.5921148537234745,0.22612738609313965,True,6,484.0,420.0,3.2970592957968137,0.04384946823120117,True
144,finfet,data/train_canonical/ref_0144.png,data/train_canonical/search_0144.png,594.43,423.56,27,9.153,7.33,16.1,2.32,0.28,0.86,517.0,158.2,0.799,0.0,0.901,0.85,594.5,544.5,120.94002025797747,0.20918655395507812,True,10,596.0,428.0,4.709405482648541,0.04569292068481445,True
145,dram,data/train_canonical/ref_0145.png,data/train_canonical/search_0145.png,493.11,438.83,36,10.758,4.45,10.36,-0.04,0.29,0.79,309.3,172.8,0.0,0.0,1.085,0.921,492.5,438.5,0.6935416353759926,0.2006378173828125,True,6,372.0,444.0,121.22029945516552,0.04539012908935547,True
146,dram,data/train_canonical/ref_0146.png,data/train_canonical/search_0146.png,588.97,491.6,44,10.773,5.47,10.38,1.06,0.52,0.77,432.3,163.2,0.0,0.0,1.037,0.997,470.5,491.5,118.4700422047701,0.1689894199371338,False,9,468.0,492.0,120.97066131918105,0.04516291618347168,True
147,finfet,data/train_canonical/ref_0147.png,data/train_canonical/search_0147.png,400.65,590.93,23,10.396,7.15,16.41,0.28,0.45,0.42,551.7,136.0,0.633,0.0,0.95,1.131,400.5,489.5,101.4301109138701,0.19373369216918945,True,11,404.0,588.0,4.450550527743715,0.040602684020996094,True
148,dram,data/train_canonical/ref_0148.png,data/train_canonical/search_0148.png,375.13,468.38,42,10.263,4.08,11.22,-2.46,0.54,0.56,312.5,200.0,0.0,0.0,1.091,0.984,531.0,468.0,155.87046320583,0.17453384399414062,True,5,380.0,468.0,4.884802964296517,0.048233985900878906,True
149,finfet,data/train_canonical/ref_0149.png,data/train_canonical/search_0149.png,406.4,474.25,20,9.227,5.5,15.51,1.15,0.59,0.41,341.1,163.1,0.0,0.0,1.017,1.06,407.5,474.5,1.12805141726787,0.1913013458251953,True,6,404.0,476.0,2.970269348055811,0.04234719276428223,True
150,dram,data/train_canonical/ref_0150.png,data/train_canonical/search_0150.png,507.2,573.77,43,10.049,4.92,11.76,1.76,0.51,0.9,405.1,170.8,0.0,0.0,0.901,1.016,507.0,574.0,0.3047950130825697,0.19480252265930176,True,6,508.0,652.0,78.23409039542803,0.048938751220703125,True
151,finfet,data/train_canonical/ref_0151.png,data/train_canonical/search_0151.png,512.37,619.86,21,10.549,7.66,16.62,-0.57,0.36,0.67,356.1,149.2,0.0,0.0006,1.063,1.072,512.5,479.5,140.36006020232395,0.22976446151733398,False,7,516.0,620.0,3.6326987213365167,0.0420689582824707,False
152,dram,data/train_canonical/ref_0152.png,data/train_canonical/search_0152.png,459.11,409.11,45,9.02,5.15,10.48,-0.38,0.37,0.47,420.4,111.4,0.0,0.0006,1.041,0.975,518.5,409.5,59.39128050480136,0.21637558937072754,False,10,460.0,412.0,3.0239378300487427,0.047240257263183594,True
153,finfet,data/train_canonical/ref_0153.png,data/train_canonical/search_0153.png,601.75,551.71,20,9.732,7.59,17.51,0.55,0.32,0.48,525.0,129.0,0.0,0.0,0.992,1.086,467.5,551.5,134.25016424570958,0.19100356101989746,True,12,604.0,548.0,4.338963009752477,0.046976327896118164,True
154,dram,data/train_canonical/ref_0154.png,data/train_canonical/search_0154.png,529.08,516.5,37,10.097,7.91,17.2,-1.36,0.42,0.82,487.1,150.2,0.0,0.0,0.905,1.03,529.0,517.0,0.506359556046893,0.21825194358825684,True,10,532.0,516.0,2.962498945147451,0.050073862075805664,True
155,dram,data/train_canonical/ref_0155.png,data/train_canonical/search_0155.png,470.53,580.73,35,9.374,7.94,13.06,2.79,0.2,0.87,414.2,177.5,0.0,0.0,1.039,1.117,526.5,580.5,55.97047257259852,0.20325899124145508,True,3,484.0,764.0,183.7643431136737,0.05051374435424805,True
156,finfet,data/train_canonical/ref_0156.png,data/train_canonical/search_0156.png,451.68,525.16,21,10.629,6.51,16.6,-2.52,0.54,0.58,566.3,137.0,0.0,0.0,1.062,1.01,451.5,525.5,0.3847076812334582,0.20582175254821777,False,7,452.0,524.0,1.2033287165192734,0.05083751678466797,True
157,dram,data/train_canonical/ref_0157.png,data/train_canonical/search_0157.png,417.15,367.0,39,9.752,6.72,17.79,-2.0,0.52,0.64,479.5,155.5,0.0,0.0026,1.002,0.997,417.0,455.0,88.00012784081623,0.20584797859191895,True,6,420.0,372.0,5.7552150263912925,0.05328178405761719,True
158,dram,data/train_canonical/ref_0158.png,data/train_canonical/search_0158.png,449.49,396.9,39,9.68,4.03,13.83,-2.48,0.41,0.57,553.8,186.3,0.0,0.0,1.065,0.985,449.5,441.5,44.60000112107624,0.2256176471710205,True,3,452.0,396.0,2.666477076593743,0.05055499076843262,True
159,finfet,data/train_canonical/ref_0159.png,data/train_canonical/search_0159.png,624.74,415.5,23,9.439,7.68,14.32,2.94,0.5,0.6,475.0,186.4,0.427,0.0,0.985,0.927,529.5,415.5,95.24000000000001,0.21185946464538574,True,8,628.0,420.0,5.556761646858711,0.04578757286071777,True
160,dram,data/train_canonical/ref_0160.png,data/train_canonical/search_0160.png,598.33,461.99,35,10.121,4.02,12.98,-0.72,0.22,0.82,482.5,176.6,0.0,0.0008,0.994,1.144,598.0,514.0,52.01104690351848,0.19737815856933594,True,3,604.0,684.0,222.08239236823795,0.04233527183532715,True
161,finfet,data/train_canonical/ref_0161.png,data/train_canonical/search_0161.png,522.65,507.38,25,10.085,5.0,11.67,-2.7,0.43,0.44,577.2,179.5,0.0,0.0017,0.927,1.105,523.0,507.0,0.5166236541235917,0.19989728927612305,False,9,524.0,508.0,1.4855638660118475,0.041449785232543945,True
162,dram,data/train_canonical/ref_0162.png,data/train_canonical/search_0162.png,568.81,373.51,39,10.937,7.91,12.88,-2.83,0.43,0.79,347.9,171.5,0.0,0.0,0.956,1.058,568.5,473.5,99.99048054690007,0.21797442436218262,True,6,572.0,380.0,7.231611162113217,0.044881343841552734,True
163,finfet,data/train_canonical/ref_0163.png,data/train_canonical/search_0163.png,589.87,500.32,21,10.509,5.19,14.75,-0.38,0.44,0.72,388.9,168.4,0.0,0.0,0.96,1.141,589.5,500.5,0.41146081222882674,0.19709348678588867,True,9,588.0,500.0,1.8971821209362092,0.038739681243896484,True
164,finfet,data/train_canonical/ref_0164.png,data/train_canonical/search_0164.png,591.65,632.85,20,10.655,5.58,12.93,1.98,0.5,0.69,595.3,162.3,0.0,0.0,1.055,0.919,591.5,555.5,77.35014544265579,0.1913738250732422,False,7,596.0,636.0,5.370754136990452,0.04404425621032715,True
165,dram,data/train_canonical/ref_0165.png,data/train_canonical/search_0165.png,625.84,565.21,40,10.821,5.09,11.24,-0.98,0.31,0.67,335.1,157.5,0.0,0.0,0.966,1.082,444.5,564.5,181.34138992519058,0.2088320255279541,True,4,628.0,572.0,7.125285959173805,0.04435563087463379,True
166,finfet,data/train_canonical/ref_0166.png,data/train_canonical/search_0166.png,599.78,499.43,23,9.447,4.05,12.76,-0.45,0.23,0.8,559.2,160.9,0.0,0.0,1.033,1.093,454.5,499.5,145.28001686398576,0.20983242988586426,True,6,604.0,500.0,4.258321265475424,0.045295000076293945,True
167,finfet,data/train_canonical/ref_0167.png,data/train_canonical/search_0167.png,397.74,507.84,28,9.873,7.48,15.55,-2.32,0.22,0.42,433.0,131.2,0.751,0.0,1.062,1.063,460.0,508.0,62.26020558912409,0.1917259693145752,True,11,404.0,508.0,6.262044394604681,0.047896623611450195,True
168,dram,data/train_canonical/ref_0168.png,data/train_canonical/search_0168.png,540.41,411.01,40,10.486,6.52,15.45,1.11,0.58,0.67,326.5,193.1,0.0,0.0014,1.021,1.108,468.5,411.5,71.91166942854265,0.19027280807495117,True,9,460.0,412.0,80.41609416031093,0.0502934455871582,True
169,dram,data/train_canonical/ref_0169.png,data/train_canonical/search_0169.png,552.72,380.02,36,9.502,6.04,15.52,-0.95,0.33,0.61,571.2,123.0,0.0,0.0,0.962,0.962,552.5,520.5,140.4801722664092,0.20146727561950684,True,8,556.0,380.0,3.280060975042967,0.051046133041381836,True
170,finfet,data/train_canonical/ref_0170.png,data/train_canonical/search_0170.png,474.25,535.21,30,9.482,7.01,11.01,0.03,0.54,0.55,365.0,92.1,0.0,0.0,1.028,1.139,474.5,535.5,0.3828837943815054,0.16802334785461426,True,9,476.0,540.0,5.099666655772674,0.037125587463378906,True
171,finfet,data/train_canonical/ref_0171.png,data/train_canonical/search_0171.png,555.82,418.47,27,9.05,7.69,12.88,-2.17,0.44,0.58,430.5,89.6,0.0,0.0,1.038,1.079,555.5,418.5,0.3214031735998112,0.1705484390258789,True,4,556.0,420.0,1.540551849176099,0.04558968544006348,True
172,finfet,data/train_canonical/ref_0172.png,data/train_canonical/search_0172.png,435.33,479.79,21,10.615,5.52,16.05,0.09,0.38,0.69,420.7,174.0,0.646,0.0,1.059,0.891,435.5,479.5,0.3361547262794579,0.20409083366394043,True,9,436.0,484.0,4.262980178232107,0.04059147834777832,True
173,finfet,data/train_canonical/ref_0173.png,data/train_canonical/search_0173.png,367.45,521.75,25,10.007,6.17,13.96,0.66,0.24,0.6,562.9,102.7,0.0,0.0,1.011,1.084,445.0,522.0,77.55040296478157,0.17670249938964844,False,10,372.0,524.0,5.075923561284203,0.04250597953796387,True
174,finfet,data/train_canonical/ref_0174.png,data/train_canonical/search_0174.png,484.28,425.48,30,9.234,5.99,11.91,-2.73,0.49,0.44,364.1,90.9,0.634,0.0023,0.984,0.884,483.5,495.5,70.0243443382371,0.19847631454467773,True,6,492.0,444.0,20.064615620539552,0.04292583465576172,True
175,finfet,data/train_canonical/ref_0175.png,data/train_canonical/search_0175.png,529.46,538.61,21,10.6,7.66,12.32,-2.85,0.36,0.61,412.3,143.7,0.0,0.0027,0.906,1.102,529.5,538.5,0.11704699910719664,0.15561842918395996,True,4,532.0,540.0,2.895461966595275,0.04669046401977539,True
176,finfet,data/train_canonical/ref_0176.png,data/train_canonical/search_0176.png,404.84,496.86,23,10.639,7.64,12.3,0.21,0.38,0.85,572.4,179.5,0.636,0.001,1.011,0.953,404.5,496.5,0.49517673612559066,0.19634199142456055,True,4,412.0,500.0,7.818260676135088,0.03921866416931152,True
177,finfet,data/train_canonical/ref_0177.png,data/train_canonical/search_0177.png,520.67,607.52,25,10.064,6.24,17.72,0.13,0.26,0.69,542.5,165.8,0.0,0.0,0.978,1.102,521.0,476.0,131.5204140048228,0.18826675415039062,True,9,524.0,420.0,187.54956491551772,0.0419921875,True
178,finfet,data/train_canonical/ref_0178.png,data/train_canonical/search_0178.png,598.08,575.43,29,9.76,5.94,17.68,-0.75,0.46,0.77,546.6,129.1,0.0,0.0,1.031,1.111,598.0,502.0,73.43004357890572,0.18738579750061035,True,10,596.0,580.0,5.021085540000352,0.03973531723022461,True
179,dram,data/train_canonical/ref_0179.png,data/train_canonical/search_0179.png,384.26,602.86,36,10.974,7.99,10.24,-2.54,0.52,0.51,368.2,134.2,0.544,0.0,1.0,0.867,515.5,602.5,131.24049375097613,0.20055341720581055,False,7,388.0,604.0,3.9098849087920784,0.05183219909667969,True
180,dram,data/train_canonical/ref_0180.png,data/train_canonical/search_0180.png,615.37,547.28,40,9.076,7.34,10.06,2.63,0.34,0.76,568.3,92.4,0.0,0.0029,1.019,0.99,593.5,547.5,21.871106510645507,0.20450901985168457,True,7,612.0,548.0,3.4460557163226584,0.04629683494567871,True
181,finfet,data/train_canonical/ref_0181.png,data/train_canonical/search_0181.png,415.58,420.97,27,10.754,4.83,16.12,0.34,0.28,0.75,344.9,164.1,0.0,0.0,1.05,0.906,415.5,493.5,72.53004411966117,0.19467782974243164,True,9,412.0,420.0,3.7090834447340137,0.04033350944519043,True
182,dram,data/train_canonical/ref_0182.png,data/train_canonical/search_0182.png,569.56,393.33,35,9.715,5.94,11.45,1.24,0.5,0.59,562.2,101.1,0.39,0.0,1.064,0.887,569.5,533.5,140.17001284154898,0.20717954635620117,True,5,572.0,396.0,3.6169738732814136,0.046004295349121094,True
183,dram,data/train_canonical/ref_0183.png,data/train_canonical/search_0183.png,599.59,563.42,43,9.982,5.63,17.81,-0.28,0.3,0.42,368.5,157.6,0.515,0.0,0.908,1.148,600.0,563.0,0.5869412236331161,0.19588065147399902,True,7,604.0,564.0,4.447977068286185,0.04358696937561035,True
184,finfet,data/train_canonical/ref_0184.png,data/train_canonical/search_0184.png,493.21,434.73,22,10.86,5.02,15.26,-2.15,0.53,0.88,585.4,109.0,0.0,0.0,0.944,0.93,493.5,493.5,58.770715496750576,0.20157098770141602,True,6,500.0,436.0,6.907749271651385,0.05031394958496094,True
185,dram,data/train_canonical/ref_0185.png,data/train_canonical/search_0185.png,587.63,581.81,41,9.28,7.25,16.18,-0.14,0.25,0.84,356.4,192.8,0.0,0.0,0.932,1.01,587.5,582.5,0.7021395872617311,0.21389150619506836,True,3,588.0,580.0,1.847430648224665,0.04813408851623535,True
186,dram,data/train_canonical/ref_0186.png,data/train_canonical/search_0186.png,479.84,464.76,45,10.012,6.14,15.85,0.79,0.52,0.71,535.1,128.4,0.0,0.0012,1.034,0.948,480.0,465.0,0.2884441020371406,0.19878101348876953,True,6,484.0,468.0,5.272873979150295,0.04440474510192871,True
187,finfet,data/train_canonical/ref_0187.png,data/train_canonical/search_0187.png,527.24,378.86,27,10.513,6.87,13.24,-2.83,0.34,0.89,372.6,124.1,0.0,0.0,0.903,0.994,527.5,519.5,140.640240329715,0.20450496673583984,False,10,532.0,380.0,4.8946092796054606,0.04975318908691406,True
188,dram,data/train_canonical/ref_0188.png,data/train_canonical/search_0188.png,537.4,551.31,39,9.269,4.24,14.16,1.48,0.44,0.81,591.1,154.2,0.327,0.0015,0.961,1.025,537.5,551.5,0.21470910553589775,0.19567275047302246,True,2,540.0,556.0,5.362471445145478,0.04557371139526367,True
189,dram,data/train_canonical/ref_0189.png,data/train_canonical/search_0189.png,428.86,580.53,40,10.206,5.09,14.3,0.93,0.24,0.64,434.6,189.2,0.0,0.0,0.977,0.989,429.0,580.0,0.5481788029465999,0.19568896293640137,True,8,428.0,580.0,1.0101980003939794,0.0505373477935791,True
190,dram,data/train_canonical/ref_0190.png,data/train_canonical/search_0190.png,455.05,562.81,45,9.548,6.68,16.1,1.15,0.49,0.69,357.9,82.3,0.0,0.0,0.906,1.007,455.5,562.5,0.5464430436925297,0.19231295585632324,True,4,460.0,564.0,5.091031329701283,0.050164222717285156,True
191,finfet,data/train_canonical/ref_0191.png,data/train_canonical/search_0191.png,530.7,534.59,30,9.25,6.12,10.47,-1.28,0.57,0.58,396.6,185.8,0.0,0.0,0.902,1.062,531.5,534.5,0.8050465825031078,0.18995904922485352,True,4,532.0,540.0,5.564000359453577,0.039740800857543945,True
192,dram,data/train_canonical/ref_0192.png,data/train_canonical/search_0192.png,561.03,561.67,36,9.49,5.31,13.36,-1.72,0.4,0.76,534.1,115.0,0.0,0.0006,1.046,0.928,561.5,561.5,0.4997999599840037,0.21297574043273926,True,4,564.0,564.0,3.77489072689533,0.043956756591796875,True
193,finfet,data/train_canonical/ref_0193.png,data/train_canonical/search_0193.png,521.06,549.6,23,10.195,7.89,13.43,-0.91,0.43,0.67,346.9,142.9,0.0,0.0,0.935,1.049,521.0,524.0,25.600070312403464,0.19544124603271484,False,6,524.0,548.0,3.347177915797186,0.04472470283508301,True
194,dram,data/train_canonical/ref_0194.png,data/train_canonical/search_0194.png,456.82,455.28,35,9.093,7.97,14.28,-1.67,0.22,0.84,498.2,177.6,0.0,0.0,1.088,1.081,456.5,455.5,0.3883297567789618,0.21142292022705078,True,2,460.0,460.0,5.691291593302903,0.04648089408874512,True
195,dram,data/train_canonical/ref_0195.png,data/train_canonical/search_0195.png,439.5,395.47,45,10.039,7.91,14.35,2.69,0.51,0.79,359.1,89.5,0.41,0.0,0.963,0.863,439.0,490.0,94.53132232228636,0.21249866485595703,True,5,444.0,396.0,4.531103618325227,0.054770708084106445,True
196,finfet,data/train_canonical/ref_0196.png,data/train_canonical/search_0196.png,441.19,608.96,27,9.513,6.19,16.46,2.3,0.28,0.45,465.1,191.7,0.0,0.0,0.909,0.867,441.5,477.5,131.46036550991332,0.17211198806762695,True,10,436.0,612.0,6.014790104400963,0.05534648895263672,True
197,dram,data/train_canonical/ref_0197.png,data/train_canonical/search_0197.png,429.24,596.26,41,10.723,7.55,10.29,2.47,0.51,0.41,390.7,110.5,0.776,0.0,0.956,0.873,429.5,596.5,0.3538361202590822,0.1601111888885498,True,7,436.0,596.0,6.764998152253988,0.04694652557373047,True
198,finfet,data/train_canonical/ref_0198.png,data/train_canonical/search_0198.png,576.37,410.7,24,9.301,4.53,13.78,2.72,0.48,0.74,373.8,126.8,0.0,0.0,0.995,0.958,576.5,410.5,0.23853720883751925,0.20116686820983887,True,9,572.0,412.0,4.55926529168901,0.04725384712219238,True
199,dram,data/train_canonical/ref_0199.png,data/train_canonical/search_0199.png,584.46,432.3,40,10.548,6.19,14.51,1.14,0.57,0.68,414.3,98.2,0.596,0.0,1.036,1.08,584.5,432.5,0.20396078054369313,0.2017369270324707,True,3,588.0,436.0,5.120703076726834,0.05916094779968262,True
200,dram,data/train_canonical/ref_0200.png,data/train_canonical/search_0200.png,465.4,595.04,43,9.125,6.69,12.95,0.27,0.38,0.4,385.9,131.5,0.349,0.0,1.063,1.122,465.5,538.5,56.54008843289862,0.19259095191955566,False,13,468.0,436.0,159.06125109529344,0.0425567626953125,True
201,finfet,data/train_canonical/ref_0201.png,data/train_canonical/search_0201.png,397.92,576.0,25,9.266,5.2,17.6,-0.84,0.56,0.55,416.1,146.0,0.0,0.0,1.019,1.016,534.5,505.5,153.70213531372943,0.2145557403564453,False,8,404.0,748.0,172.10742691702762,0.040871381759643555,True
202,finfet,data/train_canonical/ref_0202.png,data/train_canonical/search_0202.png,568.19,548.55,25,9.47,6.52,14.11,3.0,0.32,0.58,444.9,115.1,0.0,0.0025,0.948,1.062,568.5,548.5,0.31400636936209053,0.221299409866333,True,9,572.0,548.0,3.8494934731727413,0.0420074462890625,True
203,dram,data/train_canonical/ref_0203.png,data/train_canonical/search_0203.png,480.98,598.61,38,9.93,6.56,11.26,1.02,0.21,0.44,374.1,179.2,0.0,0.0,0.918,1.05,481.0,526.0,72.6100027544415,0.17288994789123535,False,4,484.0,596.0,3.9915535822534016,0.04360675811767578,True
204,dram,data/train_canonical/ref_0204.png,data/train_canonical/search_0204.png,408.2,503.11,37,9.008,4.15,15.41,0.81,0.55,0.86,358.8,116.3,0.0,0.0018,0.921,0.938,408.5,503.5,0.4920365840056979,0.20708155632019043,True,7,412.0,508.0,6.192907233279048,0.04428744316101074,True
205,dram,data/train_canonical/ref_0205.png,data/train_canonical/search_0205.png,583.46,484.53,37,9.541,4.7,14.99,-1.1,0.59,0.69,526.4,112.9,0.0,0.0,1.003,0.876,583.5,484.5,0.049999999999954525,0.20604157447814941,True,3,580.0,492.0,8.232405480781463,0.04416322708129883,True
206,finfet,data/train_canonical/ref_0206.png,data/train_canonical/search_0206.png,587.86,514.49,29,10.045,7.99,12.35,-2.03,0.54,0.55,451.8,123.9,0.0,0.0,1.078,1.058,588.0,514.0,0.5096076922496413,0.23305630683898926,True,8,588.0,516.0,1.5164761785138494,0.04405522346496582,True
207,dram,data/train_canonical/ref_0207.png,data/train_canonical/search_0207.png,397.57,614.9,37,10.919,7.1,14.58,0.54,0.49,0.83,579.2,109.3,0.0,0.0,1.061,0.998,397.5,489.5,125.40001953747851,0.21341300010681152,False,11,724.0,620.0,326.4698376573248,0.044269561767578125,True
208,dram,data/train_canonical/ref_0208.png,data/train_canonical/search_0208.png,486.36,484.13,41,9.871,6.36,11.59,1.35,0.4,0.55,599.2,165.8,0.63,0.0,0.949,0.875,486.0,484.0,0.382753184180104,0.19550275802612305,True,4,492.0,484.0,5.641498028006377,0.044565439224243164,True
209,finfet,data/train_canonical/ref_0209.png,data/train_canonical/search_0209.png,496.46,380.0,24,9.437,4.14,16.32,2.61,0.37,0.74,355.5,160.7,0.0,0.0,0.916,0.928,496.5,527.5,147.5000054237287,0.20725178718566895,False,10,500.0,380.0,3.5400000000000205,0.04578042030334473,True
210,dram,data/train_canonical/ref_0210.png,data/train_canonical/search_0210.png,470.03,418.18,45,10.703,6.37,11.96,2.67,0.48,0.53,482.1,170.2,0.703,0.0,1.01,0.987,469.5,418.5,0.6191122676865374,0.19149231910705566,True,2,468.0,420.0,2.7264078931810376,0.04959607124328613,True
211,dram,data/train_canonical/ref_0211.png,data/train_canonical/search_0211.png,473.19,428.08,42,10.243,6.21,10.98,1.45,0.58,0.74,454.7,164.2,0.0,0.0,1.019,0.915,473.0,555.0,126.9201422154892,0.19719505310058594,False,6,476.0,556.0,127.95085970793633,0.0457763671875,True
212,dram,data/train_canonical/ref_0212.png,data/train_canonical/search_0212.png,572.41,523.87,36,9.6,7.21,13.61,2.51,0.41,0.83,371.6,190.5,0.0,0.0,1.004,1.087,572.5,523.5,0.3807886552932074,0.16753816604614258,False,6,572.0,524.0,0.4301162633520996,0.05021071434020996,True
213,finfet,data/train_canonical/ref_0213.png,data/train_canonical/search_0213.png,456.06,517.28,20,10.83,4.85,14.58,3.0,0.33,0.73,573.9,141.5,0.391,0.0,0.908,0.867,456.5,517.5,0.4919349550499639,0.1945333480834961,True,10,460.0,748.0,230.7536391912379,0.04930710792541504,True
214,dram,data/train_canonical/ref_0214.png,data/train_canonical/search_0214.png,519.86,548.82,40,9.737,4.05,11.51,-1.17,0.32,0.74,533.6,105.0,0.0,0.0,1.074,0.878,520.5,548.5,0.7155417527999429,0.19309568405151367,True,3,524.0,548.0,4.220426518730064,0.04775691032409668,True
215,dram,data/train_canonical/ref_0215.png,data/train_canonical/search_0215.png,467.32,604.1,38,10.513,7.52,15.03,2.29,0.28,0.81,587.3,131.9,0.0,0.0,1.088,1.056,467.5,477.5,126.60012796202066,0.221970796585083,True,4,468.0,612.0,7.929211814550022,0.053915977478027344,True
216,dram,data/train_canonical/ref_0216.png,data/train_canonical/search_0216.png,419.45,606.85,45,10.795,7.34,17.74,-0.47,0.42,0.46,494.8,151.5,0.0,0.0,0.926,1.1,419.5,473.5,133.35000937382796,0.2062680721282959,False,7,420.0,604.0,2.902585054740023,0.04844093322753906,True
217,dram,data/train_canonical/ref_0217.png,data/train_canonical/search_0217.png,405.75,441.12,43,9.922,4.22,14.7,-0.54,0.6,0.82,411.0,82.4,0.0,0.0,1.007,0.87,406.0,441.0,0.27730849247724293,0.1978466510772705,True,6,404.0,444.0,3.369999999999996,0.0443727970123291,True
218,finfet,data/train_canonical/ref_0218.png,data/train_canonical/search_0218.png,381.38,403.43,30,9.568,4.09,10.63,-1.33,0.3,0.75,337.4,178.3,0.321,0.0,0.937,1.025,522.5,403.5,141.12001736111003,0.20073819160461426,True,11,388.0,404.0,6.644493961168153,0.04300045967102051,True
219,finfet,data/train_canonical/ref_0219.png,data/train_canonical/search_0219.png,540.53,411.45,26,9.335,6.4,17.17,-0.14,0.51,0.53,479.7,185.6,0.475,0.0005,1.038,0.997,540.5,478.5,67.05000671140907,0.19610118865966797,True,7,540.0,412.0,0.7638062581571216,0.04021620750427246,True
220,finfet,data/train_canonical/ref_0220.png,data/train_canonical/search_0220.png,484.57,622.2,29,10.587,4.64,10.37,2.04,0.23,0.84,425.9,147.4,0.0,0.0,0.959,0.893,484.5,523.5,98.70002482269196,0.1967477798461914,True,5,484.0,628.0,5.827941317480768,0.0491640567779541,True
221,dram,data/train_canonical/ref_0221.png,data/train_canonical/search_0221.png,417.6,371.44,39,10.117,4.46,13.92,2.76,0.49,0.65,343.4,133.5,0.48,0.0,0.945,1.011,418.0,526.0,154.560517597477,0.19649744033813477,False,9,412.0,372.0,5.627930347827721,0.05426669120788574,True
222,dram,data/train_canonical/ref_0222.png,data/train_canonical/search_0222.png,574.86,485.93,44,10.109,6.46,10.77,1.83,0.42,0.83,544.4,108.6,0.0,0.0007,0.97,0.959,588.0,486.0,13.140186452254003,0.19700884819030762,True,9,588.0,484.0,13.280982644367835,0.05162358283996582,True
223,finfet,data/train_canonical/ref_0223.png,data/train_canonical/search_0223.png,368.41,455.65,21,10.282,7.35,12.23,0.22,0.45,0.64,589.1,173.0,0.0,0.0019,1.082,0.88,532.5,455.5,164.09006855992226,0.19933629035949707,True,8,372.0,460.0,5.640088651785539,0.042572021484375,True
224,finfet,data/train_canonical/ref_0224.png,data/train_canonical/search_0224.png,448.09,554.13,26,10.005,5.24,14.58,0.47,0.35,0.69,477.7,152.4,0.0,0.0028,0.958,1.011,448.0,483.0,71.13005693797805,0.19944524765014648,True,3,452.0,556.0,4.334166586553891,0.03886055946350098,True
225,finfet,data/train_canonical/ref_0225.png,data/train_canonical/search_0225.png,389.27,411.75,22,10.543,5.1,12.51,-1.82,0.34,0.56,476.5,141.8,0.0,0.0,0.93,1.106,495.5,411.5,106.23029417261351,0.19270777702331543,False,14,388.0,412.0,1.2943724348115397,0.040198326110839844,True
226,finfet,data/train_canonical/ref_0226.png,data/train_canonical/search_0226.png,459.72,400.07,20,9.371,7.46,11.05,1.25,0.59,0.66,344.8,97.5,0.0,0.0,0.934,0.955,459.5,527.5,127.43018990804337,0.20118355751037598,False,6,460.0,404.0,3.9399619287500784,0.04049277305603027,True
227,finfet,data/train_canonical/ref_0227.png,data/train_canonical/search_0227.png,499.82,400.41,28,10.834,6.33,11.93,1.01,0.59,0.55,358.5,112.9,0.0,0.0,1.014,1.021,499.5,400.5,0.33241540277187986,0.20682787895202637,True,7,500.0,404.0,3.5945097023098747,0.04520678520202637,True
228,dram,data/train_canonical/ref_0228.png,data/train_canonical/search_0228.png,612.52,525.46,37,10.143,5.57,16.91,-0.26,0.3,0.52,332.8,196.5,0.0,0.0,0.923,1.032,525.0,525.0,87.52120885819618,0.19848990440368652,False,7,612.0,524.0,1.5498387012847779,0.039768218994140625,True
229,dram,data/train_canonical/ref_0229.png,data/train_canonical/search_0229.png,600.67,516.08,45,9.043,5.38,12.23,2.19,0.22,0.56,593.8,175.3,0.448,0.0,0.909,0.928,556.5,516.5,44.17199678529369,0.2014307975769043,True,8,604.0,516.0,3.3309608223454505,0.04155683517456055,True
230,dram,data/train_canonical/ref_0230.png,data/train_canonical/search_0230.png,368.08,390.31,41,10.033,7.65,11.73,-2.33,0.23,0.51,308.5,95.8,0.0,0.0,1.024,0.964,569.5,531.5,245.97689424008917,0.2077028751373291,False,7,372.0,396.0,6.909594778277529,0.046906471252441406,True
231,dram,data/train_canonical/ref_0231.png,data/train_canonical/search_0231.png,438.82,518.29,45,9.387,5.78,12.74,-0.47,0.25,0.62,438.1,171.4,0.0,0.0,1.045,0.971,438.5,513.5,4.800677035585673,0.21166110038757324,False,7,692.0,388.0,284.73776795500805,0.049852609634399414,True
232,dram,data/train_canonical/ref_0232.png,data/train_canonical/search_0232.png,484.64,564.7,45,10.692,6.91,11.76,1.63,0.25,0.48,367.3,143.0,0.0,0.0,1.046,0.89,484.5,564.5,0.24413111231470347,0.19054579734802246,True,4,484.0,564.0,0.9484724561103745,0.047423601150512695,True
233,dram,data/train_canonical/ref_0233.png,data/train_canonical/search_0233.png,385.89,560.53,39,10.135,5.32,16.84,-0.74,0.54,0.85,540.6,158.1,0.399,0.0,1.022,1.059,513.0,561.0,127.11086892945073,0.19127488136291504,True,3,388.0,564.0,4.061157470475658,0.051255226135253906,True
234,finfet,data/train_canonical/ref_0234.png,data/train_canonical/search_0234.png,422.32,623.86,30,9.209,7.44,10.31,-2.43,0.34,0.64,383.0,182.6,0.0,0.0024,0.963,0.962,422.5,498.5,125.36012922775727,0.20220255851745605,False,9,420.0,628.0,4.745734927279425,0.04537773132324219,True
235,dram,data/train_canonical/ref_0235.png,data/train_canonical/search_0235.png,566.24,573.44,37,10.416,7.8,16.26,-0.12,0.4,0.4,423.4,186.9,0.0,0.0,1.06,0.897,566.5,573.5,0.26683328128250555,0.20116257667541504,True,8,564.0,572.0,2.662930716334955,0.04081892967224121,True
236,dram,data/train_canonical/ref_0236.png,data/train_canonical/search_0236.png,476.33,626.48,37,10.016,7.06,13.27,-2.34,0.22,0.83,354.8,110.0,0.0,0.0,1.001,0.975,476.0,490.0,136.48039895897142,0.20358705520629883,True,2,476.0,628.0,1.5554099138169122,0.046265602111816406,True
237,finfet,data/train_canonical/ref_0237.png,data/train_canonical/search_0237.png,467.16,554.79,25,10.373,6.65,17.12,-1.17,0.51,0.83,587.5,91.0,0.0,0.0,1.015,0.999,467.5,449.5,105.29054895858408,0.1884593963623047,True,6,468.0,556.0,1.4729901561110468,0.04307365417480469,True
238,dram,data/train_canonical/ref_0238.png,data/train_canonical/search_0238.png,476.92,388.59,37,10.767,6.0,11.23,0.78,0.39,0.72,378.2,188.5,0.346,0.0,1.043,0.994,476.5,484.5,95.91091960772769,0.22020673751831055,False,5,476.0,388.0,1.0929318368498557,0.0486912727355957,True
239,finfet,data/train_canonical/ref_0239.png,data/train_canonical/search_0239.png,433.95,369.01,27,9.07,6.87,15.17,-2.62,0.5,0.54,496.3,92.4,0.0,0.0,0.915,1.142,434.5,538.5,169.49089238068223,0.20855259895324707,False,10,436.0,764.0,394.9953197191076,0.046968936920166016,True
240,dram,data/train_canonical/ref_0240.png,data/train_canonical/search_0240.png,558.69,508.89,42,9.778,4.56,14.18,-1.98,0.26,0.72,578.3,86.6,0.0,0.0,1.007,0.949,559.0,509.0,0.3289376840679237,0.19621801376342773,True,6,564.0,508.0,5.384069093167304,0.04696941375732422,True
241,finfet,data/train_canonical/ref_0241.png,data/train_canonical/search_0241.png,623.3,540.22,24,9.22,5.57,15.57,2.26,0.29,0.7,552.7,184.3,0.0,0.0,1.066,0.872,468.5,540.5,154.80025322976698,0.18835091590881348,True,11,620.0,540.0,3.307325203241996,0.042962074279785156,True
242,finfet,data/train_canonical/ref_0242.png,data/train_canonical/search_0242.png,474.07,548.56,26,9.828,5.69,16.66,-0.3,0.24,0.62,509.3,137.3,0.0,0.0,0.946,1.132,474.0,464.0,84.56002897350491,0.20525598526000977,True,7,476.0,548.0,2.0096019506359872,0.03971743583679199,True
243,finfet,data/train_canonical/ref_0243.png,data/train_canonical/search_0243.png,393.22,546.15,30,9.488,4.49,11.7,-2.86,0.43,0.81,391.8,104.1,0.0,0.0,1.075,1.093,469.5,490.5,94.42224790800097,0.19539546966552734,True,15,396.0,548.0,3.3392963330617924,0.04616546630859375,True
244,dram,data/train_canonical/ref_0244.png,data/train_canonical/search_0244.png,556.35,390.95,36,10.653,6.45,11.31,-2.08,0.33,0.76,586.0,112.9,0.558,0.0,0.975,0.993,556.5,546.5,155.55007232399478,0.1740574836730957,True,5,556.0,396.0,5.06211418282916,0.051091909408569336,True
245,dram,data/train_canonical/ref_0245.png,data/train_canonical/search_0245.png,382.46,434.7,36,9.724,6.97,16.47,-0.95,0.42,0.72,348.1,97.8,0.0,0.0,1.017,0.937,571.5,434.5,189.0401057976852,0.21173930168151855,True,4,388.0,436.0,5.6904832835182155,0.04999732971191406,True
246,dram,data/train_canonical/ref_0246.png,data/train_canonical/search_0246.png,424.43,385.02,45,10.986,6.62,10.75,2.03,0.26,0.75,434.9,186.0,0.0,0.0,1.059,1.081,428.0,528.0,143.02456187662315,0.18875741958618164,False,3,428.0,380.0,6.159975649302501,0.049935340881347656,True
247,finfet,data/train_canonical/ref_0247.png,data/train_canonical/search_0247.png,470.18,619.05,23,9.464,6.53,12.84,0.84,0.23,0.51,455.2,109.2,0.497,0.0,0.907,0.942,470.5,454.5,164.5503111513314,0.2286367416381836,True,11,276.0,620.0,194.1823238608499,0.05087876319885254,True
248,finfet,data/train_canonical/ref_0248.png,data/train_canonical/search_0248.png,520.45,490.16,28,10.599,5.74,13.34,0.36,0.33,0.78,365.6,156.5,0.0,0.0,0.942,0.902,520.5,490.5,0.34365680554876027,0.17119383811950684,True,9,524.0,532.0,41.9903334113936,0.04385066032409668,True
249,dram,data/train_canonical/ref_0249.png,data/train_canonical/search_0249.png,431.41,611.88,38,9.564,5.05,10.36,-2.44,0.44,0.41,575.0,155.2,0.775,0.0,1.018,1.131,431.5,488.5,123.38003282541304,0.20313715934753418,False,7,436.0,612.0,4.591568359504166,0.049001216888427734,True
250,dram,data/train_canonical/ref_0250.png,data/train_canonical/search_0250.png,608.44,560.58,42,10.05,7.67,10.36,1.66,0.59,0.44,361.9,92.0,0.0,0.0,1.015,0.921,521.0,561.0,87.44100868585637,0.21674180030822754,True,8,612.0,564.0,4.936598018878925,0.05558657646179199,True
251,dram,data/train_canonical/ref_0251.png,data/train_canonical/search_0251.png,368.12,431.81,41,10.991,4.38,14.84,-1.22,0.47,0.64,426.2,162.7,0.793,0.0,1.046,0.942,438.5,431.5,70.38068271905296,0.2098100185394287,True,5,372.0,436.0,5.710560392816098,0.048085689544677734,True
252,dram,data/train_canonical/ref_0252.png,data/train_canonical/search_0252.png,545.57,564.05,43,9.036,7.8,14.6,-0.63,0.51,0.43,435.1,148.9,0.0,0.0,1.07,1.147,545.5,564.5,0.45541190146948063,0.1992654800415039,True,4,548.0,564.0,2.430514348856997,0.04081439971923828,True
253,finfet,data/train_canonical/ref_0253.png,data/train_canonical/search_0253.png,399.56,404.31,22,10.96,4.89,16.86,-2.82,0.59,0.9,414.2,96.6,0.0,0.0,1.09,0.937,399.5,404.5,0.19924858845171126,0.20090389251708984,True,10,396.0,404.0,3.5734717013011337,0.043375253677368164,True
254,finfet,data/train_canonical/ref_0254.png,data/train_canonical/search_0254.png,404.23,542.88,22,9.895,5.77,15.72,-2.91,0.51,0.41,514.5,138.7,0.457,0.0,1.049,1.111,404.0,543.0,0.25942243542147514,0.20345783233642578,True,11,412.0,540.0,8.286573477620271,0.04343247413635254,True
255,finfet,data/train_canonical/ref_0255.png,data/train_canonical/search_0255.png,404.6,411.33,28,10.393,7.07,11.24,-0.19,0.57,0.86,545.9,162.7,0.572,0.0008,1.073,1.048,404.5,526.5,115.17004341407537,0.20095038414001465,True,8,412.0,412.0,7.4302691741281945,0.04265475273132324,True
256,dram,data/train_canonical/ref_0256.png,data/train_canonical/search_0256.png,573.13,528.97,35,10.235,6.16,15.78,2.83,0.47,0.42,557.4,117.0,0.0,0.0,0.977,0.883,573.0,529.0,0.13341664064125278,0.20566630363464355,True,1,580.0,532.0,7.508515166129712,0.051398515701293945,True
257,dram,data/train_canonical/ref_0257.png,data/train_canonical/search_0257.png,373.1,496.96,40,10.407,5.84,17.27,-0.4,0.37,0.43,542.5,151.3,0.0,0.0,0.96,0.936,515.5,496.5,142.40074297558982,0.2034595012664795,False,3,372.0,500.0,3.2328934408668926,0.0427393913269043,True
258,dram,data/train_canonical/ref_0258.png,data/train_canonical/search_0258.png,413.3,633.52,44,9.809,4.9,12.21,2.2,0.49,0.5,442.4,142.4,0.0,0.0,1.044,0.957,418.0,400.0,233.56729308702447,0.2239675521850586,True,4,420.0,636.0,7.144256434367396,0.050347328186035156,True
259,finfet,data/train_canonical/ref_0259.png,data/train_canonical/search_0259.png,540.63,526.02,24,9.444,5.94,15.88,1.81,0.55,0.85,415.6,84.1,0.0,0.0,1.059,0.92,540.5,526.5,0.4972926703662706,0.21482181549072266,True,4,548.0,524.0,7.641812612201375,0.042500972747802734,True
260,dram,data/train_canonical/ref_0260.png,data/train_canonical/search_0260.png,431.95,401.0,42,10.661,5.99,14.21,-2.92,0.48,0.5,547.5,101.6,0.0,0.0025,0.902,1.052,510.5,401.5,78.55159132697442,0.2093350887298584,False,5,436.0,404.0,5.040089284923442,0.05250668525695801,True
261,finfet,data/train_canonical/ref_0261.png,data/train_canonical/search_0261.png,587.94,565.39,30,10.557,6.61,14.47,2.33,0.26,0.43,427.4,171.3,0.0,0.0023,1.059,1.134,587.5,445.5,119.8908074040708,0.20432496070861816,True,10,588.0,564.0,1.3912943613771873,0.042716026306152344,True
262,dram,data/train_canonical/ref_0262.png,data/train_canonical/search_0262.png,479.7,551.5,35,9.345,6.25,13.2,-1.05,0.46,0.51,544.9,186.0,0.0,0.0,1.031,1.084,479.5,551.5,0.19999999999998863,0.20792055130004883,True,5,484.0,300.0,251.53675675733754,0.04919123649597168,True
263,dram,data/train_canonical/ref_0263.png,data/train_canonical/search_0263.png,609.19,506.64,40,9.644,7.98,11.66,0.52,0.31,0.4,453.0,170.6,0.69,0.0,0.994,0.869,483.5,506.5,125.69007796958364,0.18978571891784668,True,5,612.0,508.0,3.1218103722038806,0.04835963249206543,True
264,finfet,data/train_canonical/ref_0264.png,data/train_canonical/search_0264.png,565.46,393.58,28,10.199,6.46,14.02,1.52,0.46,0.61,492.9,93.0,0.0,0.0005,0.951,0.927,566.0,496.0,102.42142354019497,0.16140365600585938,False,6,564.0,396.0,2.826305008310353,0.042423248291015625,True
265,finfet,data/train_canonical/ref_0265.png,data/train_canonical/search_0265.png,483.46,443.69,27,9.982,6.14,16.69,0.31,0.31,0.66,305.0,196.8,0.0,0.0,0.917,0.973,483.0,497.0,53.31198458133031,0.19264698028564453,True,7,484.0,636.0,192.31075814940775,0.04298830032348633,True
266,finfet,data/train_canonical/ref_0266.png,data/train_canonical/search_0266.png,631.42,433.72,28,10.486,7.79,13.6,-1.93,0.47,0.73,361.5,184.7,0.5,0.0,1.066,1.047,505.5,433.5,125.92019218536791,0.20652389526367188,False,8,636.0,436.0,5.116131350933071,0.04372119903564453,True
267,dram,data/train_canonical/ref_0267.png,data/train_canonical/search_0267.png,631.59,435.14,39,9.636,7.65,13.51,0.14,0.59,0.5,493.6,128.2,0.0,0.0023,1.073,0.859,485.5,435.5,146.09044356151435,0.19283342361450195,True,6,636.0,436.0,4.493072445443067,0.04155755043029785,True
268,finfet,data/train_canonical/ref_0268.png,data/train_canonical/search_0268.png,530.06,443.73,25,9.684,7.25,11.19,0.32,0.3,0.47,596.2,94.2,0.0,0.0,1.058,0.933,529.5,443.5,0.6053924347065689,0.22366714477539062,True,5,532.0,444.0,1.9586985475055119,0.04294705390930176,True
269,dram,data/train_canonical/ref_0269.png,data/train_canonical/search_0269.png,609.82,424.4,35,10.005,4.54,10.3,-1.89,0.41,0.86,400.8,82.7,0.36,0.001,1.083,1.112,438.0,424.0,171.82046560290777,0.20374822616577148,True,3,612.0,428.0,4.208610221914111,0.04922127723693848,True
270,dram,data/train_canonical/ref_0270.png,data/train_canonical/search_0270.png,437.88,491.67,41,10.763,7.81,12.57,2.34,0.53,0.42,461.3,98.8,0.0,0.0,1.084,1.092,438.5,491.5,0.6428841264178258,0.20070528984069824,True,4,444.0,492.0,6.128890601079452,0.05276632308959961,True
271,dram,data/train_canonical/ref_0271.png,data/train_canonical/search_0271.png,524.44,506.84,39,10.167,6.53,17.71,-2.55,0.36,0.7,422.7,187.6,0.0,0.0023,0.901,0.954,524.0,507.0,0.46818799642884484,0.17440271377563477,True,5,524.0,508.0,1.2406449935417085,0.045082807540893555,True
272,dram,data/train_canonical/ref_0272.png,data/train_canonical/search_0272.png,586.74,607.35,36,9.22,4.17,17.4,2.37,0.57,0.48,506.7,142.3,0.431,0.0,0.955,1.022,586.5,427.5,179.85016013337327,0.2107529640197754,True,3,588.0,612.0,4.817686166615647,0.04784035682678223,True
273,finfet,data/train_canonical/ref_0273.png,data/train_canonical/search_0273.png,403.33,377.1,28,9.188,4.31,15.49,-2.35,0.24,0.41,374.3,146.3,0.0,0.0017,0.914,1.039,403.5,460.5,83.4001732612109,0.2049572467803955,False,11,412.0,380.0,9.14214963780402,0.043721675872802734,True
274,dram,data/train_canonical/ref_0274.png,data/train_canonical/search_0274.png,566.08,433.74,39,10.02,6.93,11.69,-0.0,0.56,0.72,570.1,171.0,0.0,0.0,1.02,0.96,566.0,434.0,0.2720294101747122,0.18736052513122559,True,8,564.0,436.0,3.0714817271148025,0.038847923278808594,True
275,finfet,data/train_canonical/ref_0275.png,data/train_canonical/search_0275.png,616.51,469.35,24,10.41,4.77,11.83,-0.9,0.43,0.72,331.8,156.9,0.0,0.0,1.067,1.07,469.5,469.5,147.0100765253865,0.23027300834655762,False,6,620.0,468.0,3.742004810258817,0.04205632209777832,True
276,finfet,data/train_canonical/ref_0276.png,data/train_canonical/search_0276.png,474.39,609.33,22,9.604,4.8,16.62,-0.98,0.24,0.63,519.8,82.7,0.0,0.0,1.054,0.972,474.5,526.5,82.83007304113649,0.20534706115722656,False,10,476.0,612.0,3.117851824574065,0.0433199405670166,True
277,finfet,data/train_canonical/ref_0277.png,data/train_canonical/search_0277.png,448.71,386.17,21,9.69,7.22,13.21,-0.44,0.58,0.42,301.7,148.9,0.763,0.0,1.048,0.878,449.5,498.5,112.33277794125807,0.20087933540344238,False,4,452.0,388.0,3.7647045036762283,0.042304277420043945,True
278,dram,data/train_canonical/ref_0278.png,data/train_canonical/search_0278.png,374.95,594.7,37,9.871,5.64,14.14,-2.63,0.38,0.72,378.8,117.4,0.713,0.0009,1.023,1.116,465.0,595.0,90.0504997209899,0.19483017921447754,True,7,380.0,596.0,5.214642844912775,0.054714202880859375,True
279,dram,data/train_canonical/ref_0279.png,data/train_canonical/search_0279.png,567.31,614.39,36,10.239,7.91,17.51,-1.97,0.52,0.89,374.5,165.3,0.0,0.0005,1.065,0.9,567.0,470.0,144.39033277889484,0.21704816818237305,True,3,572.0,620.0,7.312195292796868,0.04919838905334473,True
280,finfet,data/train_canonical/ref_0280.png,data/train_canonical/search_0280.png,404.08,607.82,20,9.179,6.25,14.5,-0.82,0.3,0.44,554.7,162.7,0.0,0.0,0.96,0.96,490.5,498.5,139.35307244549728,0.2047426700592041,False,11,404.0,612.0,4.180765480148292,0.04118227958679199,True
281,dram,data/train_canonical/ref_0281.png,data/train_canonical/search_0281.png,515.3,582.3,37,10.85,4.25,14.28,-2.78,0.51,0.46,364.8,84.4,0.0,0.0,0.96,1.1,515.5,582.5,0.2828427124746833,0.19695758819580078,True,3,516.0,580.0,2.404163056034231,0.047342777252197266,True
282,dram,data/train_canonical/ref_0282.png,data/train_canonical/search_0282.png,496.52,495.99,35,9.331,4.51,12.12,-0.3,0.37,0.43,402.1,180.0,0.0,0.0,0.95,1.019,496.5,495.5,0.49040799340957747,0.20359206199645996,True,2,500.0,500.0,5.309472666847439,0.04315805435180664,True
283,dram,data/train_canonical/ref_0283.png,data/train_canonical/search_0283.png,405.95,508.91,37,10.548,5.63,16.27,0.92,0.56,0.49,374.8,99.3,0.0,0.0017,0.992,1.112,405.5,508.5,0.6087692502089854,0.1966242790222168,True,5,404.0,508.0,2.1518828964420904,0.042661428451538086,True
284,dram,data/train_canonical/ref_0284.png,data/train_canonical/search_0284.png,427.27,376.5,38,10.794,7.41,10.41,1.86,0.31,0.83,388.9,124.8,0.769,0.0,0.921,1.011,427.5,538.5,162.00016327152267,0.20517659187316895,True,6,428.0,380.0,3.5753181676600514,0.04692721366882324,True
285,dram,data/train_canonical/ref_0285.png,data/train_canonical/search_0285.png,502.69,473.88,36,9.338,6.79,16.4,-1.25,0.54,0.66,349.0,136.6,0.0,0.0026,0.942,1.017,502.5,474.5,0.6484597134749427,0.20383715629577637,True,3,308.0,476.0,194.70154210996893,0.04679083824157715,True
286,dram,data/train_canonical/ref_0286.png,data/train_canonical/search_0286.png,580.38,400.65,43,9.03,6.73,13.87,1.4,0.59,0.84,483.4,97.9,0.0,0.0011,0.985,1.073,580.5,462.5,61.85011641056145,0.20553851127624512,False,3,580.0,404.0,3.3714833530658503,0.042922019958496094,True
287,dram,data/train_canonical/ref_0287.png,data/train_canonical/search_0287.png,624.87,484.54,44,9.378,5.87,11.21,1.11,0.36,0.88,449.2,193.2,0.0,0.0008,1.045,0.973,478.5,484.5,146.37000546560077,0.20307564735412598,True,5,620.0,484.0,4.899846936384857,0.042412519454956055,True
288,dram,data/train_canonical/ref_0288.png,data/train_canonical/search_0288.png,459.95,594.24,45,10.358,6.4,16.59,-0.46,0.33,0.41,341.2,142.1,0.466,0.0,0.918,1.143,459.5,594.5,0.5197114584074369,0.2134416103363037,True,3,460.0,596.0,1.7607100840285914,0.04270672798156738,True
289,finfet,data/train_canonical/ref_0289.png,data/train_canonical/search_0289.png,619.79,402.57,28,9.318,5.67,17.54,-2.55,0.35,0.71,542.5,113.3,0.0,0.0,1.057,0.935,421.5,402.5,198.2900123556403,0.16336441040039062,True,8,620.0,652.0,249.4300884015399,0.04343461990356445,True
290,finfet,data/train_canonical/ref_0290.png,data/train_canonical/search_0290.png,444.01,607.67,30,9.085,5.51,13.34,-0.97,0.31,0.83,409.8,193.8,0.0,0.0,1.084,1.126,444.5,511.5,96.17124830218225,0.1591336727142334,False,10,444.0,612.0,4.330011547328755,0.0439000129699707,True
291,dram,data/train_canonical/ref_0291.png,data/train_canonical/search_0291.png,574.05,571.15,38,9.651,4.87,15.19,2.97,0.49,0.56,441.4,176.3,0.485,0.0,0.928,0.993,479.5,571.5,94.55064780317474,0.2017526626586914,False,5,572.0,572.0,2.219234102117181,0.05191373825073242,True
292,dram,data/train_canonical/ref_0292.png,data/train_canonical/search_0292.png,541.25,503.19,45,10.903,4.82,10.43,0.64,0.42,0.83,500.4,117.5,0.559,0.0023,1.003,1.068,541.5,507.5,4.317244491570985,0.20358514785766602,False,6,548.0,492.0,13.068228648137435,0.045122385025024414,True
293,dram,data/train_canonical/ref_0293.png,data/train_canonical/search_0293.png,594.42,587.38,35,10.652,4.76,17.99,-2.1,0.51,0.74,431.4,143.8,0.0,0.0,1.041,1.121,594.5,587.5,0.14422205101858607,0.17495179176330566,True,4,596.0,588.0,1.6972919607422097,0.04801321029663086,True
294,dram,data/train_canonical/ref_0294.png,data/train_canonical/search_0294.png,509.31,383.05,40,10.012,7.72,12.03,2.11,0.35,0.62,549.8,165.7,0.0,0.0009,1.055,1.039,509.0,483.0,99.95048073921404,0.20873403549194336,True,6,516.0,380.0,7.352455372186903,0.04955244064331055,True
295,finfet,data/train_canonical/ref_0295.png,data/train_canonical/search_0295.png,544.92,537.67,28,9.389,6.78,12.32,-1.55,0.53,0.7,406.1,198.7,0.459,0.0024,1.098,1.137,544.5,537.5,0.4531004303683144,0.19930815696716309,True,6,548.0,540.0,3.862033143306831,0.04678988456726074,True
296,dram,data/train_canonical/ref_0296.png,data/train_canonical/search_0296.png,384.11,556.01,39,9.133,6.43,12.79,0.34,0.25,0.59,463.1,108.5,0.0,0.0,1.092,1.146,473.5,555.5,89.39145484888361,0.19388985633850098,True,5,388.0,556.0,3.8900128534491882,0.04465341567993164,True
297,dram,data/train_canonical/ref_0297.png,data/train_canonical/search_0297.png,550.03,540.36,37,9.616,7.08,14.9,2.02,0.21,0.51,475.5,160.5,0.0,0.0,1.077,1.035,550.5,540.5,0.4904079934095914,0.19019484519958496,True,3,556.0,548.0,9.695901195866227,0.04938936233520508,True
298,dram,data/train_canonical/ref_0298.png,data/train_canonical/search_0298.png,393.98,427.95,43,10.275,5.95,12.82,1.22,0.33,0.76,349.7,165.3,0.0,0.0,1.011,1.098,486.0,428.0,92.02001358400247,0.19891881942749023,True,5,396.0,428.0,2.0206187171260015,0.04786348342895508,True
299,dram,data/train_canonical/ref_0299.png,data/train_canonical/search_0299.png,497.17,494.31,38,10.162,4.07,15.18,-0.42,0.5,0.63,516.5,159.0,0.0,0.0,0.908,0.914,497.0,494.0,0.35355339059328345,0.18975281715393066,True,3,500.0,500.0,6.3549193543269995,0.04773736000061035,True
300,finfet,data/train_canonical/ref_0300.png,data/train_canonical/search_0300.png,592.58,512.22,23,9.656,4.84,16.86,1.94,0.28,0.9,517.8,83.6,0.5,0.0,0.926,1.054,592.5,512.5,0.29120439557120575,0.1975536346435547,True,8,596.0,516.0,5.097528813062219,0.04529523849487305,True
301,finfet,data/train_canonical/ref_0301.png,data/train_canonical/search_0301.png,470.61,516.86,30,9.256,7.92,12.52,-1.96,0.3,0.75,408.4,189.3,0.0,0.0,0.995,1.018,470.5,517.5,0.6493843238021576,0.2074742317199707,True,10,476.0,708.0,191.21598181114464,0.04751992225646973,True
302,dram,data/train_canonical/ref_0302.png,data/train_canonical/search_0302.png,376.47,379.8,43,9.007,5.48,12.88,-1.64,0.4,0.52,513.2,92.3,0.0,0.0,1.098,1.022,496.5,468.5,149.24775006679326,0.20178937911987305,False,9,380.0,380.0,3.5356611828623796,0.04413962364196777,True
303,finfet,data/train_canonical/ref_0303.png,data/train_canonical/search_0303.png,524.52,458.9,25,9.8,4.8,11.76,0.35,0.5,0.69,427.5,171.6,0.501,0.0,0.914,1.063,525.0,459.0,0.4903060268852729,0.18671607971191406,True,12,524.0,460.0,1.2167168939404231,0.03870987892150879,True
304,finfet,data/train_canonical/ref_0304.png,data/train_canonical/search_0304.png,595.39,517.36,23,10.304,7.32,17.32,-0.93,0.57,0.67,557.9,191.3,0.0,0.0,1.048,0.966,595.5,517.5,0.17804493814764624,0.20340776443481445,True,11,596.0,516.0,1.49053681604986,0.04291796684265137,True
305,dram,data/train_canonical/ref_0305.png,data/train_canonical/search_0305.png,373.61,538.22,41,10.364,5.15,13.75,0.61,0.51,0.72,543.7,93.7,0.579,0.0005,1.044,0.968,488.5,538.5,114.8903411954199,0.1964883804321289,True,8,372.0,540.0,2.4001041644061925,0.04955601692199707,True
306,dram,data/train_canonical/ref_0306.png,data/train_canonical/search_0306.png,489.52,584.7,39,9.099,7.82,13.88,0.3,0.59,0.58,510.6,138.3,0.494,0.0,1.062,0.896,489.5,584.5,0.20099751242246122,0.18564987182617188,True,4,492.0,588.0,4.128001937984016,0.04837489128112793,True
307,dram,data/train_canonical/ref_0307.png,data/train_canonical/search_0307.png,432.73,550.06,38,9.385,4.13,16.62,-2.37,0.51,0.79,446.3,99.7,0.0,0.0003,0.928,0.96,432.5,549.5,0.6053924347065689,0.19708776473999023,True,3,436.0,548.0,3.8647768370243134,0.0524144172668457,True
308,dram,data/train_canonical/ref_0308.png,data/train_canonical/search_0308.png,553.8,427.31,44,10.807,5.04,10.73,1.11,0.56,0.45,568.7,97.7,0.339,0.0027,0.967,0.927,553.5,427.5,0.3551056180912544,0.22410368919372559,True,7,556.0,428.0,2.305666931714162,0.050840139389038086,True
309,finfet,data/train_canonical/ref_0309.png,data/train_canonical/search_0309.png,371.74,474.83,29,10.002,4.72,14.87,-0.68,0.21,0.55,339.3,112.4,0.495,0.0,1.078,1.076,494.0,475.0,122.2601181906839,0.23958516120910645,True,8,372.0,476.0,1.198540779448089,0.04577493667602539,True
310,dram,data/train_canonical/ref_0310.png,data/train_canonical/search_0310.png,463.51,570.45,41,10.211,6.21,17.28,0.72,0.33,0.5,477.1,197.2,0.0,0.0,0.905,0.861,464.0,570.0,0.6652818951392333,0.22553300857543945,True,4,468.0,572.0,4.75001052630412,0.04692220687866211,True
311,finfet,data/train_canonical/ref_0311.png,data/train_canonical/search_0311.png,567.75,387.27,20,9.391,4.29,12.29,-1.7,0.54,0.6,408.9,92.9,0.0,0.0,1.026,1.093,567.5,523.5,136.2302293912772,0.22917485237121582,False,9,572.0,388.0,4.312238397862533,0.04270482063293457,True
312,dram,data/train_canonical/ref_0312.png,data/train_canonical/search_0312.png,609.81,522.85,44,10.28,4.63,17.88,-1.93,0.56,0.52,574.8,155.0,0.0,0.0006,0.926,1.139,519.5,523.5,90.31233913480477,0.21650218963623047,True,5,612.0,524.0,2.473580400957322,0.04545092582702637,True
313,finfet,data/train_canonical/ref_0313.png,data/train_canonical/search_0313.png,451.82,425.6,27,9.077,4.07,17.04,2.37,0.25,0.83,491.4,184.8,0.0,0.0,0.979,0.944,451.5,425.5,0.3352610922848045,0.23851227760314941,True,6,452.0,428.0,2.4067405344157673,0.042389631271362305,True
314,dram,data/train_canonical/ref_0314.png,data/train_canonical/search_0314.png,454.31,383.11,45,10.211,4.71,12.08,-0.4,0.36,0.59,544.2,160.6,0.0,0.0,1.041,0.924,454.0,533.0,149.89032056807403,0.2356128692626953,False,6,460.0,388.0,7.502546234445999,0.039443254470825195,True
315,finfet,data/train_canonical/ref_0315.png,data/train_canonical/search_0315.png,515.74,532.16,26,10.963,6.51,16.45,1.85,0.29,0.49,516.6,188.0,0.0,0.0,0.979,1.031,515.5,532.5,0.4161730409337275,0.21316242218017578,True,7,516.0,532.0,0.30528675044945053,0.04054760932922363,True
316,finfet,data/train_canonical/ref_0316.png,data/train_canonical/search_0316.png,600.11,406.29,22,10.35,4.97,11.37,1.93,0.35,0.41,381.4,85.9,0.0,0.0025,1.029,1.115,599.5,483.5,77.21240962436023,0.19518756866455078,True,6,604.0,284.0,122.35185409302143,0.04023861885070801,True
317,dram,data/train_canonical/ref_0317.png,data/train_canonical/search_0317.png,365.22,532.32,35,10.054,5.76,11.72,-2.64,0.52,0.76,339.6,124.9,0.0,0.0019,0.995,1.126,543.0,532.0,177.78028799616675,0.20306706428527832,False,4,364.0,532.0,1.261269202034244,0.04615020751953125,True
318,finfet,data/train_canonical/ref_0318.png,data/train_canonical/search_0318.png,590.8,407.45,30,9.965,6.81,10.74,0.27,0.49,0.48,585.4,104.4,0.0,0.0,0.945,0.936,591.0,478.0,70.55028348631919,0.17248988151550293,False,11,588.0,412.0,5.342518132865798,0.03854250907897949,True
319,finfet,data/train_canonical/ref_0319.png,data/train_canonical/search_0319.png,425.06,483.98,25,9.657,5.47,13.45,1.14,0.53,0.47,345.5,136.1,0.333,0.0007,0.978,1.058,424.5,483.5,0.7375635565834445,0.2110755443572998,True,7,428.0,484.0,2.940068026423876,0.03993082046508789,True
320,dram,data/train_canonical/ref_0320.png,data/train_canonical/search_0320.png,474.55,401.2,45,9.748,6.23,12.63,0.93,0.41,0.65,476.1,144.8,0.0,0.0,1.033,0.876,475.0,401.0,0.49244289008979025,0.23479676246643066,True,7,476.0,404.0,3.153173005085517,0.05154252052307129,True
321,finfet,data/train_canonical/ref_0321.png,data/train_canonical/search_0321.png,555.58,480.3,30,9.352,7.65,11.73,-2.96,0.42,0.71,481.4,102.2,0.692,0.0,0.967,0.919,555.5,480.5,0.2154065922853848,0.22173762321472168,True,3,556.0,484.0,3.7237615390891885,0.04767155647277832,True
322,finfet,data/train_canonical/ref_0322.png,data/train_canonical/search_0322.png,373.7,582.04,25,9.936,7.73,11.48,2.47,0.55,0.57,368.2,155.5,0.0,0.0,1.078,1.115,444.0,582.0,70.30001137979994,0.22229838371276855,False,10,372.0,588.0,6.197709254232598,0.05472874641418457,True
323,finfet,data/train_canonical/ref_0323.png,data/train_canonical/search_0323.png,529.46,511.56,20,9.833,5.58,13.95,-2.14,0.31,0.84,550.2,130.1,0.0,0.0,1.051,0.99,529.0,502.0,9.57106054729569,0.20130133628845215,True,6,532.0,596.0,84.47819363599105,0.0429837703704834,True
324,dram,data/train_canonical/ref_0324.png,data/train_canonical/search_0324.png,409.04,480.94,36,9.527,6.84,12.8,-1.09,0.39,0.69,457.5,153.7,0.688,0.0,1.022,0.976,409.5,480.5,0.6365532185135655,0.2035541534423828,True,8,412.0,484.0,4.257370080225572,0.043598175048828125,True
325,dram,data/train_canonical/ref_0325.png,data/train_canonical/search_0325.png,590.29,620.81,38,9.926,5.12,17.76,1.0,0.28,0.59,369.0,122.2,0.0,0.0026,0.922,0.922,590.0,441.0,179.81023385780907,0.19843506813049316,True,6,596.0,444.0,176.9021769227275,0.047853708267211914,True
326,dram,data/train_canonical/ref_0326.png,data/train_canonical/search_0326.png,519.12,462.93,45,9.967,5.39,12.97,-1.55,0.6,0.54,551.8,182.7,0.0,0.0,0.971,0.923,519.0,531.0,68.0701057733863,0.19735932350158691,True,6,524.0,468.0,7.036995097340902,0.044434547424316406,True
327,finfet,data/train_canonical/ref_0327.png,data/train_canonical/search_0327.png,559.45,562.79,26,10.178,7.34,12.82,0.01,0.43,0.72,504.0,87.4,0.0,0.0013,1.087,0.886,559.0,503.0,59.79169340301373,0.18857955932617188,True,8,564.0,564.0,4.708141884013233,0.10831403732299805,True
328,finfet,data/train_canonical/ref_0328.png,data/train_canonical/search_0328.png,368.6,369.91,29,9.17,7.67,14.76,2.1,0.53,0.68,522.4,143.1,0.0,0.0008,1.098,0.867,483.5,517.5,187.04228960318036,0.19807791709899902,False,9,372.0,364.0,6.81821824232696,0.04894661903381348,True
329,dram,data/train_canonical/ref_0329.png,data/train_canonical/search_0329.png,461.95,633.04,39,9.884,6.87,16.59,0.69,0.33,0.72,416.8,95.7,0.0,0.0,1.049,1.078,462.0,514.0,119.04001050067154,0.20875954627990723,True,4,468.0,636.0,6.7352876701741815,0.04192924499511719,True
330,dram,data/train_canonical/ref_0330.png,data/train_canonical/search_0330.png,374.53,610.65,44,10.007,7.1,13.87,0.34,0.33,0.77,363.4,152.4,0.453,0.0002,0.909,1.05,474.5,444.5,193.90673892363822,0.20694947242736816,False,8,380.0,620.0,10.832515866593537,0.039228200912475586,True
331,dram,data/train_canonical/ref_0331.png,data/train_canonical/search_0331.png,563.28,488.77,39,9.127,6.64,12.77,2.56,0.46,0.82,550.1,99.0,0.0,0.0,1.098,1.069,563.5,488.5,0.3482814953453631,0.1926882266998291,True,5,564.0,492.0,3.30927484503783,0.04996657371520996,True
332,dram,data/train_canonical/ref_0332.png,data/train_canonical/search_0332.png,383.99,386.78,45,9.657,4.37,12.64,-0.26,0.52,0.43,515.7,196.7,0.0,0.0,0.953,1.081,514.0,453.0,145.90301059265363,0.1930408477783203,False,8,380.0,388.0,4.172349458039216,0.040189266204833984,True
333,finfet,data/train_canonical/ref_0333.png,data/train_canonical/search_0333.png,508.18,576.34,28,9.038,4.67,16.25,0.96,0.55,0.66,418.8,96.4,0.0,0.0,1.062,1.112,508.5,576.5,0.35777087639994604,0.19506549835205078,True,3,508.0,580.0,3.6644235563045613,0.03699612617492676,True
334,finfet,data/train_canonical/ref_0334.png,data/train_canonical/search_0334.png,428.26,627.22,22,10.982,7.58,16.34,-2.95,0.54,0.85,328.5,99.5,0.0,0.0,1.018,0.962,428.5,511.5,115.72024887633108,0.18877339363098145,True,6,428.0,628.0,0.8221921916437498,0.04328465461730957,True
335,finfet,data/train_canonical/ref_0335.png,data/train_canonical/search_0335.png,404.59,579.5,25,9.422,6.04,15.78,1.86,0.29,0.72,596.9,197.7,0.0,0.0,1.052,0.994,404.5,579.5,0.08999999999997499,0.2220628261566162,True,6,404.0,580.0,0.7733692520393932,0.03828883171081543,True
336,finfet,data/train_canonical/ref_0336.png,data/train_canonical/search_0336.png,476.05,618.92,21,10.282,5.34,12.01,0.56,0.22,0.63,451.1,137.6,0.789,0.0,1.055,1.05,475.5,514.5,104.42144846725691,0.20624256134033203,False,9,476.0,620.0,1.0811567878897534,0.04352617263793945,True
337,dram,data/train_canonical/ref_0337.png,data/train_canonical/search_0337.png,479.84,598.04,38,9.07,7.03,14.18,1.96,0.52,0.46,511.6,135.5,0.0,0.0,0.955,0.984,479.5,522.5,75.54076515365723,0.1951305866241455,True,9,484.0,364.0,234.07696853812845,0.050882816314697266,True
338,finfet,data/train_canonical/ref_0338.png,data/train_canonical/search_0338.png,462.44,451.79,21,10.516,6.74,17.76,2.74,0.53,0.64,338.2,86.6,0.0,0.0,1.068,1.038,462.5,451.5,0.29614185789923747,0.1759047508239746,True,7,460.0,460.0,8.564910974435149,0.04234194755554199,True
339,dram,data/train_canonical/ref_0339.png,data/train_canonical/search_0339.png,376.97,582.95,43,10.064,5.54,14.13,1.85,0.34,0.73,541.2,178.2,0.555,0.0,1.005,0.995,557.0,583.0,180.03000694328708,0.19670963287353516,True,5,380.0,588.0,5.8892614137937,0.04708576202392578,True
340,dram,data/train_canonical/ref_0340.png,data/train_canonical/search_0340.png,468.03,490.6,42,9.613,4.38,13.25,-1.62,0.41,0.76,308.8,154.6,0.0,0.0,0.934,1.107,468.5,490.5,0.48052055106938996,0.20731806755065918,True,3,468.0,476.0,14.600030821885296,0.04929089546203613,True
341,dram,data/train_canonical/ref_0341.png,data/train_canonical/search_0341.png,407.11,619.38,41,9.761,7.9,13.89,-1.73,0.47,0.71,506.5,108.6,0.514,0.0,1.009,1.137,407.0,489.0,130.38004640281426,0.226226806640625,False,6,404.0,620.0,3.1711985116041053,0.054900169372558594,True
342,finfet,data/train_canonical/ref_0342.png,data/train_canonical/search_0342.png,387.65,481.47,25,10.52,6.6,10.47,2.87,0.45,0.64,591.3,120.3,0.0,0.0024,1.097,0.853,522.5,481.5,134.85000333704113,0.21123981475830078,True,8,388.0,484.0,2.554094751570481,0.05234241485595703,True
343,finfet,data/train_canonical/ref_0343.png,data/train_canonical/search_0343.png,508.22,431.45,28,9.575,4.78,14.59,-2.79,0.36,0.54,424.4,175.7,0.435,0.0,1.023,0.863,508.5,431.5,0.284429253066533,0.21113324165344238,True,8,508.0,436.0,4.555315576334983,0.05565810203552246,True
344,dram,data/train_canonical/ref_0344.png,data/train_canonical/search_0344.png,549.95,459.81,39,9.075,4.49,12.92,2.86,0.31,0.69,484.8,127.9,0.0,0.0,1.082,1.109,472.5,459.5,77.45062039777349,0.2052772045135498,True,5,556.0,460.0,6.052982735808805,0.05160784721374512,True
345,dram,data/train_canonical/ref_0345.png,data/train_canonical/search_0345.png,564.32,610.29,41,9.854,6.5,15.89,1.92,0.36,0.58,574.1,102.0,0.327,0.0024,0.973,0.934,564.0,502.0,108.29047280347423,0.19893574714660645,True,5,564.0,612.0,1.7396838793298501,0.04851126670837402,True
346,dram,data/train_canonical/ref_0346.png,data/train_canonical/search_0346.png,387.0,405.95,39,10.819,6.12,16.35,1.58,0.46,0.56,368.8,131.5,0.0,0.0,0.943,1.117,530.5,528.5,188.7081145579066,0.20878267288208008,True,8,388.0,404.0,2.1914607000811026,0.050562143325805664,True
347,finfet,data/train_canonical/ref_0347.png,data/train_canonical/search_0347.png,542.65,452.18,29,10.456,7.13,17.35,2.54,0.47,0.54,558.3,80.1,0.0,0.0003,1.033,1.099,542.5,452.5,0.35341194094143,0.19470858573913574,True,7,548.0,452.0,5.3530271809510035,0.05010628700256348,True
348,finfet,data/train_canonical/ref_0348.png,data/train_canonical/search_0348.png,511.73,448.72,30,10.427,6.68,10.72,-2.19,0.39,0.42,348.0,175.2,0.38,0.0,0.93,0.949,511.5,448.5,0.318276609256823,0.1921238899230957,True,9,516.0,444.0,6.364848780607447,0.04439067840576172,True
349,dram,data/train_canonical/ref_0349.png,data/train_canonical/search_0349.png,582.41,621.18,41,9.182,4.98,17.17,0.87,0.55,0.58,301.4,111.2,0.0,0.0,1.001,0.937,582.5,549.5,71.68005650109374,0.20998668670654297,False,6,580.0,628.0,7.233291090506487,0.0466616153717041,True
350,finfet,data/train_canonical/ref_0350.png,data/train_canonical/search_0350.png,609.72,493.17,30,9.129,4.03,17.67,2.29,0.25,0.68,375.4,87.3,0.0,0.0,0.909,0.977,517.5,493.5,92.22059043402403,0.21926021575927734,True,8,612.0,492.0,2.562674384310249,0.044197797775268555,True
351,finfet,data/train_canonical/ref_0351.png,data/train_canonical/search_0351.png,456.63,576.44,28,9.857,4.23,10.69,2.36,0.48,0.87,592.2,169.3,0.0,0.0,0.987,1.022,457.0,497.0,79.44086165192324,0.20166444778442383,True,4,460.0,580.0,4.902091390416915,0.04835939407348633,True
352,dram,data/train_canonical/ref_0352.png,data/train_canonical/search_0352.png,596.34,574.11,37,9.448,4.46,14.31,1.06,0.58,0.46,506.1,138.0,0.0,0.0027,0.978,0.867,596.5,574.5,0.42154477816713515,0.20696759223937988,True,3,596.0,572.0,2.1372178176311554,0.045615196228027344,True
353,finfet,data/train_canonical/ref_0353.png,data/train_canonical/search_0353.png,416.3,479.52,22,9.395,6.12,12.31,-1.16,0.52,0.67,583.9,144.9,0.305,0.0004,1.064,1.048,416.5,479.5,0.20099751242240468,0.19761013984680176,True,4,420.0,476.0,5.106897296793797,0.0422511100769043,True
354,finfet,data/train_canonical/ref_0354.png,data/train_canonical/search_0354.png,366.52,597.12,28,9.97,4.33,15.92,-1.24,0.49,0.63,316.6,187.0,0.0,0.0,0.914,1.048,586.0,597.0,219.48003280480893,0.19533491134643555,True,11,372.0,596.0,5.593281684306648,0.043219804763793945,True
355,dram,data/train_canonical/ref_0355.png,data/train_canonical/search_0355.png,443.17,570.1,37,10.707,5.07,11.68,2.82,0.38,0.73,341.0,176.6,0.0,0.0,0.911,1.072,442.5,570.5,0.7803204469959781,0.2040729522705078,True,6,444.0,572.0,2.0733788848157704,0.05516767501831055,True
356,dram,data/train_canonical/ref_0356.png,data/train_canonical/search_0356.png,577.71,633.71,35,9.571,5.8,16.69,1.09,0.35,0.8,355.1,90.9,0.0,0.0,1.071,0.919,577.5,542.5,91.21024174948779,0.21351933479309082,False,9,580.0,636.0,3.2385490578343363,0.050272226333618164,True
357,finfet,data/train_canonical/ref_0357.png,data/train_canonical/search_0357.png,415.79,601.02,27,9.971,6.34,17.96,-1.61,0.49,0.58,390.7,194.7,0.373,0.0,0.924,1.015,416.0,524.0,77.02028628874342,0.21943306922912598,False,6,420.0,604.0,5.157955021129976,0.04617476463317871,True
358,dram,data/train_canonical/ref_0358.png,data/train_canonical/search_0358.png,395.89,452.23,35,9.106,7.96,17.36,-0.05,0.41,0.47,531.4,187.9,0.338,0.0,1.062,1.119,549.5,452.5,153.6102372890557,0.17692828178405762,True,7,396.0,452.0,0.2549509756796615,0.04810929298400879,True
359,finfet,data/train_canonical/ref_0359.png,data/train_canonical/search_0359.png,477.09,402.13,27,10.206,4.31,10.95,-0.34,0.24,0.64,417.8,82.4,0.0,0.0,1.036,0.943,477.0,512.0,109.87003686173951,0.1997992992401123,True,9,476.0,404.0,2.1644860821913277,0.03804731369018555,True
360,dram,data/train_canonical/ref_0360.png,data/train_canonical/search_0360.png,556.9,511.19,45,10.916,5.12,13.63,0.72,0.21,0.45,590.8,165.2,0.506,0.0,1.054,1.102,556.5,511.5,0.5060632371551832,0.22698307037353516,True,4,556.0,508.0,3.3145286241032745,0.04229569435119629,True
361,finfet,data/train_canonical/ref_0361.png,data/train_canonical/search_0361.png,412.95,467.96,30,9.561,5.5,12.66,2.27,0.3,0.47,316.4,127.3,0.505,0.0011,1.098,0.996,412.5,552.5,84.54119764943009,0.19864559173583984,False,7,412.0,468.0,0.9508417323613747,0.04201650619506836,True
362,dram,data/train_canonical/ref_0362.png,data/train_canonical/search_0362.png,459.18,603.37,35,10.029,5.42,16.82,-0.31,0.57,0.67,304.6,195.0,0.467,0.0,0.994,0.882,459.0,502.0,101.37015981046889,0.19928550720214844,False,7,460.0,604.0,1.034069630150689,0.04803633689880371,True
363,finfet,data/train_canonical/ref_0363.png,data/train_canonical/search_0363.png,552.89,536.04,25,9.322,5.34,12.97,-2.65,0.23,0.65,300.0,110.7,0.521,0.0,1.066,1.063,553.5,467.5,68.54271441955005,0.20615863800048828,True,7,556.0,532.0,5.098401710340192,0.0443878173828125,True
364,dram,data/train_canonical/ref_0364.png,data/train_canonical/search_0364.png,402.28,471.63,43,10.585,7.78,15.28,1.65,0.38,0.63,467.5,95.9,0.733,0.0,0.934,1.033,402.5,471.5,0.2555386467836339,0.21781277656555176,True,5,404.0,476.0,4.6963070598077525,0.044016122817993164,True
365,dram,data/train_canonical/ref_0365.png,data/train_canonical/search_0365.png,586.29,607.64,45,10.631,6.87,10.17,0.21,0.29,0.67,457.6,111.9,0.0,0.0,1.016,0.866,586.5,447.5,160.14013769196026,0.16858983039855957,False,6,588.0,612.0,4.683342823240708,0.04021334648132324,True
366,finfet,data/train_canonical/ref_0366.png,data/train_canonical/search_0366.png,582.13,384.41,29,9.797,7.7,16.41,-1.42,0.5,0.77,477.6,194.7,0.0,0.0,1.043,1.062,582.0,502.0,117.59007185983005,0.1939394474029541,False,6,580.0,388.0,4.1743262929483365,0.04372048377990723,True
367,finfet,data/train_canonical/ref_0367.png,data/train_canonical/search_0367.png,399.49,570.57,28,9.019,6.09,13.67,0.74,0.53,0.62,520.4,86.3,0.0,0.0,1.073,1.148,520.5,570.5,121.01002024625893,0.18737387657165527,True,7,404.0,564.0,7.969002446981716,0.03797149658203125,True
368,dram,data/train_canonical/ref_0368.png,data/train_canonical/search_0368.png,450.71,624.0,43,10.508,5.45,11.09,0.09,0.34,0.86,350.3,155.1,0.506,0.0019,1.018,1.082,450.5,562.5,61.500358535540265,0.18727588653564453,True,5,452.0,628.0,4.202868068355234,0.04372715950012207,True
369,finfet,data/train_canonical/ref_0369.png,data/train_canonical/search_0369.png,526.89,459.59,29,10.327,4.51,17.17,1.56,0.39,0.46,330.7,93.8,0.0,0.0,0.997,0.973,526.5,459.5,0.40024992192377107,0.2196502685546875,True,5,532.0,460.0,5.126421754011287,0.041080474853515625,True
370,dram,data/train_canonical/ref_0370.png,data/train_canonical/search_0370.png,364.62,383.96,45,10.759,5.96,13.82,0.5,0.51,0.64,430.6,136.2,0.0,0.0,0.971,1.049,498.5,484.5,167.42803230044842,0.20493245124816895,True,8,372.0,388.0,8.41344162635007,0.04641008377075195,True
371,dram,data/train_canonical/ref_0371.png,data/train_canonical/search_0371.png,590.44,582.95,36,9.073,5.11,13.03,2.54,0.4,0.46,475.4,160.6,0.0,0.001,0.939,1.108,590.5,583.5,0.553263047744871,0.20552992820739746,True,4,588.0,580.0,3.8283286170338795,0.04704117774963379,True
372,dram,data/train_canonical/ref_0372.png,data/train_canonical/search_0372.png,405.07,626.8,42,9.3,4.78,15.73,-1.06,0.58,0.86,377.6,187.2,0.631,0.0,1.045,0.923,405.5,468.5,158.30058401661057,0.20720410346984863,True,7,404.0,628.0,1.6077624202599383,0.046961307525634766,True
373,dram,data/train_canonical/ref_0373.png,data/train_canonical/search_0373.png,382.94,583.22,35,9.033,7.36,16.19,2.83,0.54,0.46,532.0,151.8,0.437,0.0,0.933,1.132,576.5,583.5,193.5602025210761,0.2005314826965332,True,7,388.0,588.0,6.9607470863406435,0.048661231994628906,True
374,dram,data/train_canonical/ref_0374.png,data/train_canonical/search_0374.png,619.79,562.32,42,10.841,5.17,17.05,1.56,0.57,0.51,588.7,130.4,0.0,0.0,0.94,1.023,406.5,562.5,213.29007595291438,0.19569754600524902,True,4,620.0,508.0,54.32040592631839,0.04614686965942383,True
375,dram,data/train_canonical/ref_0375.png,data/train_canonical/search_0375.png,382.63,495.07,39,10.334,6.34,13.16,0.79,0.56,0.89,475.2,182.6,0.0,0.0006,1.007,1.065,518.5,495.5,135.87068042811887,0.1965644359588623,False,10,380.0,500.0,5.587647089786545,0.04556584358215332,True
376,finfet,data/train_canonical/ref_0376.png,data/train_canonical/search_0376.png,402.66,499.42,22,9.725,5.89,11.94,1.56,0.43,0.86,481.5,103.8,0.0,0.0,0.996,0.85,402.5,499.5,0.17888543819999844,0.18915772438049316,True,9,404.0,500.0,1.460136979875489,0.044252872467041016,True
377,dram,data/train_canonical/ref_0377.png,data/train_canonical/search_0377.png,383.18,630.02,45,10.071,4.79,13.29,1.11,0.23,0.79,479.8,110.7,0.0,0.0,0.919,1.008,504.0,505.0,173.86049810120755,0.19150352478027344,True,3,380.0,628.0,3.767333274346719,0.04497170448303223,True
378,finfet,data/train_canonical/ref_0378.png,data/train_canonical/search_0378.png,507.13,591.83,24,9.019,7.12,11.94,2.19,0.35,0.43,334.6,131.2,0.714,0.0,1.042,1.024,507.5,448.5,143.33047756845022,0.2146918773651123,True,10,516.0,596.0,9.801316238138618,0.04407167434692383,True
379,finfet,data/train_canonical/ref_0379.png,data/train_canonical/search_0379.png,464.13,630.54,28,10.396,6.79,15.05,-1.43,0.52,0.57,537.1,162.5,0.678,0.0,1.005,0.953,464.5,522.5,108.04063355978616,0.20461630821228027,False,7,468.0,636.0,6.692421086572514,0.03903913497924805,True
380,finfet,data/train_canonical/ref_0380.png,data/train_canonical/search_0380.png,409.71,442.6,26,10.976,4.35,16.6,1.85,0.58,0.83,339.8,116.7,0.0,0.0,1.056,1.131,409.5,442.5,0.23259406699225144,0.21059823036193848,True,7,412.0,444.0,2.6840454541605716,0.04721832275390625,True
381,finfet,data/train_canonical/ref_0381.png,data/train_canonical/search_0381.png,394.2,559.93,21,10.824,4.49,16.9,-1.39,0.3,0.59,496.2,190.3,0.0,0.0005,0.965,0.924,547.5,462.5,181.64111566492866,0.2029428482055664,False,10,396.0,564.0,4.450269654751322,0.04840207099914551,True
382,finfet,data/train_canonical/ref_0382.png,data/train_canonical/search_0382.png,607.87,522.12,25,9.201,4.06,11.26,-2.24,0.53,0.72,460.4,152.6,0.0,0.0,0.994,0.918,530.5,522.5,77.37093317260688,0.21073532104492188,True,10,612.0,716.0,193.92398330273645,0.04375886917114258,True
383,dram,data/train_canonical/ref_0383.png,data/train_canonical/search_0383.png,476.29,533.86,39,9.137,4.98,13.26,2.29,0.32,0.75,565.5,169.2,0.0,0.0,1.098,0.956,476.5,533.5,0.41677331968349557,0.1927471160888672,True,7,476.0,540.0,6.146844719040806,0.04512643814086914,True
384,dram,data/train_canonical/ref_0384.png,data/train_canonical/search_0384.png,554.47,397.94,36,9.001,4.63,17.8,0.74,0.44,0.41,472.8,143.5,0.0,0.0,0.93,1.049,554.5,585.5,187.56000239923225,0.1934831142425537,True,4,556.0,396.0,2.4707286374670745,0.04210782051086426,True
385,finfet,data/train_canonical/ref_0385.png,data/train_canonical/search_0385.png,388.19,584.35,20,9.186,4.98,17.51,-2.39,0.57,0.84,335.2,183.3,0.332,0.0,1.007,0.939,481.5,584.5,93.31012056577785,0.20943331718444824,True,6,388.0,580.0,4.354147448123478,0.04436612129211426,True
386,dram,data/train_canonical/ref_0386.png,data/train_canonical/search_0386.png,515.98,574.3,43,10.477,5.86,12.09,-2.62,0.52,0.86,521.3,120.8,0.0,0.0,1.027,0.897,515.5,496.5,77.80148070570375,0.2116837501525879,False,9,516.0,580.0,5.700035087611349,0.0512082576751709,True
387,dram,data/train_canonical/ref_0387.png,data/train_canonical/search_0387.png,381.8,430.51,39,9.075,6.56,11.91,-2.01,0.53,0.81,381.6,155.7,0.0,0.0,0.932,1.141,536.5,430.5,154.7000003232062,0.15785908699035645,True,6,388.0,428.0,6.688804078458257,0.04860377311706543,True
388,finfet,data/train_canonical/ref_0388.png,data/train_canonical/search_0388.png,473.31,572.51,28,9.355,4.14,11.04,2.97,0.46,0.54,532.7,153.1,0.0,0.0,0.905,1.105,473.5,572.5,0.19026297590440172,0.2249605655670166,True,13,476.0,572.0,2.7379189177183423,0.04663276672363281,True
389,dram,data/train_canonical/ref_0389.png,data/train_canonical/search_0389.png,379.07,596.11,43,9.035,6.19,17.6,-0.3,0.36,0.56,546.6,111.1,0.477,0.001,1.089,0.961,498.5,439.5,196.95232164155874,0.16619491577148438,False,4,380.0,596.0,0.9364827814754608,0.04706311225891113,True
390,dram,data/train_canonical/ref_0390.png,data/train_canonical/search_0390.png,477.59,568.61,40,9.251,4.23,12.25,-1.45,0.55,0.55,489.9,144.8,0.534,0.0,1.092,0.936,477.5,434.5,134.1100301990869,0.20330214500427246,False,6,484.0,572.0,7.2512205869081265,0.0509037971496582,True
391,finfet,data/train_canonical/ref_0391.png,data/train_canonical/search_0391.png,462.95,615.34,20,9.01,7.23,17.81,1.43,0.27,0.59,317.7,198.2,0.0,0.0,1.098,1.061,462.5,519.5,95.84105644242455,0.20659756660461426,True,11,460.0,620.0,5.515260646605891,0.04337310791015625,True
392,dram,data/train_canonical/ref_0392.png,data/train_canonical/search_0392.png,446.28,497.62,41,10.518,5.01,17.02,1.88,0.2,0.58,478.4,145.0,0.649,0.0,0.984,1.122,446.5,497.5,0.2505992817228595,0.20371222496032715,True,9,452.0,500.0,6.195385379457867,0.04492306709289551,True
393,finfet,data/train_canonical/ref_0393.png,data/train_canonical/search_0393.png,461.12,494.68,22,9.596,7.72,14.04,1.69,0.25,0.86,531.3,158.7,0.0,0.0,0.995,0.953,461.5,494.5,0.42047592083257157,0.20447707176208496,True,7,460.0,500.0,5.436616594905322,0.042882680892944336,True
394,dram,data/train_canonical/ref_0394.png,data/train_canonical/search_0394.png,408.92,630.16,40,9.42,5.84,17.38,-2.44,0.27,0.51,315.2,187.1,0.0,0.0021,0.966,0.986,408.5,507.5,122.66071905871085,0.19473552703857422,True,6,412.0,628.0,3.7619144062564427,0.05040884017944336,True
395,dram,data/train_canonical/ref_0395.png,data/train_canonical/search_0395.png,559.71,544.33,41,10.797,7.0,16.18,-1.08,0.24,0.85,349.9,157.9,0.0,0.0,0.954,1.086,559.5,476.5,67.83032507662045,0.15643978118896484,True,8,564.0,548.0,5.645617769562458,0.04362773895263672,True
396,dram,data/train_canonical/ref_0396.png,data/train_canonical/search_0396.png,581.24,606.59,35,10.216,7.52,17.18,2.86,0.43,0.83,321.0,127.6,0.0,0.0,1.048,1.042,581.0,504.0,102.59028072873184,0.1911299228668213,True,6,580.0,604.0,2.8715326917867725,0.04521989822387695,True
397,dram,data/train_canonical/ref_0397.png,data/train_canonical/search_0397.png,558.29,486.8,42,9.135,6.5,12.51,-0.72,0.34,0.86,459.2,129.2,0.0,0.0,0.967,0.883,558.5,486.5,0.36619666847204124,0.2016284465789795,True,11,556.0,492.0,5.681909890168949,0.04227566719055176,True
398,finfet,data/train_canonical/ref_0398.png,data/train_canonical/search_0398.png,589.59,429.52,28,9.04,6.24,11.34,1.91,0.51,0.57,332.1,128.2,0.0,0.0,1.014,0.886,589.5,517.5,87.98004603317733,0.20333361625671387,True,10,588.0,668.0,238.48530038557934,0.04508352279663086,True
399,dram,data/train_canonical/ref_0399.png,data/train_canonical/search_0399.png,598.89,444.63,35,9.037,5.47,11.97,-2.12,0.5,0.78,483.5,96.7,0.576,0.0,0.966,1.096,475.5,444.5,123.39006848202978,0.21000003814697266,True,5,604.0,444.0,5.148689153561335,0.04528999328613281,True
400,dram,data/train_canonical/ref_0400.png,data/train_canonical/search_0400.png,608.5,406.39,35,9.232,6.7,14.66,2.95,0.43,0.63,429.9,124.8,0.0,0.0,1.096,0.949,525.5,406.5,83.00007289153426,0.21650028228759766,False,7,612.0,412.0,6.612268899553326,0.055434465408325195,True
401,finfet,data/train_canonical/ref_0401.png,data/train_canonical/search_0401.png,448.81,548.12,21,9.264,6.54,12.74,-2.13,0.44,0.4,510.3,147.1,0.572,0.0,0.911,1.017,448.5,507.5,40.62118289759667,0.1919248104095459,False,8,452.0,548.0,3.1922562553780027,0.05032968521118164,True
402,dram,data/train_canonical/ref_0402.png,data/train_canonical/search_0402.png,416.6,563.53,37,9.59,6.27,13.99,-2.35,0.42,0.51,546.4,81.5,0.0,0.0,0.941,0.926,416.5,563.5,0.10440306508911944,0.19456768035888672,True,6,420.0,564.0,3.432331569064951,0.05038809776306152,True
403,dram,data/train_canonical/ref_0403.png,data/train_canonical/search_0403.png,536.23,406.54,37,9.6,4.06,17.69,0.46,0.48,0.64,351.2,173.8,0.77,0.0,1.07,1.038,536.5,406.5,0.27294688127910866,0.21483302116394043,True,5,540.0,412.0,6.635096080690892,0.04631996154785156,True
404,finfet,data/train_canonical/ref_0404.png,data/train_canonical/search_0404.png,608.36,478.02,24,10.38,4.96,13.73,1.19,0.52,0.66,391.7,85.8,0.0,0.0003,1.045,0.958,575.5,478.5,32.863505595112656,0.20087981224060059,False,7,604.0,476.0,4.8052055106935905,0.04708361625671387,True
405,finfet,data/train_canonical/ref_0405.png,data/train_canonical/search_0405.png,549.32,632.7,21,10.458,7.34,13.48,-1.37,0.34,0.86,581.6,179.9,0.417,0.0,1.07,0.966,549.5,496.5,136.20011894267938,0.2047135829925537,True,3,548.0,628.0,4.881843913932578,0.04427289962768555,True
406,dram,data/train_canonical/ref_0406.png,data/train_canonical/search_0406.png,399.23,525.23,43,9.461,6.91,12.43,-0.47,0.46,0.52,595.4,141.5,0.695,0.0,1.037,0.886,540.5,511.5,141.93563963994384,0.21872687339782715,False,11,396.0,516.0,9.77884451251785,0.04282498359680176,True
407,finfet,data/train_canonical/ref_0407.png,data/train_canonical/search_0407.png,376.35,582.79,26,10.618,5.23,16.91,-0.65,0.29,0.59,330.7,152.1,0.0,0.0006,1.011,1.001,596.5,582.5,220.1501910060493,0.19604706764221191,True,11,380.0,588.0,6.3613363375945005,0.04572129249572754,True
408,finfet,data/train_canonical/ref_0408.png,data/train_canonical/search_0408.png,521.13,617.86,26,9.097,5.61,13.08,1.19,0.49,0.79,438.3,81.0,0.0,0.0009,1.062,1.129,521.5,469.5,148.36046137701246,0.19003009796142578,True,12,524.0,620.0,3.5800139664531994,0.041500091552734375,True
409,finfet,data/train_canonical/ref_0409.png,data/train_canonical/search_0409.png,623.77,395.39,25,10.233,5.95,12.98,1.59,0.22,0.84,370.2,184.0,0.0,0.0006,1.036,0.963,437.0,525.0,227.3362817501861,0.20105862617492676,False,9,628.0,396.0,4.27375712927164,0.048603057861328125,True
410,finfet,data/train_canonical/ref_0410.png,data/train_canonical/search_0410.png,522.5,544.71,24,9.093,5.48,14.58,0.61,0.56,0.84,499.3,88.3,0.0,0.0,0.973,0.963,522.5,544.5,0.21000000000003638,0.2011280059814453,True,8,524.0,548.0,3.6158124951385076,0.04075789451599121,True
411,finfet,data/train_canonical/ref_0411.png,data/train_canonical/search_0411.png,466.59,456.37,29,9.589,7.18,14.1,2.62,0.56,0.63,565.9,181.2,0.0,0.0,0.972,1.039,466.5,456.5,0.158113883008401,0.20771265029907227,True,7,468.0,460.0,3.8942264957241557,0.0436251163482666,True
412,finfet,data/train_canonical/ref_0412.png,data/train_canonical/search_0412.png,512.52,368.04,24,9.406,6.83,14.09,2.26,0.52,0.56,538.8,152.7,0.0,0.0,1.03,0.926,512.5,534.5,166.46000120148983,0.2041611671447754,False,5,516.0,372.0,5.271811832757308,0.044806480407714844,True
413,dram,data/train_canonical/ref_0413.png,data/train_canonical/search_0413.png,438.1,481.9,41,10.776,4.28,13.8,0.19,0.29,0.75,310.3,199.5,0.0,0.0,0.995,1.127,438.5,481.5,0.5656854249492059,0.2190074920654297,True,6,436.0,484.0,2.9698484809835315,0.04549527168273926,True
414,dram,data/train_canonical/ref_0414.png,data/train_canonical/search_0414.png,396.0,435.55,39,9.051,4.33,17.69,-1.79,0.38,0.7,402.8,198.6,0.679,0.0007,0.969,0.895,564.5,435.5,168.50000741839744,0.17171978950500488,True,7,396.0,436.0,0.44999999999998863,0.050675153732299805,True
415,dram,data/train_canonical/ref_0415.png,data/train_canonical/search_0415.png,462.94,399.88,37,10.703,5.85,12.94,2.54,0.44,0.52,440.3,195.1,0.0,0.0016,0.984,0.875,462.5,399.5,0.5813776741499406,0.19231915473937988,True,4,468.0,748.0,348.15677215875036,0.044533491134643555,True
416,finfet,data/train_canonical/ref_0416.png,data/train_canonical/search_0416.png,577.45,417.28,28,9.914,6.48,12.24,-0.03,0.6,0.51,590.2,146.3,0.0,0.0019,1.018,1.008,577.0,520.0,102.72098568452313,0.21620869636535645,False,10,580.0,420.0,3.728391073908411,0.036650657653808594,True
417,dram,data/train_canonical/ref_0417.png,data/train_canonical/search_0417.png,398.75,407.5,39,9.485,5.04,13.42,1.97,0.54,0.89,347.0,180.9,0.0,0.0,1.008,1.032,431.5,407.5,32.75,0.20651912689208984,False,4,404.0,412.0,6.914658342969665,0.04900979995727539,True
418,finfet,data/train_canonical/ref_0418.png,data/train_canonical/search_0418.png,612.18,600.55,23,10.064,7.46,13.97,1.14,0.37,0.48,325.2,187.3,0.431,0.0,0.923,1.045,580.0,526.0,81.19886021367535,0.18873071670532227,False,12,620.0,604.0,8.547215920988606,0.040494441986083984,True
419,finfet,data/train_canonical/ref_0419.png,data/train_canonical/search_0419.png,552.6,468.6,21,9.155,5.1,15.53,0.38,0.29,0.47,559.8,191.3,0.0,0.0,1.051,1.024,552.5,468.5,0.14142135623734164,0.20186734199523926,True,6,556.0,476.0,8.143709228600903,0.038567304611206055,True
420,dram,data/train_canonical/ref_0420.png,data/train_canonical/search_0420.png,530.96,620.0,45,9.895,7.36,12.43,-0.65,0.26,0.64,334.3,175.2,0.368,0.0,1.011,0.951,531.0,447.0,173.00000462427738,0.20395898818969727,True,2,532.0,620.0,1.0399999999999636,0.038826704025268555,True
421,finfet,data/train_canonical/ref_0421.png,data/train_canonical/search_0421.png,630.34,540.0,28,10.217,4.7,17.3,0.1,0.36,0.76,466.1,199.6,0.604,0.0,1.03,0.899,496.0,540.0,134.34000000000003,0.20421266555786133,True,8,540.0,540.0,90.34000000000003,0.040923118591308594,True
422,finfet,data/train_canonical/ref_0422.png,data/train_canonical/search_0422.png,515.94,393.35,24,9.193,5.05,17.83,1.47,0.33,0.73,554.1,175.6,0.0,0.0026,0.955,1.025,516.5,581.5,188.15083337577857,0.20361733436584473,True,7,516.0,396.0,2.6506791582535736,0.04277682304382324,True
423,dram,data/train_canonical/ref_0423.png,data/train_canonical/search_0423.png,557.96,527.8,42,9.416,5.7,16.25,1.85,0.44,0.72,507.5,84.1,0.0,0.0005,0.959,0.858,557.5,527.5,0.5491812087098449,0.20288348197937012,True,6,772.0,524.0,214.07372935509855,0.050169944763183594,True
424,dram,data/train_canonical/ref_0424.png,data/train_canonical/search_0424.png,390.84,547.91,45,10.155,4.99,14.9,-0.9,0.23,0.43,461.6,96.6,0.0,0.0008,1.088,1.004,533.0,548.0,142.1600284890236,0.1805722713470459,True,7,396.0,548.0,5.160784824035998,0.04650473594665527,True
425,finfet,data/train_canonical/ref_0425.png,data/train_canonical/search_0425.png,545.63,446.08,24,9.07,4.37,13.83,1.23,0.45,0.57,456.5,106.8,0.689,0.002,1.062,1.143,545.5,446.5,0.439658958739626,0.18452978134155273,False,7,548.0,452.0,6.376778183377575,0.04334402084350586,True
426,dram,data/train_canonical/ref_0426.png,data/train_canonical/search_0426.png,532.66,473.56,40,9.458,6.49,14.16,1.1,0.37,0.57,421.2,189.4,0.0,0.0013,0.986,0.864,532.5,473.5,0.17088007490632162,0.22397875785827637,True,4,540.0,476.0,7.7349337424441105,0.0457606315612793,True
427,finfet,data/train_canonical/ref_0427.png,data/train_canonical/search_0427.png,382.84,379.12,21,9.926,7.48,16.72,0.09,0.38,0.86,444.2,148.2,0.0,0.0,1.068,0.854,500.0,518.0,181.6978811103751,0.20734786987304688,True,9,380.0,380.0,2.973213749463676,0.0434114933013916,True
428,finfet,data/train_canonical/ref_0428.png,data/train_canonical/search_0428.png,422.44,630.13,27,10.184,6.22,14.73,-1.7,0.31,0.72,315.4,186.5,0.467,0.0,1.008,1.048,422.0,496.0,134.13072168597319,0.20557808876037598,False,6,428.0,628.0,5.954032247141428,0.0423731803894043,True
429,dram,data/train_canonical/ref_0429.png,data/train_canonical/search_0429.png,408.35,631.47,36,9.712,6.35,14.87,-1.06,0.46,0.42,321.3,88.3,0.0,0.0,0.982,0.934,408.5,434.5,196.9700571152885,0.19527316093444824,False,7,404.0,636.0,6.280398076555335,0.050138235092163086,True
430,finfet,data/train_canonical/ref_0430.png,data/train_canonical/search_0430.png,625.81,436.67,27,9.85,5.32,13.09,-1.91,0.52,0.9,562.0,128.6,0.541,0.0,1.072,1.058,535.0,533.0,132.38551657942037,0.20367121696472168,True,7,628.0,436.0,2.290196498119814,0.04916095733642578,True
431,finfet,data/train_canonical/ref_0431.png,data/train_canonical/search_0431.png,565.17,552.2,26,9.096,7.06,14.63,-2.38,0.49,0.76,585.5,124.0,0.0,0.0,0.912,0.934,565.5,495.5,56.700960309328146,0.22580766677856445,True,9,564.0,556.0,3.976040744257981,0.04549717903137207,True
432,dram,data/train_canonical/ref_0432.png,data/train_canonical/search_0432.png,616.65,466.82,37,9.417,6.18,15.63,0.04,0.23,0.77,420.0,95.3,0.463,0.0,0.934,1.105,522.5,466.5,94.1505438114937,0.20408153533935547,True,8,620.0,468.0,3.5517460494804762,0.043280601501464844,True
433,finfet,data/train_canonical/ref_0433.png,data/train_canonical/search_0433.png,505.39,495.88,23,10.829,6.38,10.08,-2.66,0.41,0.76,320.0,155.6,0.0,0.0,0.995,1.093,505.5,495.5,0.39560080889704907,0.2060997486114502,True,9,508.0,500.0,4.877140555694505,0.04976987838745117,True
434,dram,data/train_canonical/ref_0434.png,data/train_canonical/search_0434.png,451.95,395.9,37,10.579,4.23,15.13,-2.15,0.53,0.67,570.1,143.2,0.324,0.0,0.943,1.065,450.5,395.5,1.5041608956491155,0.21384882926940918,True,5,452.0,396.0,0.1118033988750149,0.05149531364440918,True
435,dram,data/train_canonical/ref_0435.png,data/train_canonical/search_0435.png,444.07,482.58,37,9.478,5.58,12.02,-1.16,0.5,0.72,361.1,96.0,0.0,0.0,1.032,0.995,444.5,482.5,0.43737855457258457,0.21099138259887695,True,3,444.0,484.0,1.4217243052012738,0.04702615737915039,True
436,dram,data/train_canonical/ref_0436.png,data/train_canonical/search_0436.png,453.08,464.81,37,10.067,5.99,11.61,-1.07,0.26,0.72,473.4,110.4,0.515,0.0,0.905,0.891,453.0,465.0,0.20615528128087476,0.19578194618225098,True,6,460.0,468.0,7.619875327064099,0.046977996826171875,True
437,dram,data/train_canonical/ref_0437.png,data/train_canonical/search_0437.png,624.45,507.47,44,9.488,4.51,17.21,-0.52,0.6,0.47,510.5,140.2,0.0,0.0026,0.973,1.144,429.5,507.5,194.9500023082842,0.22870779037475586,True,6,628.0,516.0,9.239231569778907,0.042109012603759766,True
438,dram,data/train_canonical/ref_0438.png,data/train_canonical/search_0438.png,592.73,605.36,42,10.765,4.51,14.29,-0.12,0.56,0.54,464.9,135.3,0.535,0.0,1.075,0.959,592.5,604.5,0.8902246907382607,0.2046806812286377,True,10,588.0,604.0,4.921635906891144,0.045935869216918945,True
439,finfet,data/train_canonical/ref_0439.png,data/train_canonical/search_0439.png,541.5,454.9,20,10.057,4.5,17.59,-1.72,0.32,0.6,495.4,89.2,0.683,0.0,0.999,0.991,541.0,455.0,0.509901951359283,0.19512391090393066,True,7,540.0,460.0,5.316013544000827,0.04922080039978027,True
440,dram,data/train_canonical/ref_0440.png,data/train_canonical/search_0440.png,495.83,589.28,43,9.235,5.58,13.6,1.73,0.57,0.84,380.8,106.5,0.0,0.0016,1.012,0.944,495.5,589.5,0.3966106403010407,0.20776915550231934,True,4,500.0,588.0,4.362029344238764,0.04843282699584961,True
441,dram,data/train_canonical/ref_0441.png,data/train_canonical/search_0441.png,385.94,515.22,39,10.033,5.66,10.52,1.82,0.21,0.59,535.2,107.6,0.0,0.0016,0.929,1.101,433.0,515.0,47.060514234334505,0.2189490795135498,True,3,388.0,516.0,2.202725584361331,0.051223039627075195,True
442,dram,data/train_canonical/ref_0442.png,data/train_canonical/search_0442.png,470.54,369.92,35,10.873,5.74,10.89,2.47,0.39,0.78,596.1,110.2,0.719,0.0,0.921,0.947,470.5,527.5,157.5800050767863,0.20992541313171387,True,6,468.0,372.0,3.282986445296422,0.05067610740661621,True
443,dram,data/train_canonical/ref_0443.png,data/train_canonical/search_0443.png,512.31,566.1,38,9.239,5.43,16.95,-2.46,0.45,0.79,582.3,85.1,0.0,0.0009,1.036,1.073,512.5,566.5,0.44283179650969345,0.20655250549316406,True,6,516.0,572.0,6.9588864051657096,0.05255913734436035,True
444,finfet,data/train_canonical/ref_0444.png,data/train_canonical/search_0444.png,396.58,590.04,25,9.206,4.67,10.58,0.63,0.46,0.75,484.6,138.5,0.0,0.0,0.969,1.087,497.5,590.5,100.92104834968771,0.1943821907043457,False,8,396.0,588.0,2.1208488866488895,0.04073739051818848,True
445,finfet,data/train_canonical/ref_0445.png,data/train_canonical/search_0445.png,502.79,576.94,29,10.062,4.29,16.91,0.93,0.31,0.63,439.6,121.4,0.665,0.0,0.979,0.941,503.0,577.0,0.21840329667838088,0.20771312713623047,True,9,500.0,580.0,4.140978145317816,0.040123701095581055,True
446,dram,data/train_canonical/ref_0446.png,data/train_canonical/search_0446.png,435.39,443.26,36,9.026,6.93,10.01,-2.98,0.47,0.41,583.5,172.2,0.0,0.0,0.991,0.875,435.5,443.5,0.26400757564889565,0.16220593452453613,True,7,436.0,444.0,0.9590099061010945,0.04519844055175781,True
447,finfet,data/train_canonical/ref_0447.png,data/train_canonical/search_0447.png,622.2,384.67,30,10.133,7.43,16.38,2.42,0.36,0.48,513.3,195.9,0.38,0.0,1.012,1.143,537.0,462.0,115.06071831863386,0.2158041000366211,False,8,620.0,388.0,3.991102604544275,0.04372215270996094,True
448,finfet,data/train_canonical/ref_0448.png,data/train_canonical/search_0448.png,502.35,610.93,30,10.214,6.61,10.55,0.9,0.45,0.57,317.8,195.3,0.0,0.0,1.092,1.009,502.0,530.0,80.93075682334863,0.17967462539672852,True,12,420.0,612.0,82.35695113346537,0.04331016540527344,True
449,dram,data/train_canonical/ref_0449.png,data/train_canonical/search_0449.png,573.02,506.64,37,9.445,6.4,10.8,1.58,0.23,0.59,411.1,87.7,0.732,0.0017,1.061,1.015,572.5,506.5,0.5385164807134293,0.20593500137329102,True,8,572.0,508.0,1.7,0.04676556587219238,True
450,dram,data/train_canonical/ref_0450.png,data/train_canonical/search_0450.png,556.31,530.99,35,10.505,7.33,14.34,2.89,0.21,0.44,427.1,164.3,0.0,0.0,1.038,0.869,556.5,531.5,0.5442425929675216,0.1944730281829834,True,6,556.0,532.0,1.0565036677645505,0.050128936767578125,True
451,dram,data/train_canonical/ref_0451.png,data/train_canonical/search_0451.png,576.14,509.55,36,10.182,5.52,10.62,-0.87,0.34,0.56,490.5,113.0,0.0,0.0003,0.999,1.035,576.0,509.0,0.5675385449465161,0.20175886154174805,True,5,580.0,364.0,145.6011747892166,0.04281759262084961,True
452,finfet,data/train_canonical/ref_0452.png,data/train_canonical/search_0452.png,611.27,523.49,22,9.33,4.95,10.63,1.98,0.54,0.7,365.7,89.2,0.391,0.0,0.909,0.98,504.5,523.5,106.77000046829632,0.1913912296295166,False,10,612.0,524.0,0.8905054744357371,0.04070925712585449,True
453,finfet,data/train_canonical/ref_0453.png,data/train_canonical/search_0453.png,459.54,613.58,22,10.802,7.91,17.72,-0.77,0.38,0.55,547.0,193.5,0.0,0.0,0.949,1.027,459.5,552.5,61.08001309757559,0.16228580474853516,False,9,460.0,612.0,1.6456001944579706,0.04336261749267578,True
454,dram,data/train_canonical/ref_0454.png,data/train_canonical/search_0454.png,525.48,492.12,45,10.821,6.4,14.14,1.09,0.47,0.88,599.4,151.3,0.0,0.0,1.068,0.867,525.5,492.5,0.38052595180880344,0.20712852478027344,True,7,532.0,492.0,6.521104200976992,0.04527878761291504,True
455,dram,data/train_canonical/ref_0455.png,data/train_canonical/search_0455.png,589.51,450.82,42,9.006,6.81,16.48,0.4,0.6,0.74,304.6,86.8,0.638,0.0027,0.903,0.924,589.5,544.5,93.68000053373186,0.19573402404785156,True,4,596.0,452.0,6.59640053362439,0.04475998878479004,True
456,finfet,data/train_canonical/ref_0456.png,data/train_canonical/search_0456.png,373.28,503.41,24,10.866,4.12,11.52,1.68,0.29,0.4,550.9,97.7,0.0,0.0013,0.964,1.027,434.5,503.5,61.22006615481564,0.20811700820922852,True,10,372.0,508.0,4.7651337861595975,0.04135870933532715,True
457,dram,data/train_canonical/ref_0457.png,data/train_canonical/search_0457.png,560.17,630.81,35,10.645,6.34,14.18,-0.16,0.37,0.85,564.8,137.8,0.0,0.0,0.959,0.866,560.5,502.5,128.31042436216936,0.19158411026000977,True,3,564.0,628.0,4.7502631506054485,0.058248281478881836,True
458,finfet,data/train_canonical/ref_0458.png,data/train_canonical/search_0458.png,473.47,415.27,21,10.326,4.59,12.04,1.3,0.3,0.41,381.4,157.4,0.0,0.0,0.97,1.005,473.5,479.5,64.23000700607156,0.23374199867248535,False,5,476.0,420.0,5.364121549704111,0.0486454963684082,True
459,dram,data/train_canonical/ref_0459.png,data/train_canonical/search_0459.png,534.85,487.43,35,9.911,7.63,16.63,1.6,0.36,0.41,548.9,151.4,0.0,0.0,1.099,1.087,535.0,487.0,0.45541190146942695,0.21196722984313965,True,16,540.0,484.0,6.187681310474854,0.04588031768798828,True
460,finfet,data/train_canonical/ref_0460.png,data/train_canonical/search_0460.png,437.52,541.08,23,10.612,7.68,12.36,2.78,0.4,0.88,471.6,140.9,0.0,0.0,1.064,0.952,437.5,541.5,0.420475920832531,0.19826269149780273,False,9,444.0,540.0,6.569383532722102,0.04874706268310547,True
461,finfet,data/train_canonical/ref_0461.png,data/train_canonical/search_0461.png,386.44,416.49,29,9.086,5.78,13.69,2.42,0.31,0.79,355.7,96.7,0.0,0.0,0.929,0.97,504.5,416.5,118.06000042351346,0.19145798683166504,True,7,388.0,420.0,3.8410545427004736,0.05082392692565918,True
462,dram,data/train_canonical/ref_0462.png,data/train_canonical/search_0462.png,542.63,624.35,36,10.377,5.82,11.93,-1.5,0.51,0.77,523.0,137.8,0.716,0.0,0.978,0.907,542.5,495.5,128.85006558011526,0.210951566696167,True,5,540.0,628.0,4.498822068052904,0.05270552635192871,True
463,dram,data/train_canonical/ref_0463.png,data/train_canonical/search_0463.png,627.88,588.45,45,9.663,5.69,15.91,-0.73,0.59,0.46,482.7,172.3,0.314,0.0013,1.087,1.078,525.5,588.5,102.38001220941517,0.20240020751953125,True,2,636.0,588.0,8.132459652528263,0.0476226806640625,True
464,dram,data/train_canonical/ref_0464.png,data/train_canonical/search_0464.png,496.41,434.27,35,10.461,6.27,16.88,1.21,0.44,0.48,553.9,122.3,0.318,0.0,1.093,1.07,496.5,434.5,0.24698178070457721,0.19335675239562988,True,6,500.0,436.0,3.9850972384623042,0.05254793167114258,True
465,finfet,data/train_canonical/ref_0465.png,data/train_canonical/search_0465.png,376.81,444.05,30,10.692,4.35,15.46,-2.35,0.35,0.57,380.3,111.7,0.0,0.0005,1.035,1.061,446.5,495.5,86.6244688295403,0.1935889720916748,False,11,380.0,444.0,3.1903918254659547,0.04591035842895508,True
466,finfet,data/train_canonical/ref_0466.png,data/train_canonical/search_0466.png,584.29,475.53,27,10.767,6.41,11.2,-1.12,0.31,0.51,545.1,164.5,0.737,0.0002,0.931,0.896,584.5,475.5,0.2121320343559964,0.18844366073608398,True,6,588.0,476.0,3.7396523902630703,0.045522451400756836,True
467,finfet,data/train_canonical/ref_0467.png,data/train_canonical/search_0467.png,414.84,534.96,24,10.431,6.58,17.24,0.42,0.53,0.67,335.2,87.5,0.0,0.0,1.067,0.962,414.5,534.5,0.5720139858430181,0.1520233154296875,True,10,420.0,532.0,5.948714146771593,0.04107236862182617,True
468,finfet,data/train_canonical/ref_0468.png,data/train_canonical/search_0468.png,382.89,580.25,27,9.794,7.73,16.24,2.76,0.36,0.53,502.2,181.9,0.0,0.0,1.067,0.879,533.0,580.0,150.11020818052316,0.19979572296142578,True,11,388.0,572.0,9.704359844935684,0.041002511978149414,True
469,dram,data/train_canonical/ref_0469.png,data/train_canonical/search_0469.png,624.05,519.22,39,9.1,6.54,17.25,-1.61,0.32,0.65,408.8,192.3,0.0,0.0,0.997,1.076,413.5,519.5,210.5501861789725,0.21587252616882324,True,9,620.0,524.0,6.2650538704786385,0.047692298889160156,True
470,finfet,data/train_canonical/ref_0470.png,data/train_canonical/search_0470.png,452.93,446.72,23,9.01,4.01,16.56,-1.26,0.49,0.75,304.0,136.0,0.0,0.0,0.903,1.076,452.5,446.5,0.48301138702935137,0.21076536178588867,True,7,452.0,452.0,5.361277832755893,0.0421445369720459,True
471,dram,data/train_canonical/ref_0471.png,data/train_canonical/search_0471.png,572.24,466.44,42,10.038,5.91,14.69,0.57,0.37,0.41,517.2,154.3,0.716,0.0,0.963,0.931,572.0,466.0,0.501198563445669,0.19729113578796387,True,6,572.0,468.0,1.5783535725559124,0.04151153564453125,True
472,finfet,data/train_canonical/ref_0472.png,data/train_canonical/search_0472.png,627.11,547.93,22,9.965,7.43,13.56,-1.11,0.27,0.68,360.1,186.0,0.0,0.0026,0.982,1.039,510.0,548.0,117.11002092050023,0.1969318389892578,False,7,628.0,548.0,0.892748564826616,0.040055274963378906,True
473,dram,data/train_canonical/ref_0473.png,data/train_canonical/search_0473.png,614.06,369.39,41,9.846,6.22,15.75,2.14,0.2,0.62,377.2,89.8,0.0,0.0,1.096,1.096,515.5,433.5,117.57621230504064,0.2041492462158203,False,6,612.0,372.0,3.325011278176338,0.04462003707885742,True
474,finfet,data/train_canonical/ref_0474.png,data/train_canonical/search_0474.png,451.8,506.53,30,9.701,5.75,15.35,2.7,0.24,0.48,417.1,120.1,0.0,0.0025,1.034,0.977,452.5,506.5,0.7006425622241218,0.19431114196777344,True,3,460.0,508.0,8.330720256976578,0.041059017181396484,True
475,finfet,data/train_canonical/ref_0475.png,data/train_canonical/search_0475.png,617.21,630.68,23,9.723,7.27,15.49,1.03,0.59,0.79,577.0,119.5,0.572,0.0004,0.972,0.922,472.5,514.5,185.57687490633091,0.20502662658691406,False,9,620.0,628.0,3.8686560974063755,0.039760589599609375,True
476,finfet,data/train_canonical/ref_0476.png,data/train_canonical/search_0476.png,614.6,477.65,25,10.361,7.14,12.13,-1.73,0.54,0.65,303.1,115.9,0.0,0.0,0.931,1.047,490.5,477.5,124.10009065266634,0.21068167686462402,False,11,620.0,484.0,8.335616353935684,0.04049229621887207,True
477,dram,data/train_canonical/ref_0477.png,data/train_canonical/search_0477.png,555.12,376.61,41,9.848,6.18,11.38,2.82,0.55,0.58,534.1,104.9,0.796,0.0,0.921,0.946,555.0,485.0,108.39006642677177,0.211517333984375,True,5,556.0,372.0,4.69323981914414,0.059252023696899414,True
478,dram,data/train_canonical/ref_0478.png,data/train_canonical/search_0478.png,410.45,617.67,36,9.516,6.03,10.76,1.09,0.58,0.53,401.7,181.5,0.0,0.0021,0.941,1.128,410.5,478.5,139.17000898182047,0.2110135555267334,False,6,412.0,620.0,2.798463864337045,0.046921491622924805,True
479,dram,data/train_canonical/ref_0479.png,data/train_canonical/search_0479.png,485.78,391.65,45,10.04,4.06,11.26,2.94,0.29,0.73,422.5,172.0,0.301,0.0,1.093,1.122,486.0,512.0,120.35020108001484,0.20968127250671387,False,6,492.0,396.0,7.590184450986718,0.04718518257141113,True
480,finfet,data/train_canonical/ref_0480.png,data/train_canonical/search_0480.png,453.72,586.73,27,10.368,6.01,14.72,0.57,0.33,0.58,448.8,125.3,0.638,0.0,0.99,0.918,453.5,515.5,71.23033974367947,0.19579410552978516,True,6,452.0,588.0,2.1380598681982805,0.03748965263366699,True
481,finfet,data/train_canonical/ref_0481.png,data/train_canonical/search_0481.png,480.73,451.84,24,10.003,6.45,14.77,-1.98,0.51,0.57,521.5,167.4,0.0,0.0023,1.075,1.083,481.0,452.0,0.31384709652950143,0.20254778861999512,True,4,484.0,452.0,3.273912033027138,0.042961835861206055,True
482,finfet,data/train_canonical/ref_0482.png,data/train_canonical/search_0482.png,587.2,458.59,22,10.419,5.69,14.48,0.15,0.46,0.51,537.7,117.5,0.0,0.0,1.048,0.999,587.5,458.5,0.31320919526726576,0.20147347450256348,True,9,588.0,460.0,1.6211415730897774,0.03753209114074707,True
483,finfet,data/train_canonical/ref_0483.png,data/train_canonical/search_0483.png,464.33,550.5,22,9.086,7.7,11.79,1.45,0.23,0.52,317.3,170.5,0.62,0.0,0.904,1.078,464.5,550.5,0.17000000000001592,0.19964098930358887,True,7,468.0,548.0,4.440596806736694,0.04054737091064453,True
484,finfet,data/train_canonical/ref_0484.png,data/train_canonical/search_0484.png,452.34,585.4,25,9.424,7.13,12.8,-1.04,0.26,0.54,533.9,171.3,0.516,0.0,1.08,0.898,452.5,458.5,126.90010086678417,0.21231627464294434,True,4,452.0,588.0,2.622136533439878,0.04035687446594238,True
485,dram,data/train_canonical/ref_0485.png,data/train_canonical/search_0485.png,600.86,560.5,43,10.58,4.11,15.82,-2.87,0.42,0.44,416.8,183.0,0.0,0.0014,0.966,0.966,600.5,507.5,53.00122262740738,0.199446439743042,False,9,604.0,556.0,5.487221519129688,0.04670286178588867,True
486,finfet,data/train_canonical/ref_0486.png,data/train_canonical/search_0486.png,505.92,548.05,20,10.49,7.95,10.54,-0.03,0.51,0.84,421.4,144.4,0.0,0.0,0.934,0.875,505.5,491.5,56.551559660189696,0.1933457851409912,True,9,508.0,548.0,2.080600874747468,0.0380706787109375,True
487,dram,data/train_canonical/ref_0487.png,data/train_canonical/search_0487.png,365.77,566.19,44,10.922,5.0,12.88,1.05,0.28,0.44,316.9,154.6,0.0,0.0,1.011,1.029,498.5,566.5,132.73036201261564,0.16984272003173828,False,6,372.0,564.0,6.603711077871325,0.04601573944091797,True
488,finfet,data/train_canonical/ref_0488.png,data/train_canonical/search_0488.png,514.44,605.1,22,10.126,6.11,14.19,0.09,0.4,0.66,545.6,93.4,0.0,0.0,0.905,0.864,514.0,526.0,79.10122375791669,0.20183682441711426,False,12,508.0,332.0,273.17592060794817,0.036293983459472656,True
489,finfet,data/train_canonical/ref_0489.png,data/train_canonical/search_0489.png,572.06,424.73,28,9.095,5.33,11.67,-2.91,0.25,0.48,307.8,80.2,0.0,0.0,1.03,1.059,572.5,424.5,0.49648766349231316,0.19766449928283691,True,10,236.0,428.0,336.0759088360842,0.04428815841674805,True
490,dram,data/train_canonical/ref_0490.png,data/train_canonical/search_0490.png,483.34,397.47,45,10.655,6.46,13.73,0.72,0.55,0.47,317.8,164.2,0.0,0.0004,0.937,1.145,483.5,397.5,0.16278820596101662,0.22893548011779785,True,7,484.0,396.0,1.6113658802395292,0.04055285453796387,True
491,finfet,data/train_canonical/ref_0491.png,data/train_canonical/search_0491.png,615.25,564.88,23,10.9,4.52,11.82,1.94,0.28,0.59,309.0,109.5,0.0,0.0014,1.035,0.899,501.5,564.5,113.75063472350385,0.21513938903808594,False,7,612.0,564.0,3.3670313333855377,0.04091215133666992,True
492,dram,data/train_canonical/ref_0492.png,data/train_canonical/search_0492.png,376.49,478.55,38,9.201,6.86,16.15,-2.24,0.41,0.86,509.4,174.0,0.622,0.0011,0.972,0.87,525.5,478.5,149.01000838869848,0.20732760429382324,True,6,380.0,476.0,4.33850204563741,0.046007633209228516,True
493,dram,data/train_canonical/ref_0493.png,data/train_canonical/search_0493.png,519.94,593.79,36,10.738,4.95,16.72,1.01,0.49,0.68,392.4,175.6,0.399,0.0,0.926,1.105,519.5,593.5,0.5269724850502414,0.20849323272705078,True,7,516.0,596.0,4.517488240161848,0.04685521125793457,True
494,dram,data/train_canonical/ref_0494.png,data/train_canonical/search_0494.png,618.05,523.83,39,10.232,7.3,12.13,2.26,0.28,0.72,325.8,180.2,0.0,0.0015,1.03,1.142,536.5,524.5,81.55275225275965,0.2056412696838379,True,4,620.0,524.0,1.9573962296888598,0.043931007385253906,True
495,finfet,data/train_canonical/ref_0495.png,data/train_canonical/search_0495.png,497.57,425.33,24,9.717,6.62,15.78,-2.04,0.28,0.61,583.9,180.1,0.0,0.0,0.998,0.936,497.5,521.5,96.17002547571671,0.1907024383544922,True,3,500.0,428.0,3.610235449385555,0.04374051094055176,True
496,dram,data/train_canonical/ref_0496.png,data/train_canonical/search_0496.png,600.48,368.48,38,9.108,7.51,14.76,-0.08,0.5,0.87,456.7,149.2,0.0,0.0,0.927,1.104,504.5,597.5,248.31899001083264,0.20026087760925293,True,9,604.0,372.0,4.978031739553269,0.045503854751586914,True
497,finfet,data/train_canonical/ref_0497.png,data/train_canonical/search_0497.png,406.12,450.86,20,9.544,5.75,15.48,2.54,0.42,0.89,385.6,195.4,0.0,0.0,0.99,1.126,406.5,450.5,0.5234500931321021,0.21354937553405762,True,7,404.0,452.0,2.4070729112347196,0.04938554763793945,True
498,finfet,data/train_canonical/ref_0498.png,data/train_canonical/search_0498.png,553.16,605.78,28,9.084,4.48,11.27,-1.67,0.37,0.89,397.6,130.5,0.0,0.0005,1.051,1.065,553.5,478.5,127.28045411609747,0.2126457691192627,False,9,556.0,604.0,3.3517159784206183,0.043398141860961914,True
499,dram,data/train_canonical/ref_0499.png,data/train_canonical/search_0499.png,609.4,382.33,44,9.861,6.31,12.74,-0.71,0.2,0.75,508.9,178.7,0.378,0.0,0.932,1.007,475.0,583.0,241.51978987238292,0.2046365737915039,False,9,612.0,380.0,3.491260517349005,0.044255733489990234,True
500,finfet,data/train_canonical/ref_0500.png,data/train_canonical/search_0500.png,421.18,619.91,26,10.245,5.83,11.2,-0.26,0.34,0.84,494.1,98.2,0.0,0.0,0.913,1.085,542.5,541.5,144.45300446858138,0.18817877769470215,True,7,420.0,620.0,1.1834272263219323,0.038889408111572266,True
501,finfet,data/train_canonical/ref_0501.png,data/train_canonical/search_0501.png,542.04,534.25,24,9.239,6.65,17.99,-1.61,0.5,0.78,440.1,180.1,0.0,0.0025,1.071,0.883,542.5,534.5,0.523545604508369,0.2005472183227539,True,13,548.0,532.0,6.3705651240686985,0.040746212005615234,True
502,dram,data/train_canonical/ref_0502.png,data/train_canonical/search_0502.png,437.43,441.09,43,10.363,5.95,17.87,0.03,0.22,0.51,351.0,120.5,0.329,0.0007,0.986,0.861,437.5,441.5,0.41593268686173196,0.19156932830810547,True,6,436.0,444.0,3.2423756722502355,0.04407167434692383,True
503,finfet,data/train_canonical/ref_0503.png,data/train_canonical/search_0503.png,502.51,568.46,21,10.766,7.81,10.61,2.09,0.43,0.56,479.8,180.7,0.0,0.0,1.089,0.972,502.5,568.5,0.041231056256139105,0.15883755683898926,True,5,500.0,572.0,4.3395506679839215,0.04180431365966797,True
504,dram,data/train_canonical/ref_0504.png,data/train_canonical/search_0504.png,491.04,478.49,38,10.115,6.97,12.8,-2.72,0.43,0.67,476.2,190.3,0.0,0.0009,1.085,1.097,491.0,478.0,0.4916299421312849,0.24599456787109375,True,3,492.0,484.0,5.593004559268646,0.05424356460571289,True
505,finfet,data/train_canonical/ref_0505.png,data/train_canonical/search_0505.png,522.93,470.3,20,10.717,5.89,10.37,0.4,0.33,0.53,419.4,197.6,0.658,0.0,0.937,1.102,523.5,470.5,0.6040695324216017,0.2243812084197998,True,6,524.0,364.0,106.30538509407697,0.04230356216430664,True
506,finfet,data/train_canonical/ref_0506.png,data/train_canonical/search_0506.png,478.89,407.99,20,10.522,4.72,14.27,0.28,0.4,0.53,528.6,113.0,0.0,0.0,1.008,1.144,478.5,508.5,100.51075663828223,0.20575380325317383,False,6,484.0,412.0,6.495552324475577,0.038048744201660156,True
507,dram,data/train_canonical/ref_0507.png,data/train_canonical/search_0507.png,459.26,374.35,37,10.269,7.75,12.44,-0.61,0.44,0.8,490.8,191.3,0.6,0.0,0.978,1.138,459.5,500.5,126.15022829943668,0.1824052333831787,False,6,460.0,380.0,5.698254118587531,0.04192495346069336,True
508,dram,data/train_canonical/ref_0508.png,data/train_canonical/search_0508.png,529.15,441.58,36,10.779,7.49,15.54,-1.17,0.43,0.82,489.6,141.7,0.428,0.0003,1.083,0.987,529.5,441.5,0.35902646142034345,0.21529507637023926,True,3,532.0,444.0,3.7388367174831543,0.04304766654968262,True
509,finfet,data/train_canonical/ref_0509.png,data/train_canonical/search_0509.png,383.68,451.17,23,9.899,6.2,11.34,-0.95,0.32,0.51,414.7,164.1,0.0,0.0,0.922,0.998,477.0,451.0,93.3201548434206,0.2057030200958252,False,12,388.0,452.0,4.399011252542998,0.039508819580078125,True
510,finfet,data/train_canonical/ref_0510.png,data/train_canonical/search_0510.png,391.17,580.83,26,9.201,4.1,14.49,-0.23,0.27,0.87,479.0,82.3,0.0,0.0,0.928,0.951,398.5,509.5,71.70563297259153,0.2042388916015625,False,6,396.0,580.0,4.900795853736402,0.040238142013549805,True
511,dram,data/train_canonical/ref_0511.png,data/train_canonical/search_0511.png,531.05,487.84,37,10.6,7.61,11.16,-2.7,0.26,0.57,395.6,120.3,0.0,0.0,1.03,0.981,478.5,487.5,52.55109989334186,0.21444058418273926,True,9,532.0,492.0,4.267095030579972,0.04596138000488281,True
512,finfet,data/train_canonical/ref_0512.png,data/train_canonical/search_0512.png,470.75,580.83,26,10.611,7.86,11.66,1.11,0.49,0.72,540.2,108.5,0.0,0.0,0.986,1.122,470.5,436.5,144.33021651754012,0.20771002769470215,False,5,476.0,580.0,5.315204605657252,0.04108905792236328,True
513,dram,data/train_canonical/ref_0513.png,data/train_canonical/search_0513.png,578.43,539.59,41,9.114,6.18,16.57,-0.94,0.38,0.61,587.4,94.6,0.0,0.0027,1.094,1.106,578.5,503.5,36.09006788577714,0.19960808753967285,False,8,580.0,540.0,1.6226521500309703,0.04225945472717285,True
514,dram,data/train_canonical/ref_0514.png,data/train_canonical/search_0514.png,593.53,481.31,45,9.721,7.14,17.85,0.38,0.3,0.6,533.9,95.7,0.0,0.0,0.997,1.145,593.5,481.5,0.19235384061670693,0.21904301643371582,True,3,596.0,484.0,3.651985761198984,0.0399324893951416,True
515,finfet,data/train_canonical/ref_0515.png,data/train_canonical/search_0515.png,614.46,503.02,23,9.242,6.59,10.41,-1.55,0.31,0.78,519.2,152.9,0.382,0.0,0.949,1.117,578.5,503.5,35.96320341682596,0.2112414836883545,True,9,612.0,500.0,3.895125158451275,0.04363822937011719,True
516,finfet,data/train_canonical/ref_0516.png,data/train_canonical/search_0516.png,431.35,411.07,23,10.945,5.91,13.65,-1.79,0.31,0.45,436.9,181.2,0.342,0.0004,1.005,1.03,431.5,522.5,111.43010096019836,0.2042555809020996,True,4,428.0,412.0,3.47669383178907,0.041704416275024414,True
517,finfet,data/train_canonical/ref_0517.png,data/train_canonical/search_0517.png,384.03,396.26,20,9.812,4.63,15.01,-0.29,0.49,0.7,395.0,132.3,0.539,0.0028,0.95,0.887,578.0,526.0,233.35986908635346,0.19464826583862305,False,11,388.0,396.0,3.9785047442475436,0.03840994834899902,True
518,dram,data/train_canonical/ref_0518.png,data/train_canonical/search_0518.png,548.45,529.12,37,10.863,4.25,13.47,0.66,0.39,0.53,476.2,151.3,0.506,0.0,1.073,0.98,548.5,515.5,13.620091776489618,0.21432948112487793,True,6,548.0,516.0,13.127714957295506,0.04462480545043945,True
519,finfet,data/train_canonical/ref_0519.png,data/train_canonical/search_0519.png,538.91,424.24,30,9.061,7.96,12.79,0.18,0.28,0.67,439.8,123.8,0.0,0.0,0.97,1.0,538.5,538.5,114.26073560064279,0.2045726776123047,True,9,540.0,428.0,3.914805231425952,0.03821563720703125,True
520,finfet,data/train_canonical/ref_0520.png,data/train_canonical/search_0520.png,561.35,444.61,29,10.965,6.6,12.42,1.06,0.45,0.5,492.0,198.8,0.502,0.0,1.024,0.976,561.5,444.5,0.18601075237737247,0.18588519096374512,True,6,564.0,452.0,7.850770662807549,0.04336977005004883,True
521,dram,data/train_canonical/ref_0521.png,data/train_canonical/search_0521.png,497.64,383.32,42,9.517,5.39,16.15,-0.81,0.32,0.7,409.6,182.1,0.0,0.0,0.993,0.864,497.5,484.5,101.18009685704003,0.21934771537780762,True,3,500.0,380.0,4.073327877792312,0.041769981384277344,True
522,dram,data/train_canonical/ref_0522.png,data/train_canonical/search_0522.png,395.13,401.8,45,9.741,7.64,15.28,0.3,0.41,0.44,414.3,182.7,0.0,0.0,0.936,1.114,441.0,474.0,85.53886192836563,0.20204496383666992,True,9,396.0,404.0,2.3657768280207576,0.04110217094421387,True
523,finfet,data/train_canonical/ref_0523.png,data/train_canonical/search_0523.png,384.04,622.15,21,10.546,6.1,13.86,-0.35,0.42,0.43,326.2,126.5,0.563,0.0,1.029,1.061,465.5,462.5,179.231286610346,0.20312142372131348,False,9,380.0,628.0,7.109437389836163,0.03922748565673828,True
524,dram,data/train_canonical/ref_0524.png,data/train_canonical/search_0524.png,365.18,633.69,35,10.532,7.44,13.34,-0.91,0.34,0.8,533.3,150.5,0.0,0.0,1.052,0.982,527.5,477.5,225.2622882330729,0.1971895694732666,False,9,364.0,636.0,2.593935234349494,0.04824352264404297,True
525,finfet,data/train_canonical/ref_0525.png,data/train_canonical/search_0525.png,380.98,384.93,23,9.105,4.52,14.64,-1.21,0.38,0.84,383.3,185.1,0.385,0.0,0.986,1.063,538.5,573.5,245.70550522932936,0.20447611808776855,False,8,388.0,380.0,8.578187454235296,0.060065507888793945,True
526,dram,data/train_canonical/ref_0526.png,data/train_canonical/search_0526.png,446.8,507.51,35,10.41,7.18,11.3,-0.32,0.24,0.43,585.9,150.7,0.0,0.0008,1.083,1.014,443.5,507.5,3.30001515148038,0.20364928245544434,True,7,444.0,508.0,2.8425516705945864,0.04179549217224121,True
527,finfet,data/train_canonical/ref_0527.png,data/train_canonical/search_0527.png,589.01,496.23,26,9.431,7.59,11.24,-1.48,0.46,0.83,335.7,99.2,0.0,0.0,0.955,1.015,589.5,496.5,0.5594640292279738,0.1557307243347168,True,6,596.0,500.0,7.941851169595159,0.04053783416748047,True
528,finfet,data/train_canonical/ref_0528.png,data/train_canonical/search_0528.png,529.11,424.14,25,10.47,4.72,15.53,1.82,0.49,0.6,522.4,191.4,0.0,0.0002,0.926,0.906,529.5,424.5,0.5307541803886232,0.22138667106628418,True,7,532.0,428.0,4.822001659062347,0.04437565803527832,True
529,finfet,data/train_canonical/ref_0529.png,data/train_canonical/search_0529.png,381.83,621.02,25,10.017,7.78,15.02,2.71,0.51,0.6,593.7,135.0,0.0,0.0,0.959,1.12,522.0,464.0,210.48256293574534,0.19929981231689453,False,13,388.0,620.0,6.253742879268396,0.045089006423950195,True
530,finfet,data/train_canonical/ref_0530.png,data/train_canonical/search_0530.png,533.61,390.55,23,9.248,4.34,13.3,-2.63,0.4,0.55,456.4,126.0,0.305,0.0003,0.931,0.868,533.5,523.5,132.95004550582146,0.20298147201538086,False,3,532.0,388.0,3.0157254516948493,0.05077409744262695,True
531,dram,data/train_canonical/ref_0531.png,data/train_canonical/search_0531.png,515.96,461.43,44,10.71,4.65,10.96,0.54,0.39,0.87,518.6,190.7,0.754,0.0014,1.065,1.047,515.5,461.5,0.4652956049653086,0.192047119140625,True,5,516.0,468.0,6.570121764472855,0.04617428779602051,True
532,finfet,data/train_canonical/ref_0532.png,data/train_canonical/search_0532.png,516.01,585.52,24,10.56,4.2,11.14,-0.27,0.21,0.79,542.0,151.3,0.0,0.0,1.04,0.86,516.5,585.5,0.49040799340957747,0.20229816436767578,True,5,516.0,588.0,2.4800201612083903,0.046042442321777344,True
533,finfet,data/train_canonical/ref_0533.png,data/train_canonical/search_0533.png,405.21,533.99,21,10.219,6.44,11.34,0.7,0.49,0.77,389.1,146.6,0.517,0.0,1.055,1.012,406.0,476.0,57.995380850547065,0.2108445167541504,True,11,404.0,540.0,6.1305954033845556,0.050342559814453125,True
534,finfet,data/train_canonical/ref_0534.png,data/train_canonical/search_0534.png,429.6,490.46,21,10.039,5.33,12.41,-2.44,0.29,0.85,498.7,153.4,0.437,0.003,0.953,1.047,430.0,490.0,0.6095900261650964,0.2028944492340088,True,7,428.0,492.0,2.220720603768096,0.049288272857666016,True
535,finfet,data/train_canonical/ref_0535.png,data/train_canonical/search_0535.png,580.4,393.13,20,9.356,4.24,16.58,0.04,0.5,0.85,581.9,138.5,0.33,0.0,0.967,1.05,580.5,541.5,148.37003369953112,0.201462984085083,True,13,580.0,396.0,2.897740499078551,0.04427528381347656,True
536,finfet,data/train_canonical/ref_0536.png,data/train_canonical/search_0536.png,594.04,422.91,21,10.875,6.58,15.43,1.44,0.57,0.75,597.5,184.7,0.562,0.0026,0.939,0.985,594.5,491.5,68.59154248156253,0.196730375289917,True,10,596.0,420.0,3.508518205738754,0.04064202308654785,True
537,dram,data/train_canonical/ref_0537.png,data/train_canonical/search_0537.png,459.69,630.7,39,10.385,4.89,16.69,2.56,0.48,0.83,501.3,164.9,0.335,0.0,1.022,0.886,459.5,480.5,150.2001201730545,0.212890625,False,9,460.0,628.0,2.717738030053715,0.05117940902709961,True
538,dram,data/train_canonical/ref_0538.png,data/train_canonical/search_0538.png,524.8,482.02,40,10.846,7.89,13.79,0.07,0.4,0.58,467.5,85.7,0.0,0.0002,1.031,0.912,524.5,500.5,18.482434904524908,0.19392848014831543,False,6,524.0,388.0,94.02340346956176,0.041327476501464844,False
539,finfet,data/train_canonical/ref_0539.png,data/train_canonical/search_0539.png,494.46,545.09,20,10.567,6.9,17.39,-0.64,0.23,0.69,385.6,197.4,0.745,0.0,1.005,0.956,494.5,545.5,0.41194659848088994,0.20380282402038574,True,10,500.0,340.0,205.16481106661544,0.04052567481994629,True
540,finfet,data/train_canonical/ref_0540.png,data/train_canonical/search_0540.png,388.71,601.06,21,10.285,7.36,10.09,1.16,0.31,0.54,410.7,138.4,0.388,0.0,0.907,0.961,452.5,464.5,150.7242439025653,0.20669865608215332,False,9,388.0,604.0,3.024516490284074,0.040472984313964844,True
541,finfet,data/train_canonical/ref_0541.png,data/train_canonical/search_0541.png,556.45,603.85,28,10.378,4.72,16.58,-2.37,0.29,0.9,456.4,171.8,0.0,0.0,1.073,0.948,556.5,520.5,83.35001499699926,0.20014142990112305,False,4,556.0,604.0,0.47434164902529286,0.0458064079284668,True
542,dram,data/train_canonical/ref_0542.png,data/train_canonical/search_0542.png,469.6,485.35,38,10.162,6.69,12.44,-1.16,0.57,0.8,470.5,115.6,0.0,0.0015,0.989,0.867,470.0,485.0,0.5315072906367304,0.19930648803710938,True,4,476.0,484.0,6.5408332802479965,0.046616315841674805,True
543,finfet,data/train_canonical/ref_0543.png,data/train_canonical/search_0543.png,369.51,569.05,26,10.013,4.44,13.7,2.94,0.57,0.79,322.6,92.9,0.0,0.0,0.939,0.966,572.0,569.0,202.49000617314428,0.1970665454864502,False,8,372.0,572.0,3.860388581477299,0.047210693359375,True
544,finfet,data/train_canonical/ref_0544.png,data/train_canonical/search_0544.png,561.42,384.25,28,10.498,4.6,14.76,-1.11,0.34,0.65,579.6,93.6,0.0,0.0,0.911,1.03,561.5,554.5,170.25001879588737,0.19208645820617676,True,6,564.0,388.0,4.551801841029573,0.04560375213623047,True
545,dram,data/train_canonical/ref_0545.png,data/train_canonical/search_0545.png,546.67,505.73,41,9.307,7.77,16.06,-1.77,0.55,0.87,392.2,139.8,0.0,0.0,0.941,1.078,546.5,505.5,0.2860069929214921,0.20960354804992676,True,4,548.0,508.0,2.630931394012399,0.057596445083618164,True
546,dram,data/train_canonical/ref_0546.png,data/train_canonical/search_0546.png,445.94,396.57,38,10.613,7.53,13.0,-2.13,0.48,0.79,567.4,113.1,0.0,0.0,0.972,0.999,446.5,425.5,28.935419471644096,0.21637821197509766,True,5,452.0,388.0,10.496118330125661,0.06405091285705566,True
547,dram,data/train_canonical/ref_0547.png,data/train_canonical/search_0547.png,391.88,483.47,43,10.154,6.26,13.54,2.13,0.39,0.4,588.7,104.4,0.518,0.0,1.078,0.972,506.0,483.0,114.12096783676522,0.2091360092163086,False,9,388.0,484.0,3.9160311541150863,0.04709506034851074,True
548,dram,data/train_canonical/ref_0548.png,data/train_canonical/search_0548.png,526.65,471.77,45,10.259,6.73,16.46,-2.43,0.5,0.65,346.1,140.7,0.0,0.0,0.961,1.146,526.5,471.5,0.3088689042295831,0.20089077949523926,True,7,532.0,468.0,6.544875858257367,0.05264544486999512,True
549,finfet,data/train_canonical/ref_0549.png,data/train_canonical/search_0549.png,498.08,626.25,22,10.97,7.79,17.45,2.48,0.39,0.89,554.9,113.0,0.412,0.0,0.991,0.945,498.5,489.5,136.75064497105672,0.2138683795928955,True,7,500.0,628.0,2.597864507629307,0.04821372032165527,True
550,dram,data/train_canonical/ref_0550.png,data/train_canonical/search_0550.png,443.34,562.43,43,10.042,5.75,11.44,-1.41,0.3,0.53,479.9,168.2,0.0,0.0,0.996,1.066,443.0,562.0,0.5481788029465751,0.17693209648132324,True,6,444.0,564.0,1.7030854353203158,0.052922964096069336,True
551,dram,data/train_canonical/ref_0551.png,data/train_canonical/search_0551.png,448.2,466.89,45,10.544,5.94,17.41,0.41,0.44,0.44,373.2,163.6,0.797,0.0018,1.024,0.91,448.5,475.5,8.61522489549752,0.19212746620178223,True,11,452.0,476.0,9.87076998009782,0.051323890686035156,True
552,dram,data/train_canonical/ref_0552.png,data/train_canonical/search_0552.png,575.59,417.02,43,10.613,4.91,12.0,2.89,0.21,0.88,356.3,194.5,0.0,0.0,0.969,1.085,575.5,417.5,0.48836461788301494,0.1967322826385498,True,4,580.0,420.0,5.322452442248763,0.04946160316467285,True
553,dram,data/train_canonical/ref_0553.png,data/train_canonical/search_0553.png,572.84,370.61,43,10.523,4.65,12.58,1.7,0.31,0.79,404.1,88.1,0.0,0.002,1.089,0.946,572.5,525.5,154.89037316760522,0.21266436576843262,True,3,572.0,372.0,1.6240997506311046,0.04735541343688965,True
554,finfet,data/train_canonical/ref_0554.png,data/train_canonical/search_0554.png,472.67,475.13,21,10.151,6.48,15.12,2.57,0.22,0.46,494.9,187.3,0.0,0.0,1.077,0.963,473.0,475.0,0.3546829570193475,0.19854235649108887,True,3,476.0,476.0,3.4417727990092404,0.04198455810546875,True
555,dram,data/train_canonical/ref_0555.png,data/train_canonical/search_0555.png,507.32,524.92,35,10.516,4.23,10.42,1.59,0.57,0.63,569.1,160.1,0.0,0.0,0.93,1.001,507.5,524.5,0.45694638635179957,0.19794893264770508,True,3,508.0,524.0,1.1440279716859785,0.05102038383483887,True
556,dram,data/train_canonical/ref_0556.png,data/train_canonical/search_0556.png,610.02,576.92,37,10.696,5.38,10.76,-2.82,0.43,0.46,574.7,108.4,0.0,0.0,0.969,1.062,503.5,576.5,106.52082801030039,0.2089824676513672,True,5,620.0,580.0,10.444462647738304,0.047986507415771484,True
557,dram,data/train_canonical/ref_0557.png,data/train_canonical/search_0557.png,548.19,511.33,45,9.115,6.83,13.24,0.57,0.59,0.84,304.8,125.9,0.0,0.001,0.977,1.094,548.5,511.5,0.35355339059323354,0.2021958827972412,True,2,548.0,516.0,4.673863498220736,0.04545736312866211,True
558,finfet,data/train_canonical/ref_0558.png,data/train_canonical/search_0558.png,627.53,511.9,25,9.435,5.63,13.81,-1.82,0.46,0.72,406.9,146.1,0.75,0.0029,0.976,0.86,410.5,511.5,217.03036861232115,0.20230960845947266,True,9,628.0,508.0,3.928218425698837,0.04201054573059082,True
559,finfet,data/train_canonical/ref_0559.png,data/train_canonical/search_0559.png,574.38,594.41,24,10.333,7.1,17.21,0.27,0.33,0.81,306.2,84.0,0.511,0.0,0.905,0.871,573.5,594.5,0.8845903006477054,0.20171070098876953,True,10,572.0,596.0,2.862254356272356,0.04082775115966797,True
560,dram,data/train_canonical/ref_0560.png,data/train_canonical/search_0560.png,604.97,491.14,45,10.41,6.25,11.7,-2.89,0.35,0.74,502.8,146.5,0.471,0.0,1.099,1.125,509.5,491.5,95.4706787448377,0.20675992965698242,True,5,604.0,492.0,1.2963410045200592,0.05076408386230469,True
561,dram,data/train_canonical/ref_0561.png,data/train_canonical/search_0561.png,521.53,476.11,43,10.766,7.04,12.85,3.0,0.34,0.45,514.2,193.5,0.0,0.0,0.998,0.853,521.5,476.5,0.39115214431214324,0.216719388961792,True,2,524.0,476.0,2.472448179436758,0.0496826171875,True
562,finfet,data/train_canonical/ref_0562.png,data/train_canonical/search_0562.png,546.15,578.26,24,9.53,6.18,16.16,0.81,0.52,0.59,572.6,83.9,0.0,0.0,1.093,1.01,546.5,578.5,0.42438190347848276,0.19773316383361816,True,5,548.0,580.0,2.539704707244548,0.04649686813354492,True
563,finfet,data/train_canonical/ref_0563.png,data/train_canonical/search_0563.png,558.97,402.66,27,9.417,4.23,16.89,-2.94,0.33,0.46,504.1,131.6,0.0,0.0,1.083,1.023,558.5,402.5,0.4964876634922903,0.20386767387390137,True,8,564.0,404.0,5.205429857370057,0.044527530670166016,True
564,dram,data/train_canonical/ref_0564.png,data/train_canonical/search_0564.png,544.6,382.32,38,10.316,6.66,12.6,0.93,0.48,0.56,388.8,133.9,0.0,0.0014,1.093,0.853,544.5,507.5,125.18003994247645,0.2012195587158203,True,6,548.0,388.0,6.619848940874703,0.045179128646850586,True
565,finfet,data/train_canonical/ref_0565.png,data/train_canonical/search_0565.png,401.3,549.85,23,9.626,7.24,13.31,-1.61,0.25,0.59,330.7,132.0,0.447,0.0,1.015,0.993,554.5,486.5,165.78136958054122,0.20354580879211426,False,11,404.0,548.0,3.272995569810632,0.040071964263916016,True
566,finfet,data/train_canonical/ref_0566.png,data/train_canonical/search_0566.png,575.64,494.06,20,9.108,4.8,15.34,-1.29,0.36,0.66,578.0,142.9,0.0,0.0,1.087,1.129,575.5,494.5,0.46173585522460153,0.18851137161254883,True,7,580.0,500.0,7.368391954829771,0.039398908615112305,True
567,finfet,data/train_canonical/ref_0567.png,data/train_canonical/search_0567.png,458.91,531.01,22,9.167,6.29,10.6,-0.02,0.46,0.64,496.7,91.1,0.0,0.0,1.045,1.016,458.5,519.5,11.517300030823188,0.203277587890625,True,7,452.0,532.0,6.9805587168936825,0.04700970649719238,True
568,finfet,data/train_canonical/ref_0568.png,data/train_canonical/search_0568.png,587.83,479.66,28,10.474,4.29,10.47,-0.0,0.31,0.84,589.3,157.5,0.717,0.0,0.977,1.149,587.5,479.5,0.36674241641789274,0.21181917190551758,True,7,588.0,484.0,4.343328216932237,0.04183554649353027,True
569,dram,data/train_canonical/ref_0569.png,data/train_canonical/search_0569.png,446.16,634.32,37,10.395,6.81,11.57,-1.26,0.38,0.42,454.3,129.7,0.0,0.0025,1.053,1.093,446.5,513.5,120.8204783966692,0.20020270347595215,True,5,756.0,636.0,309.8445545753547,0.04581427574157715,True
570,dram,data/train_canonical/ref_0570.png,data/train_canonical/search_0570.png,413.01,440.52,45,9.632,6.5,16.78,2.62,0.37,0.67,490.7,89.7,0.0,0.0,0.994,0.936,412.5,440.5,0.510392006206984,0.19020462036132812,True,3,412.0,444.0,3.6236031791574677,0.04669070243835449,True
571,dram,data/train_canonical/ref_0571.png,data/train_canonical/search_0571.png,474.03,385.53,41,10.554,7.43,16.37,2.43,0.34,0.83,544.3,116.6,0.0,0.0,0.901,1.12,473.5,482.5,96.97144837528212,0.19580984115600586,True,5,476.0,388.0,3.159398676963742,0.04804873466491699,True
572,finfet,data/train_canonical/ref_0572.png,data/train_canonical/search_0572.png,383.05,503.22,25,10.952,4.62,17.5,1.86,0.57,0.84,372.9,172.4,0.0,0.0,1.084,0.853,483.5,503.5,100.4503902431444,0.18949413299560547,True,6,388.0,228.0,275.26451078916807,0.04218745231628418,True
573,finfet,data/train_canonical/ref_0573.png,data/train_canonical/search_0573.png,380.15,521.39,22,10.691,6.75,16.32,-2.8,0.57,0.44,551.9,149.5,0.0,0.0,0.904,0.941,470.5,521.5,90.35006696179038,0.18932199478149414,True,10,380.0,524.0,2.6143067914841334,0.04101228713989258,True
574,dram,data/train_canonical/ref_0574.png,data/train_canonical/search_0574.png,616.65,365.66,36,10.395,4.01,13.32,1.81,0.25,0.62,346.9,155.4,0.0,0.0,1.047,1.061,471.5,514.5,207.89869672511173,0.21056056022644043,True,12,620.0,372.0,7.170641533363653,0.044115304946899414,True
575,dram,data/train_canonical/ref_0575.png,data/train_canonical/search_0575.png,530.77,518.39,36,10.334,5.95,17.57,1.13,0.49,0.47,543.7,149.9,0.0,0.0,1.093,0.913,530.5,518.5,0.29154759474225334,0.20629525184631348,True,5,540.0,652.0,133.92843238088022,0.04632449150085449,True
576,finfet,data/train_canonical/ref_0576.png,data/train_canonical/search_0576.png,562.57,487.86,27,9.476,5.71,11.94,2.5,0.25,0.52,481.0,84.7,0.0,0.0,1.014,1.133,562.5,487.5,0.3667424164178679,0.20016813278198242,True,7,564.0,492.0,4.380011415510209,0.04591083526611328,True
577,finfet,data/train_canonical/ref_0577.png,data/train_canonical/search_0577.png,590.28,449.67,22,10.768,4.49,10.5,1.65,0.5,0.4,590.5,196.0,0.627,0.0018,1.017,0.901,590.5,449.5,0.2780287754891882,0.18851375579833984,True,4,588.0,452.0,3.2599539874053134,0.04149341583251953,True
578,finfet,data/train_canonical/ref_0578.png,data/train_canonical/search_0578.png,432.84,396.6,28,10.678,5.09,15.19,0.17,0.46,0.76,318.6,168.1,0.385,0.0,1.069,0.871,432.5,495.5,98.90058442698908,0.18691658973693848,False,7,436.0,396.0,3.216457678875969,0.042578697204589844,True
579,finfet,data/train_canonical/ref_0579.png,data/train_canonical/search_0579.png,464.42,389.53,23,9.748,5.2,15.31,-1.91,0.33,0.72,562.6,194.6,0.0,0.0,1.039,0.948,464.5,500.5,110.9700288366188,0.20198345184326172,False,5,460.0,388.0,4.677317607347192,0.040528297424316406,True
580,finfet,data/train_canonical/ref_0580.png,data/train_canonical/search_0580.png,392.39,546.37,26,9.975,5.72,10.67,2.47,0.41,0.55,494.0,192.7,0.0,0.0,0.986,1.1,408.0,546.0,15.614384393885032,0.19866156578063965,True,9,396.0,548.0,3.9609342332333775,0.05977129936218262,True
581,finfet,data/train_canonical/ref_0581.png,data/train_canonical/search_0581.png,452.91,553.85,23,9.095,4.04,13.87,-2.13,0.25,0.76,469.4,190.4,0.0,0.0,0.927,0.851,452.5,553.5,0.539073278877776,0.16341161727905273,True,8,452.0,556.0,2.334652008330138,0.046707868576049805,True
582,dram,data/train_canonical/ref_0582.png,data/train_canonical/search_0582.png,538.6,469.92,43,10.993,7.57,17.08,-1.49,0.53,0.47,471.8,113.4,0.496,0.0,1.09,1.073,538.5,469.5,0.43174066289847884,0.19005775451660156,True,3,540.0,476.0,6.23910249955871,0.04887652397155762,True
583,finfet,data/train_canonical/ref_0583.png,data/train_canonical/search_0583.png,603.55,597.9,30,10.622,5.11,11.92,-0.39,0.48,0.8,380.2,149.5,0.0,0.0015,0.92,1.031,602.5,492.5,105.40522994614638,0.20850157737731934,True,11,500.0,692.0,139.9193071023438,0.041066884994506836,True
584,finfet,data/train_canonical/ref_0584.png,data/train_canonical/search_0584.png,593.22,404.41,22,10.974,5.15,13.74,1.43,0.42,0.57,387.1,113.9,0.334,0.0,0.961,0.948,593.5,404.5,0.2941088233970212,0.20072722434997559,True,7,596.0,404.0,2.8100711734758375,0.04744982719421387,True
585,finfet,data/train_canonical/ref_0585.png,data/train_canonical/search_0585.png,625.14,587.13,22,10.575,7.38,14.71,-0.38,0.38,0.45,530.9,196.8,0.0,0.0,0.95,0.91,425.5,529.5,207.7915939108221,0.18996620178222656,True,11,628.0,588.0,2.989397932694824,0.04091954231262207,True
586,dram,data/train_canonical/ref_0586.png,data/train_canonical/search_0586.png,447.41,514.91,37,10.608,7.27,15.05,2.55,0.51,0.61,445.9,125.9,0.0,0.0004,0.919,0.936,447.5,514.5,0.4197618372362707,0.20627641677856445,True,2,452.0,516.0,4.7176477189378865,0.0513308048248291,True
587,finfet,data/train_canonical/ref_0587.png,data/train_canonical/search_0587.png,447.93,455.07,30,10.357,6.36,15.46,-1.1,0.29,0.42,550.0,177.1,0.0,0.0025,0.986,0.877,447.5,455.5,0.6081118318204405,0.20342063903808594,True,9,452.0,772.0,316.9561322959378,0.04830813407897949,True
588,dram,data/train_canonical/ref_0588.png,data/train_canonical/search_0588.png,575.42,588.61,45,10.158,6.44,12.93,-1.62,0.26,0.41,397.7,111.8,0.0,0.0,0.997,1.07,575.0,589.0,0.5731491952362447,0.21179962158203125,True,3,580.0,284.0,304.6444296224699,0.051186561584472656,True
589,dram,data/train_canonical/ref_0589.png,data/train_canonical/search_0589.png,366.85,368.04,36,10.021,6.06,14.88,-2.67,0.46,0.87,354.6,151.6,0.646,0.0,1.031,0.922,547.0,443.0,195.12309986262514,0.2214503288269043,False,8,372.0,364.0,6.545540466607775,0.053800344467163086,True
590,finfet,data/train_canonical/ref_0590.png,data/train_canonical/search_0590.png,504.17,461.72,29,10.6,6.21,15.44,-0.29,0.28,0.49,315.6,124.4,0.731,0.0,1.011,1.05,504.5,461.5,0.3966106403010407,0.20131826400756836,True,7,508.0,468.0,7.355766445449416,0.039231061935424805,True
591,finfet,data/train_canonical/ref_0591.png,data/train_canonical/search_0591.png,589.81,540.95,20,10.807,7.42,15.02,-1.59,0.55,0.6,505.9,125.5,0.0,0.0,0.999,1.149,589.5,468.5,72.45066321297554,0.19330310821533203,False,11,588.0,540.0,2.0441624201613453,0.047110795974731445,True
592,dram,data/train_canonical/ref_0592.png,data/train_canonical/search_0592.png,434.69,493.09,45,9.607,5.63,15.21,-1.35,0.54,0.41,561.3,136.8,0.0,0.0,1.031,0.887,434.5,493.5,0.45188494110782185,0.20254731178283691,True,7,436.0,500.0,7.033078984342516,0.05057525634765625,True
593,finfet,data/train_canonical/ref_0593.png,data/train_canonical/search_0593.png,596.37,416.49,25,10.557,6.81,12.16,0.88,0.49,0.48,560.7,163.5,0.0,0.0,0.95,1.139,596.5,416.5,0.13038404810404775,0.2027289867401123,True,9,596.0,420.0,3.5294475488381947,0.04408431053161621,True
594,finfet,data/train_canonical/ref_0594.png,data/train_canonical/search_0594.png,564.99,426.11,23,10.03,5.35,17.4,-0.47,0.22,0.77,303.1,142.6,0.0,0.0,1.021,1.0,512.0,426.0,52.99011417236239,0.1979968547821045,True,8,556.0,428.0,9.18652273714054,0.047759294509887695,True
595,dram,data/train_canonical/ref_0595.png,data/train_canonical/search_0595.png,412.43,429.54,36,9.529,4.75,13.9,1.39,0.38,0.43,328.1,103.4,0.0,0.0003,1.029,1.097,412.5,429.5,0.08062257748298973,0.16822338104248047,True,4,412.0,428.0,1.598905875903916,0.04623150825500488,True
596,dram,data/train_canonical/ref_0596.png,data/train_canonical/search_0596.png,589.69,450.9,44,10.426,4.54,12.98,-2.23,0.28,0.49,410.7,109.2,0.0,0.0,1.015,1.075,589.5,450.5,0.44283179650969345,0.24672174453735352,True,8,588.0,452.0,2.016457289406407,0.05202794075012207,True
597,dram,data/train_canonical/ref_0597.png,data/train_canonical/search_0597.png,434.37,548.9,37,9.718,7.64,15.31,-1.28,0.54,0.59,401.4,145.7,0.684,0.0,0.976,0.924,434.5,549.5,0.6139218191268544,0.21280550956726074,True,2,436.0,548.0,1.8619613314996486,0.04812216758728027,True
598,finfet,data/train_canonical/ref_0598.png,data/train_canonical/search_0598.png,480.05,613.0,26,9.041,5.94,11.55,-2.22,0.57,0.42,530.7,179.6,0.0,0.0029,1.07,0.913,480.5,519.5,93.50108288142977,0.19774270057678223,False,3,484.0,620.0,8.03756804014746,0.04872536659240723,True
599,finfet,data/train_canonical/ref_0599.png,data/train_canonical/search_0599.png,599.46,433.94,30,10.156,7.16,15.72,-0.52,0.53,0.74,331.5,188.7,0.0,0.0,0.958,1.026,600.0,434.0,0.5433231082882091,0.19102144241333008,True,7,604.0,436.0,4.985498972018716,0.03949761390686035,True
600,dram,data/train_canonical/ref_0600.png,data/train_canonical/search_0600.png,401.93,369.19,45,9.163,4.17,12.61,1.37,0.52,0.87,540.6,171.2,0.0,0.0,0.933,0.97,514.5,541.5,205.82211008538417,0.1891326904296875,False,4,404.0,372.0,3.490128937446292,0.0433042049407959,True
601,dram,data/train_canonical/ref_0601.png,data/train_canonical/search_0601.png,389.79,466.14,37,10.806,4.91,13.89,-2.6,0.21,0.53,302.4,112.5,0.0,0.0,0.913,1.0,499.5,466.5,109.71059064648223,0.2079153060913086,True,9,388.0,468.0,2.5814143410154293,0.05246400833129883,True
602,finfet,data/train_canonical/ref_0602.png,data/train_canonical/search_0602.png,516.7,561.47,25,9.65,5.39,17.19,-1.97,0.59,0.4,480.4,131.3,0.0,0.0012,0.933,0.886,516.5,526.5,34.9705719141109,0.19854974746704102,True,4,524.0,564.0,7.72598860988024,0.04259324073791504,True
603,dram,data/train_canonical/ref_0603.png,data/train_canonical/search_0603.png,597.7,584.59,36,9.388,4.82,10.73,-1.66,0.6,0.66,497.7,176.7,0.428,0.0,0.995,1.008,597.5,584.5,0.2193171219946676,0.21095991134643555,True,5,596.0,588.0,3.810262458151661,0.0484614372253418,True
604,finfet,data/train_canonical/ref_0604.png,data/train_canonical/search_0604.png,475.26,488.64,24,9.344,6.24,11.13,1.67,0.34,0.67,549.9,196.5,0.0,0.0,1.091,1.135,475.5,488.5,0.2778488797889971,0.21673965454101562,True,9,476.0,492.0,3.4405232160239967,0.04461312294006348,True
605,finfet,data/train_canonical/ref_0605.png,data/train_canonical/search_0605.png,534.46,470.14,23,9.763,6.48,15.34,-2.13,0.3,0.87,351.3,134.0,0.0,0.0,0.982,1.121,535.0,470.0,0.5578530272392155,0.1995067596435547,True,9,260.0,468.0,274.46834280113256,0.04167437553405762,True
606,dram,data/train_canonical/ref_0606.png,data/train_canonical/search_0606.png,393.23,533.39,37,9.025,6.55,17.03,-1.31,0.52,0.7,475.3,191.5,0.0,0.0,1.015,0.887,491.5,533.5,98.27006156505651,0.2071211338043213,False,4,396.0,532.0,3.0991934434623247,0.047309160232543945,True
607,finfet,data/train_canonical/ref_0607.png,data/train_canonical/search_0607.png,508.13,419.07,28,10.184,5.13,16.22,-2.78,0.48,0.58,439.9,186.0,0.0,0.0006,1.007,0.948,508.0,537.0,117.93007165265355,0.2029399871826172,True,4,508.0,420.0,0.9390420650854846,0.0510714054107666,True
608,dram,data/train_canonical/ref_0608.png,data/train_canonical/search_0608.png,548.74,451.12,37,9.157,6.25,12.51,2.74,0.26,0.79,552.9,113.5,0.0,0.0,0.974,1.081,548.5,451.5,0.44944410108488564,0.20579004287719727,True,3,548.0,452.0,1.149782588144387,0.05199313163757324,True
609,dram,data/train_canonical/ref_0609.png,data/train_canonical/search_0609.png,391.65,634.13,38,10.619,4.45,16.8,0.99,0.34,0.72,439.6,117.6,0.651,0.0007,1.076,1.089,481.5,559.5,116.80179536291385,0.20464086532592773,True,5,396.0,636.0,4.734912881986343,0.05193972587585449,True
610,dram,data/train_canonical/ref_0610.png,data/train_canonical/search_0610.png,485.63,634.57,36,9.997,5.35,15.97,-1.33,0.56,0.58,437.1,118.8,0.0,0.0,0.98,0.888,486.0,494.0,140.5704869451622,0.20804572105407715,True,3,492.0,636.0,6.528537355334648,0.04973578453063965,True
611,finfet,data/train_canonical/ref_0611.png,data/train_canonical/search_0611.png,579.7,386.14,28,9.098,5.22,13.78,-0.65,0.24,0.82,340.1,181.1,0.0,0.0,1.045,1.015,579.5,472.5,86.36023158838796,0.20235872268676758,True,8,580.0,388.0,1.8840382161729161,0.04247164726257324,True
612,dram,data/train_canonical/ref_0612.png,data/train_canonical/search_0612.png,523.81,435.11,41,9.414,5.95,17.7,2.48,0.46,0.83,395.9,127.3,0.617,0.0,0.907,1.019,523.5,435.5,0.4981967482832014,0.21560955047607422,True,6,524.0,436.0,0.9100549433962746,0.044667720794677734,True
613,finfet,data/train_canonical/ref_0613.png,data/train_canonical/search_0613.png,631.51,374.57,21,10.933,5.03,12.9,1.74,0.29,0.83,357.3,150.6,0.0,0.0,1.022,0.941,430.5,495.5,234.5827892237621,0.20010924339294434,False,6,636.0,372.0,5.173490117899139,0.04462075233459473,True
614,finfet,data/train_canonical/ref_0614.png,data/train_canonical/search_0614.png,423.88,552.63,28,10.843,4.24,15.32,-1.59,0.23,0.57,514.2,84.8,0.0,0.0,1.034,0.911,423.5,552.5,0.40162171256045825,0.20188069343566895,True,9,428.0,556.0,5.322715472388137,0.04402351379394531,True
615,dram,data/train_canonical/ref_0615.png,data/train_canonical/search_0615.png,542.22,488.23,42,10.688,4.12,10.69,1.83,0.57,0.67,306.0,137.6,0.75,0.0,0.966,0.926,542.5,488.5,0.38897300677550223,0.17104220390319824,True,4,740.0,492.0,197.815927821801,0.05038809776306152,True
616,finfet,data/train_canonical/ref_0616.png,data/train_canonical/search_0616.png,600.42,534.42,27,9.592,4.54,11.05,1.09,0.52,0.53,396.9,130.7,0.0,0.0,1.019,1.017,502.5,534.5,97.92003267973307,0.17159295082092285,True,9,596.0,532.0,5.039126908503043,0.04349493980407715,True
617,dram,data/train_canonical/ref_0617.png,data/train_canonical/search_0617.png,572.62,595.49,40,9.008,5.77,10.62,-2.03,0.2,0.56,560.5,175.3,0.0,0.0,1.005,1.047,572.5,594.5,0.9972462083156892,0.22527837753295898,True,6,572.0,596.0,0.8028075734570498,0.04555153846740723,True
618,finfet,data/train_canonical/ref_0618.png,data/train_canonical/search_0618.png,486.4,406.77,27,10.812,7.06,16.81,-2.03,0.27,0.7,572.5,162.2,0.0,0.0,1.041,1.124,486.5,466.5,59.730083709969826,0.18481016159057617,True,7,492.0,412.0,7.662434339033545,0.041446685791015625,True
619,finfet,data/train_canonical/ref_0619.png,data/train_canonical/search_0619.png,452.19,442.34,25,10.252,7.78,13.25,2.48,0.35,0.57,567.0,113.1,0.0,0.0,1.061,1.13,451.5,442.5,0.7083078426785947,0.19775056838989258,True,7,452.0,444.0,1.6708381130438945,0.04442644119262695,True
620,finfet,data/train_canonical/ref_0620.png,data/train_canonical/search_0620.png,540.68,409.6,23,9.727,6.31,15.63,2.98,0.32,0.49,426.7,99.5,0.0,0.0,1.096,1.027,540.5,505.5,95.90016892581575,0.20109820365905762,True,3,548.0,412.0,7.703401845937976,0.04478859901428223,True
621,finfet,data/train_canonical/ref_0621.png,data/train_canonical/search_0621.png,479.42,502.17,20,10.025,4.16,13.92,2.23,0.37,0.6,578.6,170.6,0.356,0.0,0.909,1.1,479.0,502.0,0.45310043036838843,0.19642877578735352,True,8,484.0,500.0,5.0680666925367035,0.0464632511138916,True
622,finfet,data/train_canonical/ref_0622.png,data/train_canonical/search_0622.png,552.31,528.5,21,10.123,6.59,13.98,-1.59,0.35,0.65,339.8,99.0,0.0,0.0,1.015,0.859,552.0,507.0,21.502234767577065,0.1929028034210205,False,3,556.0,532.0,5.0858725898316015,0.04425406455993652,True
623,dram,data/train_canonical/ref_0623.png,data/train_canonical/search_0623.png,384.11,419.03,38,9.422,4.48,15.29,1.86,0.36,0.89,565.1,184.9,0.0,0.0,1.001,1.019,452.5,418.5,68.3920536319827,0.2070150375366211,False,2,388.0,420.0,4.009114615473091,0.04964327812194824,True
624,dram,data/train_canonical/ref_0624.png,data/train_canonical/search_0624.png,494.41,481.32,39,9.777,7.31,17.72,0.99,0.55,0.57,568.4,182.2,0.0,0.0027,1.061,1.034,494.0,481.0,0.5200961449578493,0.21467876434326172,True,4,492.0,484.0,3.60423362172878,0.050063133239746094,True
625,dram,data/train_canonical/ref_0625.png,data/train_canonical/search_0625.png,477.23,619.3,39,9.643,6.84,10.45,-0.18,0.29,0.67,547.8,99.4,0.0,0.0,0.94,1.097,477.5,514.5,104.80034780476632,0.19748878479003906,False,4,476.0,620.0,1.415238495802071,0.044612884521484375,True
626,finfet,data/train_canonical/ref_0626.png,data/train_canonical/search_0626.png,412.51,484.72,23,10.414,7.18,10.31,2.25,0.21,0.71,515.0,196.3,0.0,0.0,1.049,1.058,412.5,484.5,0.22022715545547925,0.18949341773986816,True,11,412.0,484.0,0.8823264701911815,0.044646263122558594,True
627,finfet,data/train_canonical/ref_0627.png,data/train_canonical/search_0627.png,532.19,486.88,29,9.931,6.01,15.01,2.64,0.44,0.8,394.7,141.5,0.0,0.0,1.054,1.041,532.0,487.0,0.2247220505424909,0.20039153099060059,True,8,532.0,484.0,2.886260556498667,0.04760479927062988,True
628,finfet,data/train_canonical/ref_0628.png,data/train_canonical/search_0628.png,390.47,416.44,26,10.782,7.71,11.29,0.03,0.29,0.83,490.3,168.4,0.474,0.0,0.929,0.916,483.5,416.5,93.03001934859519,0.19100618362426758,False,9,508.0,652.0,263.25237795697115,0.04031872749328613,True
629,dram,data/train_canonical/ref_0629.png,data/train_canonical/search_0629.png,568.01,623.42,43,10.956,4.15,10.44,2.31,0.31,0.86,501.4,99.7,0.0,0.0,0.945,1.067,567.5,489.5,133.92097109862962,0.16769790649414062,True,8,564.0,228.0,395.4403324143858,0.05039048194885254,True
630,finfet,data/train_canonical/ref_0630.png,data/train_canonical/search_0630.png,537.84,371.4,27,9.084,4.98,17.04,1.55,0.45,0.54,372.8,157.4,0.358,0.0,1.002,0.912,537.5,517.5,146.10039561890312,0.19681286811828613,True,4,540.0,372.0,2.241785003072304,0.0402379035949707,True
631,finfet,data/train_canonical/ref_0631.png,data/train_canonical/search_0631.png,390.35,570.03,20,10.485,4.91,11.85,-1.37,0.38,0.59,508.0,101.4,0.0,0.0,0.969,0.989,537.5,536.5,150.92177907777258,0.20522356033325195,True,8,284.0,436.0,171.09752599029596,0.04205918312072754,True
632,finfet,data/train_canonical/ref_0632.png,data/train_canonical/search_0632.png,539.1,535.29,21,9.43,6.68,15.94,1.68,0.56,0.59,417.8,192.7,0.0,0.001,1.055,1.035,539.5,535.5,0.4517742799230575,0.20637822151184082,True,9,540.0,540.0,4.795216366338468,0.038314104080200195,True
633,dram,data/train_canonical/ref_0633.png,data/train_canonical/search_0633.png,529.48,470.63,39,10.365,5.85,15.92,-1.6,0.26,0.63,318.8,166.2,0.0,0.0,1.024,0.88,529.5,470.5,0.1315294643796518,0.19609308242797852,True,3,524.0,476.0,7.672502851091047,0.04614567756652832,True
634,dram,data/train_canonical/ref_0634.png,data/train_canonical/search_0634.png,611.97,576.68,45,10.798,5.1,16.35,-0.07,0.27,0.89,479.7,147.6,0.0,0.0,1.01,0.961,490.5,514.5,136.45993294736738,0.1918926239013672,False,8,612.0,732.0,155.32000289724442,0.03889584541320801,True
635,finfet,data/train_canonical/ref_0635.png,data/train_canonical/search_0635.png,412.56,624.77,28,10.212,6.84,17.09,-0.12,0.5,0.84,567.4,84.0,0.0,0.0,0.954,1.134,413.0,410.0,214.77045071424513,0.2056725025177002,True,10,420.0,620.0,8.837788184834471,0.0370485782623291,True
636,dram,data/train_canonical/ref_0636.png,data/train_canonical/search_0636.png,487.27,586.71,44,9.754,5.5,10.89,0.9,0.25,0.66,428.4,146.4,0.603,0.0025,1.067,1.039,487.5,586.5,0.3114482300479867,0.16039657592773438,True,6,484.0,588.0,3.515252480263656,0.04252171516418457,True
637,dram,data/train_canonical/ref_0637.png,data/train_canonical/search_0637.png,489.78,450.44,39,10.041,5.85,12.49,2.62,0.45,0.76,416.9,82.7,0.333,0.0,0.92,0.877,490.0,450.0,0.4919349550499639,0.1985466480255127,True,4,500.0,452.0,10.33837511410766,0.05799984931945801,True
638,finfet,data/train_canonical/ref_0638.png,data/train_canonical/search_0638.png,603.67,377.12,28,10.594,7.89,11.7,0.1,0.47,0.41,425.1,184.8,0.0,0.0,1.001,0.86,506.5,475.5,138.27737812093486,0.22211694717407227,False,12,604.0,380.0,2.8988445974215318,0.04685854911804199,True
639,dram,data/train_canonical/ref_0639.png,data/train_canonical/search_0639.png,436.38,526.42,40,9.118,4.59,14.0,-2.46,0.52,0.64,474.8,96.9,0.0,0.0,0.979,0.863,436.5,526.5,0.14422205101858607,0.2131328582763672,True,5,444.0,532.0,9.444617514754132,0.05265522003173828,True
640,dram,data/train_canonical/ref_0640.png,data/train_canonical/search_0640.png,562.04,514.67,35,9.14,4.6,11.22,1.93,0.38,0.46,599.7,117.9,0.672,0.0,1.064,0.882,562.5,514.5,0.49040799340958907,0.2035825252532959,True,6,564.0,524.0,9.533650927110816,0.05305838584899902,True
641,finfet,data/train_canonical/ref_0641.png,data/train_canonical/search_0641.png,557.91,566.45,27,9.249,6.67,17.42,1.66,0.59,0.62,435.4,187.5,0.756,0.0,0.942,0.921,558.5,566.5,0.5921148537235263,0.18990492820739746,True,8,556.0,572.0,5.86946334855235,0.0467982292175293,True
642,finfet,data/train_canonical/ref_0642.png,data/train_canonical/search_0642.png,628.78,551.2,26,10.66,7.83,13.43,-0.03,0.35,0.67,482.9,195.8,0.0,0.0,1.099,0.952,541.5,586.5,94.14822568694532,0.18948006629943848,False,12,636.0,548.0,7.897366649713098,0.0388946533203125,True
643,dram,data/train_canonical/ref_0643.png,data/train_canonical/search_0643.png,398.92,536.58,42,9.879,6.14,14.56,1.7,0.35,0.84,351.5,132.3,0.746,0.0011,1.086,0.963,403.0,536.0,4.121019291388954,0.1998751163482666,True,4,396.0,540.0,4.496976762225908,0.04668450355529785,True
644,finfet,data/train_canonical/ref_0644.png,data/train_canonical/search_0644.png,491.24,400.46,26,9.077,7.99,11.34,1.59,0.21,0.49,416.0,169.3,0.0,0.0,1.041,1.05,491.5,474.5,74.04045650858727,0.18788933753967285,True,10,492.0,404.0,3.620662922725634,0.04297757148742676,True
645,dram,data/train_canonical/ref_0645.png,data/train_canonical/search_0645.png,364.03,445.28,39,10.757,4.68,13.38,-0.64,0.3,0.75,317.9,178.0,0.0,0.0006,1.002,0.984,426.5,445.5,62.47038738474417,0.2344217300415039,True,4,364.0,452.0,6.720066963952099,0.04510045051574707,True
646,finfet,data/train_canonical/ref_0646.png,data/train_canonical/search_0646.png,550.41,578.36,28,10.876,6.92,16.94,-1.9,0.59,0.89,307.9,124.0,0.453,0.0,0.942,1.098,550.5,523.5,54.86007382423033,0.21035075187683105,True,10,548.0,468.0,110.38631119844527,0.04193282127380371,True
647,finfet,data/train_canonical/ref_0647.png,data/train_canonical/search_0647.png,464.87,373.2,21,10.298,5.27,10.15,2.66,0.43,0.65,451.5,166.6,0.0,0.0,0.931,0.952,465.5,475.5,102.30193986430561,0.18141627311706543,False,4,460.0,372.0,5.015665459338374,0.042801618576049805,True
648,dram,data/train_canonical/ref_0648.png,data/train_canonical/search_0648.png,523.14,432.23,45,10.363,5.56,10.42,1.98,0.5,0.44,330.8,104.5,0.0,0.0,1.047,1.004,523.5,432.5,0.45,0.19187355041503906,True,5,692.0,436.0,168.90207962011598,0.04651331901550293,True
649,dram,data/train_canonical/ref_0649.png,data/train_canonical/search_0649.png,507.52,572.5,38,10.126,6.16,13.38,1.11,0.25,0.89,393.7,127.2,0.0,0.0,1.092,0.993,507.0,573.0,0.7213875518748443,0.22048568725585938,True,3,508.0,284.0,288.5003993064828,0.048139095306396484,True
650,dram,data/train_canonical/ref_0650.png,data/train_canonical/search_0650.png,371.75,402.96,45,9.708,7.87,12.39,0.39,0.33,0.76,497.2,117.9,0.762,0.0,1.044,0.861,544.5,577.5,245.5743759026988,0.21212434768676758,False,9,372.0,404.0,1.0696261028976632,0.04565763473510742,True
651,dram,data/train_canonical/ref_0651.png,data/train_canonical/search_0651.png,619.11,462.24,41,9.543,7.83,14.39,-2.25,0.46,0.62,566.9,176.5,0.0,0.0,1.035,0.994,481.5,462.5,137.61024562146528,0.2090752124786377,True,7,620.0,468.0,5.828353112157831,0.04799151420593262,True
652,dram,data/train_canonical/ref_0652.png,data/train_canonical/search_0652.png,524.65,582.27,39,9.006,6.68,15.77,1.57,0.53,0.57,552.8,193.3,0.313,0.0,0.972,1.071,524.5,582.5,0.27459060435492244,0.22020459175109863,True,7,524.0,588.0,5.766749517709277,0.052002906799316406,True
653,finfet,data/train_canonical/ref_0653.png,data/train_canonical/search_0653.png,601.83,444.31,24,10.691,5.87,10.37,-1.34,0.26,0.52,527.0,179.5,0.449,0.0,0.97,1.036,601.5,444.5,0.38078865529322975,0.21648573875427246,True,7,604.0,444.0,2.192031021678257,0.03964352607727051,True
654,finfet,data/train_canonical/ref_0654.png,data/train_canonical/search_0654.png,411.97,426.32,27,9.127,7.48,10.99,-0.75,0.22,0.53,463.9,101.9,0.0,0.0005,1.076,1.035,411.5,572.5,146.18075557336542,0.19672131538391113,True,8,412.0,428.0,1.68026783579286,0.04326152801513672,True
655,dram,data/train_canonical/ref_0655.png,data/train_canonical/search_0655.png,509.98,552.34,40,10.034,6.58,16.37,2.75,0.45,0.86,413.0,117.9,0.0,0.001,0.991,0.948,510.0,465.0,87.34000228990153,0.20586037635803223,False,5,508.0,556.0,4.161249812255909,0.049462318420410156,True
656,dram,data/train_canonical/ref_0656.png,data/train_canonical/search_0656.png,522.11,429.8,40,9.663,4.54,11.92,-0.48,0.54,0.54,598.9,170.9,0.305,0.0028,0.903,0.95,522.5,429.5,0.4920365840056979,0.16927552223205566,True,6,524.0,428.0,2.609999999999998,0.05164813995361328,True
657,finfet,data/train_canonical/ref_0657.png,data/train_canonical/search_0657.png,548.43,386.48,30,9.175,6.08,13.82,1.93,0.54,0.86,587.6,191.7,0.0,0.0,1.057,1.034,548.5,492.5,106.02002310884485,0.19880890846252441,False,6,548.0,388.0,1.5796518603793375,0.05111241340637207,True
658,dram,data/train_canonical/ref_0658.png,data/train_canonical/search_0658.png,508.66,536.25,44,10.435,6.09,16.65,-1.26,0.31,0.71,306.4,139.5,0.43,0.003,0.91,0.897,504.5,536.5,4.167505248946929,0.1952824592590332,True,5,292.0,540.0,216.69245049147423,0.05530238151550293,True
659,finfet,data/train_canonical/ref_0659.png,data/train_canonical/search_0659.png,531.48,605.47,24,10.595,7.78,12.71,-1.05,0.32,0.55,364.2,101.6,0.0,0.0,1.053,1.148,531.5,519.5,85.97000232639293,0.2235736846923828,False,10,532.0,604.0,1.5592626462530492,0.11057448387145996,True
660,finfet,data/train_canonical/ref_0660.png,data/train_canonical/search_0660.png,510.58,536.38,27,9.223,7.7,15.01,-0.76,0.5,0.67,310.2,161.8,0.454,0.0,1.031,0.856,510.5,477.5,58.880054347801,0.21393275260925293,False,4,516.0,540.0,6.517729666072397,0.04416394233703613,True
661,dram,data/train_canonical/ref_0661.png,data/train_canonical/search_0661.png,381.08,580.19,39,9.166,6.57,17.9,2.36,0.32,0.81,333.5,137.2,0.0,0.0,0.958,0.96,538.5,580.5,157.42030523410887,0.20141959190368652,True,5,388.0,580.0,6.922607890094617,0.04573535919189453,True
662,finfet,data/train_canonical/ref_0662.png,data/train_canonical/search_0662.png,560.06,530.84,25,9.378,6.89,14.98,2.76,0.47,0.87,327.5,129.7,0.0,0.0,1.001,0.919,560.5,530.5,0.5560575509783764,0.2093203067779541,True,8,564.0,532.0,4.10721316710009,0.042778730392456055,True
663,dram,data/train_canonical/ref_0663.png,data/train_canonical/search_0663.png,416.21,484.63,37,10.026,5.68,12.78,-2.46,0.47,0.63,487.1,179.3,0.0,0.0,1.037,1.02,416.0,485.0,0.42544094772364677,0.20442581176757812,True,8,420.0,484.0,3.8420046850570273,0.04664468765258789,True
664,finfet,data/train_canonical/ref_0664.png,data/train_canonical/search_0664.png,435.39,555.08,25,10.31,7.72,13.07,-0.6,0.6,0.89,404.5,156.1,0.0,0.0,1.051,0.996,435.5,474.5,80.58007508063024,0.20067524909973145,True,4,436.0,556.0,1.1038568747803954,0.04159855842590332,True
665,dram,data/train_canonical/ref_0665.png,data/train_canonical/search_0665.png,525.82,525.27,39,10.869,4.46,17.63,2.26,0.54,0.84,366.8,115.8,0.0,0.0,1.039,0.864,525.5,525.5,0.3940812099048118,0.2261199951171875,True,3,532.0,524.0,6.309144157490723,0.04365038871765137,True
666,finfet,data/train_canonical/ref_0666.png,data/train_canonical/search_0666.png,541.44,581.24,22,10.35,7.75,16.73,-2.33,0.23,0.67,447.0,194.9,0.433,0.0,1.043,1.036,541.5,495.5,85.74002099369933,0.18139266967773438,False,7,540.0,588.0,6.911671288480091,0.039212942123413086,True
667,finfet,data/train_canonical/ref_0667.png,data/train_canonical/search_0667.png,538.87,452.74,25,9.288,7.59,13.16,-2.05,0.28,0.8,447.7,152.3,0.0,0.0,1.02,1.012,538.5,519.5,66.76102530668622,0.2078416347503662,True,4,540.0,396.0,56.75125108753111,0.04414868354797363,True
668,dram,data/train_canonical/ref_0668.png,data/train_canonical/search_0668.png,609.8,619.21,42,9.357,4.34,17.51,-0.5,0.28,0.57,520.6,105.9,0.0,0.0,1.035,0.868,524.5,574.5,96.30718612855426,0.19495129585266113,False,4,612.0,620.0,2.337541443482905,0.04416990280151367,True
669,dram,data/train_canonical/ref_0669.png,data/train_canonical/search_0669.png,390.55,544.51,38,9.853,6.39,10.31,2.38,0.46,0.8,589.4,90.8,0.0,0.0,0.987,1.01,504.5,544.5,113.95000043878893,0.1947016716003418,False,6,396.0,540.0,7.074079445411947,0.05357170104980469,True
670,finfet,data/train_canonical/ref_0670.png,data/train_canonical/search_0670.png,457.67,384.65,20,10.394,4.19,11.92,0.23,0.27,0.42,409.8,190.4,0.0,0.0021,0.939,1.024,457.5,506.5,121.8501185883707,0.19317865371704102,False,11,460.0,388.0,4.080612699093125,0.0436398983001709,True
671,finfet,data/train_canonical/ref_0671.png,data/train_canonical/search_0671.png,432.45,573.5,21,10.854,4.32,16.71,2.52,0.21,0.49,530.6,102.6,0.319,0.0022,1.004,0.916,432.5,573.5,0.05000000000001137,0.2002859115600586,True,7,436.0,580.0,7.406247362868734,0.04597926139831543,True
672,finfet,data/train_canonical/ref_0672.png,data/train_canonical/search_0672.png,512.37,413.47,26,9.06,6.54,13.17,1.67,0.2,0.4,341.5,99.7,0.473,0.0012,1.016,0.968,512.5,413.5,0.13341664064125278,0.16036176681518555,True,6,516.0,412.0,3.91635034183614,0.046102046966552734,True
673,finfet,data/train_canonical/ref_0673.png,data/train_canonical/search_0673.png,445.38,398.47,24,9.722,5.92,12.09,-0.62,0.4,0.56,574.1,139.1,0.0,0.0,0.915,0.932,445.5,509.5,111.0300648473196,0.18741798400878906,False,10,444.0,396.0,2.829363886105872,0.04647374153137207,True
674,finfet,data/train_canonical/ref_0674.png,data/train_canonical/search_0674.png,384.55,629.2,28,9.928,4.99,16.77,1.84,0.26,0.55,398.9,167.2,0.0,0.0006,0.978,0.898,401.0,504.0,126.27605671701984,0.21726322174072266,True,9,388.0,628.0,3.6527386985657806,0.04433798789978027,True
675,finfet,data/train_canonical/ref_0675.png,data/train_canonical/search_0675.png,591.21,608.33,22,9.929,5.15,16.88,1.41,0.36,0.5,429.6,171.5,0.0,0.0,0.941,0.949,591.0,474.0,134.3301641478935,0.20404505729675293,True,10,588.0,604.0,5.390083487294105,0.038951873779296875,True
676,finfet,data/train_canonical/ref_0676.png,data/train_canonical/search_0676.png,463.39,524.82,23,9.1,4.4,17.75,0.48,0.23,0.69,557.1,184.0,0.0,0.0,0.979,1.049,463.5,524.5,0.33837848631382433,0.19468164443969727,True,10,468.0,532.0,8.532555303073014,0.042402029037475586,True
677,dram,data/train_canonical/ref_0677.png,data/train_canonical/search_0677.png,449.31,461.46,44,9.713,6.21,11.11,0.49,0.53,0.75,449.7,179.6,0.0,0.0029,1.073,0.997,449.5,461.5,0.19416487838947796,0.20516467094421387,True,3,452.0,460.0,3.060669861321199,0.044998884201049805,True
678,finfet,data/train_canonical/ref_0678.png,data/train_canonical/search_0678.png,417.81,400.7,26,9.409,5.12,16.14,1.67,0.48,0.85,315.4,118.9,0.0,0.0,1.004,1.124,417.5,507.5,106.80044990541941,0.20116734504699707,False,9,420.0,404.0,3.960568141062601,0.04134082794189453,True
679,finfet,data/train_canonical/ref_0679.png,data/train_canonical/search_0679.png,471.96,373.42,29,9.63,7.26,15.94,2.9,0.5,0.85,387.0,102.1,0.642,0.0,1.002,0.974,471.5,535.5,162.08065276275263,0.2027904987335205,False,8,476.0,372.0,4.282289107475138,0.04547929763793945,True
680,dram,data/train_canonical/ref_0680.png,data/train_canonical/search_0680.png,628.75,474.76,38,10.397,4.05,17.43,-2.2,0.54,0.47,370.1,129.9,0.0,0.0,1.038,1.098,522.5,474.5,106.25031811717083,0.2115325927734375,True,6,628.0,476.0,1.4491721774861752,0.0470578670501709,True
681,finfet,data/train_canonical/ref_0681.png,data/train_canonical/search_0681.png,568.5,370.74,21,9.128,6.66,10.77,2.77,0.45,0.67,505.7,172.9,0.0,0.0,1.084,0.925,568.5,467.5,96.75999999999999,0.20397400856018066,True,9,572.0,372.0,3.7198924715641954,0.04804706573486328,True
682,finfet,data/train_canonical/ref_0682.png,data/train_canonical/search_0682.png,474.92,405.02,24,10.886,6.44,12.51,-1.36,0.24,0.72,422.8,198.0,0.0,0.0,1.062,0.942,474.5,405.5,0.6378087487641031,0.19599175453186035,True,9,476.0,404.0,1.4855302083767696,0.046794891357421875,True
683,dram,data/train_canonical/ref_0683.png,data/train_canonical/search_0683.png,404.81,430.83,43,10.682,5.66,15.11,-1.46,0.33,0.58,410.9,133.9,0.0,0.0,1.053,1.066,404.5,430.5,0.4527692569068608,0.19346046447753906,True,4,404.0,436.0,5.233067933822393,0.05102801322937012,True
684,finfet,data/train_canonical/ref_0684.png,data/train_canonical/search_0684.png,609.85,568.39,29,10.324,7.55,11.25,2.9,0.26,0.51,326.8,113.5,0.0,0.0,1.065,0.931,514.5,446.5,154.75398088579175,0.19387292861938477,False,8,612.0,572.0,4.201737735746962,0.05020928382873535,True
685,dram,data/train_canonical/ref_0685.png,data/train_canonical/search_0685.png,393.02,373.76,42,9.348,6.5,11.79,0.48,0.59,0.49,513.5,176.9,0.0,0.0,1.052,0.944,483.5,531.5,181.84756803432927,0.19565534591674805,True,6,396.0,380.0,6.9150560373723815,0.04787755012512207,True
686,finfet,data/train_canonical/ref_0686.png,data/train_canonical/search_0686.png,527.29,390.69,20,10.051,5.19,12.98,-0.37,0.3,0.57,422.6,143.1,0.574,0.0,1.056,1.102,527.0,475.0,84.3104987531209,0.20813608169555664,False,7,532.0,396.0,7.097901098212088,0.044042110443115234,True
687,finfet,data/train_canonical/ref_0687.png,data/train_canonical/search_0687.png,416.54,513.7,20,10.539,5.45,17.51,2.61,0.48,0.79,414.8,180.6,0.54,0.0,1.092,1.138,416.5,513.5,0.20396078054376,0.20803332328796387,True,10,412.0,516.0,5.08936145307051,0.04648709297180176,True
688,finfet,data/train_canonical/ref_0688.png,data/train_canonical/search_0688.png,566.62,612.58,22,10.399,7.1,12.27,-2.96,0.29,0.42,343.4,183.3,0.446,0.0,1.017,1.076,566.5,484.5,128.0800562148534,0.18007373809814453,True,3,572.0,620.0,9.165195033385778,0.04724860191345215,True
689,dram,data/train_canonical/ref_0689.png,data/train_canonical/search_0689.png,444.36,429.7,35,10.642,6.17,17.2,0.05,0.4,0.9,418.8,120.7,0.0,0.0,1.098,0.983,444.5,430.5,0.812157620169887,0.20570731163024902,True,6,452.0,428.0,7.826851218721342,0.04195976257324219,True
690,finfet,data/train_canonical/ref_0690.png,data/train_canonical/search_0690.png,580.93,423.24,25,10.273,4.39,16.66,0.73,0.45,0.65,449.7,86.1,0.0,0.0,1.06,1.013,580.5,554.5,131.26070432539967,0.183457612991333,True,11,572.0,268.0,155.49663179631898,0.043140411376953125,True
691,dram,data/train_canonical/ref_0691.png,data/train_canonical/search_0691.png,596.41,595.41,45,10.974,7.5,17.31,-0.02,0.36,0.74,420.0,146.1,0.0,0.0,1.016,1.045,596.5,529.5,65.91006144739963,0.2078545093536377,True,10,604.0,596.0,7.612896951883726,0.040891408920288086,True
692,finfet,data/train_canonical/ref_0692.png,data/train_canonical/search_0692.png,538.09,574.82,28,10.617,7.32,11.22,0.8,0.46,0.74,488.8,187.8,0.0,0.0,1.068,1.08,538.5,574.5,0.5200961449578395,0.19849252700805664,True,9,540.0,572.0,3.4059506749217845,0.046536922454833984,True
693,dram,data/train_canonical/ref_0693.png,data/train_canonical/search_0693.png,563.69,484.03,36,10.495,4.04,10.5,-2.75,0.44,0.73,378.6,170.3,0.0,0.0,1.012,1.024,563.5,484.5,0.5069516742255088,0.20414042472839355,True,7,564.0,484.0,0.3114482300478918,0.0484006404876709,True
694,finfet,data/train_canonical/ref_0694.png,data/train_canonical/search_0694.png,512.77,491.97,20,10.094,5.6,12.1,-0.15,0.35,0.44,548.9,148.9,0.0,0.0,1.07,0.965,513.0,492.0,0.23194827009487853,0.22387218475341797,True,8,508.0,740.0,248.0758629935609,0.036972761154174805,True
695,finfet,data/train_canonical/ref_0695.png,data/train_canonical/search_0695.png,439.12,543.51,25,9.369,4.93,14.83,2.71,0.45,0.75,598.1,191.4,0.0,0.0009,1.019,1.023,439.5,543.5,0.3801315561749595,0.20932745933532715,True,7,436.0,548.0,5.467586304760092,0.04536867141723633,True
696,dram,data/train_canonical/ref_0696.png,data/train_canonical/search_0696.png,378.85,617.01,43,10.925,4.11,13.44,0.25,0.44,0.76,470.7,106.0,0.0,0.0,0.976,0.969,528.5,436.5,234.47597446220368,0.2029714584350586,True,3,380.0,620.0,3.203529303752348,0.03984975814819336,True
697,finfet,data/train_canonical/ref_0697.png,data/train_canonical/search_0697.png,472.28,398.82,27,9.638,7.75,12.27,-0.63,0.34,0.75,484.8,180.9,0.0,0.0,1.005,1.133,472.5,463.5,64.68037414857771,0.17472386360168457,False,7,476.0,396.0,4.6680616962504,0.04082846641540527,True
698,finfet,data/train_canonical/ref_0698.png,data/train_canonical/search_0698.png,401.31,562.05,24,9.245,7.53,10.82,0.67,0.22,0.79,500.2,148.4,0.0,0.0,0.963,1.096,402.5,483.5,78.5590134866776,0.20530176162719727,False,7,404.0,556.0,6.621072420688316,0.04372525215148926,True
699,finfet,data/train_canonical/ref_0699.png,data/train_canonical/search_0699.png,477.18,406.57,21,9.15,6.76,11.23,-2.13,0.53,0.83,394.5,80.1,0.0,0.0019,0.945,1.049,477.5,472.5,65.93077657664894,0.2077164649963379,True,8,348.0,404.0,129.20556218677274,0.04329180717468262,True
700,dram,data/train_canonical/ref_0700.png,data/train_canonical/search_0700.png,476.86,589.54,39,9.141,5.69,13.06,-0.35,0.46,0.86,400.9,106.1,0.0,0.0025,1.094,1.082,477.5,589.5,0.64124878167524,0.2088937759399414,True,4,476.0,588.0,1.7638594048279221,0.04679059982299805,True
701,dram,data/train_canonical/ref_0701.png,data/train_canonical/search_0701.png,499.49,502.64,41,10.471,7.64,13.17,2.03,0.37,0.87,535.5,122.7,0.746,0.0,0.968,0.957,499.5,502.5,0.14035668847616775,0.2099604606628418,True,3,500.0,500.0,2.6888101457707867,0.04505300521850586,True
702,dram,data/train_canonical/ref_0702.png,data/train_canonical/search_0702.png,517.66,516.87,36,10.113,5.73,16.13,2.89,0.45,0.53,520.1,158.2,0.0,0.0007,1.033,1.114,518.0,517.0,0.364005494464054,0.18719053268432617,True,7,516.0,516.0,1.874166481399105,0.047315120697021484,True
703,finfet,data/train_canonical/ref_0703.png,data/train_canonical/search_0703.png,598.83,621.85,26,10.905,4.77,16.8,2.12,0.25,0.57,402.9,113.6,0.638,0.0004,1.054,1.146,598.5,485.5,136.35039933934922,0.20824360847473145,False,10,604.0,452.0,169.92866562178378,0.04390549659729004,True
704,finfet,data/train_canonical/ref_0704.png,data/train_canonical/search_0704.png,422.78,614.66,23,9.177,7.63,14.06,2.34,0.44,0.78,461.7,119.5,0.0,0.0012,1.089,1.145,422.5,452.5,162.16024173637626,0.20969820022583008,False,11,420.0,620.0,6.0202989958971465,0.04728102684020996,True
705,finfet,data/train_canonical/ref_0705.png,data/train_canonical/search_0705.png,473.27,542.56,22,10.233,7.21,15.79,2.61,0.4,0.51,305.7,191.9,0.0,0.0,1.006,1.059,473.0,489.0,53.560680540859394,0.20577096939086914,False,6,476.0,540.0,3.7425258850139995,0.04948616027832031,True
706,finfet,data/train_canonical/ref_0706.png,data/train_canonical/search_0706.png,633.12,438.99,23,10.132,6.07,12.07,2.69,0.49,0.46,509.5,182.9,0.0,0.0,1.074,0.99,512.0,439.0,121.12000041281374,0.1936473846435547,False,8,636.0,436.0,4.151445531378201,0.0514218807220459,True
707,dram,data/train_canonical/ref_0707.png,data/train_canonical/search_0707.png,430.59,525.1,45,10.486,5.51,11.02,-2.87,0.56,0.53,394.8,111.0,0.0,0.0,1.025,0.866,430.5,525.5,0.40999999999997233,0.1962723731994629,True,4,428.0,524.0,2.813911867845175,0.04564380645751953,True
708,finfet,data/train_canonical/ref_0708.png,data/train_canonical/search_0708.png,541.27,383.03,24,10.623,7.93,14.23,-1.9,0.25,0.76,491.6,159.0,0.0,0.0,1.045,0.935,541.5,536.5,153.47017234629016,0.20835137367248535,False,9,540.0,380.0,3.2853919096509303,0.04593300819396973,True
709,dram,data/train_canonical/ref_0709.png,data/train_canonical/search_0709.png,484.6,608.85,44,9.924,5.49,10.07,-2.7,0.39,0.56,305.5,138.2,0.639,0.0012,1.073,1.092,485.0,498.0,110.85072169363627,0.21205472946166992,True,4,484.0,612.0,3.2066337489647747,0.04734301567077637,True
710,dram,data/train_canonical/ref_0710.png,data/train_canonical/search_0710.png,593.0,476.68,40,9.319,5.47,12.99,2.86,0.42,0.67,346.2,102.8,0.0,0.0,1.015,0.907,592.5,476.5,0.5314132102234592,0.2046213150024414,True,5,596.0,484.0,7.910903867447758,0.04862332344055176,True
711,finfet,data/train_canonical/ref_0711.png,data/train_canonical/search_0711.png,601.41,501.14,23,10.412,7.51,16.33,-2.0,0.32,0.87,466.7,141.7,0.0,0.0,1.073,0.932,601.5,501.5,0.37107950630561043,0.1989290714263916,True,7,604.0,500.0,2.8297879779234583,0.043292999267578125,True
712,dram,data/train_canonical/ref_0712.png,data/train_canonical/search_0712.png,431.13,379.25,40,9.811,6.26,12.12,-0.12,0.26,0.43,331.3,131.2,0.0,0.0,1.098,1.122,432.0,514.0,134.75280850505493,0.19813156127929688,False,9,436.0,380.0,4.927413114403951,0.041046142578125,True
713,dram,data/train_canonical/ref_0713.png,data/train_canonical/search_0713.png,394.68,534.45,41,10.682,6.65,16.38,-1.64,0.24,0.83,545.0,172.8,0.0,0.0,0.989,0.865,395.5,534.5,0.8215229759416253,0.20004940032958984,True,8,396.0,532.0,2.782966043630465,0.04675698280334473,True
714,finfet,data/train_canonical/ref_0714.png,data/train_canonical/search_0714.png,499.54,601.28,26,10.36,4.65,15.39,1.2,0.23,0.89,372.7,106.1,0.0,0.0,0.967,0.941,499.5,478.5,122.78000651571897,0.19370126724243164,False,4,500.0,796.0,194.7205433435312,0.04428815841674805,True
715,finfet,data/train_canonical/ref_0715.png,data/train_canonical/search_0715.png,452.33,495.46,29,10.921,6.36,10.1,-2.17,0.25,0.59,458.0,181.4,0.0,0.0,1.004,1.099,452.5,495.5,0.17464249196575,0.22841501235961914,True,7,452.0,492.0,3.4757013680694504,0.04547572135925293,True
716,finfet,data/train_canonical/ref_0716.png,data/train_canonical/search_0716.png,388.12,519.28,26,9.538,5.07,11.46,0.08,0.29,0.83,544.1,135.3,0.562,0.0006,1.047,1.136,513.5,519.5,125.38019301309119,0.18293070793151855,False,10,388.0,524.0,4.7215251773129685,0.04204154014587402,True
717,finfet,data/train_canonical/ref_0717.png,data/train_canonical/search_0717.png,410.42,498.91,22,9.346,5.9,14.64,2.85,0.35,0.84,376.5,180.5,0.0,0.0,1.034,0.862,410.5,498.5,0.41773197148413,0.19400835037231445,True,8,412.0,500.0,1.9195051445619766,0.05225968360900879,True
718,dram,data/train_canonical/ref_0718.png,data/train_canonical/search_0718.png,565.56,489.33,35,9.971,5.72,16.01,-0.0,0.21,0.76,576.7,169.6,0.0,0.0,1.052,0.882,566.0,489.0,0.5500000000000341,0.19144272804260254,True,7,564.0,492.0,3.0923292192132315,0.04792618751525879,True
719,finfet,data/train_canonical/ref_0719.png,data/train_canonical/search_0719.png,616.64,439.03,30,10.416,6.32,16.21,-1.68,0.26,0.52,358.2,188.0,0.0,0.0,0.974,0.984,475.5,497.5,152.77185768327882,0.2029588222503662,True,8,620.0,444.0,5.999208281098462,0.04546713829040527,True
720,dram,data/train_canonical/ref_0720.png,data/train_canonical/search_0720.png,433.0,409.77,35,9.557,7.0,14.06,-0.71,0.47,0.49,435.6,179.0,0.0,0.0,0.933,1.12,433.5,409.5,0.5682429058070063,0.20756936073303223,True,7,436.0,412.0,3.7380342427538142,0.049248695373535156,True
721,dram,data/train_canonical/ref_0721.png,data/train_canonical/search_0721.png,525.77,632.75,43,9.955,4.02,14.91,0.25,0.36,0.63,434.0,139.3,0.645,0.0,0.975,0.94,526.0,464.0,168.75015674066793,0.1965634822845459,True,4,524.0,636.0,3.70072965778371,0.04470658302307129,True
722,dram,data/train_canonical/ref_0722.png,data/train_canonical/search_0722.png,380.66,526.04,41,10.098,5.94,16.93,2.14,0.52,0.86,474.0,108.0,0.0,0.0,1.048,0.954,539.0,526.0,158.34000505241875,0.20742511749267578,False,7,380.0,524.0,2.1441082062246495,0.048874616622924805,True
723,dram,data/train_canonical/ref_0723.png,data/train_canonical/search_0723.png,497.04,524.22,42,9.494,5.41,12.83,-2.98,0.45,0.86,548.5,100.9,0.0,0.0,0.948,1.071,497.5,524.5,0.5385164807134187,0.21345019340515137,True,5,500.0,524.0,2.9681644159311475,0.04858565330505371,True
724,finfet,data/train_canonical/ref_0724.png,data/train_canonical/search_0724.png,421.88,585.25,28,9.733,5.8,17.97,-0.02,0.22,0.68,492.5,108.0,0.642,0.0,1.033,0.868,421.5,512.5,72.75099243309332,0.17124295234680176,False,6,420.0,588.0,3.3312009846300152,0.03913307189941406,True
725,finfet,data/train_canonical/ref_0725.png,data/train_canonical/search_0725.png,448.98,418.43,26,9.364,7.92,12.1,-2.86,0.58,0.58,459.9,152.3,0.0,0.0019,0.956,0.945,449.5,548.5,130.0710394361481,0.19446492195129395,False,9,452.0,420.0,3.4037185547574094,0.04381728172302246,True
726,finfet,data/train_canonical/ref_0726.png,data/train_canonical/search_0726.png,374.47,398.82,23,9.608,5.53,10.83,-2.65,0.29,0.47,518.5,117.8,0.0,0.0,1.065,0.972,412.5,473.5,83.80562809262871,0.2189335823059082,False,12,372.0,404.0,5.738754220211928,0.04364609718322754,True
727,finfet,data/train_canonical/ref_0727.png,data/train_canonical/search_0727.png,366.27,464.51,24,10.484,4.42,16.56,0.19,0.55,0.89,499.4,127.1,0.0,0.0006,0.906,1.024,503.5,464.5,137.23000036435184,0.20618224143981934,True,8,364.0,468.0,4.163291966701348,0.04193544387817383,True
728,finfet,data/train_canonical/ref_0728.png,data/train_canonical/search_0728.png,513.45,622.25,23,10.938,7.53,10.7,1.47,0.42,0.75,577.3,192.8,0.0,0.0,0.934,1.066,513.5,510.5,111.75001118568177,0.19575715065002441,False,6,516.0,628.0,6.290071541723494,0.04548287391662598,True
729,dram,data/train_canonical/ref_0729.png,data/train_canonical/search_0729.png,435.7,555.26,39,10.154,4.42,14.92,-0.05,0.32,0.84,589.2,82.7,0.0,0.0016,1.019,0.962,513.0,556.0,77.30354196283636,0.2098379135131836,True,5,436.0,556.0,0.7984985911070979,0.0450589656829834,True
730,dram,data/train_canonical/ref_0730.png,data/train_canonical/search_0730.png,375.52,603.83,36,10.998,5.34,11.28,-0.72,0.4,0.66,544.2,161.6,0.606,0.0,0.963,1.052,522.5,603.5,146.98037045809895,0.21459078788757324,False,10,372.0,484.0,119.88168876021062,0.04645204544067383,True
731,finfet,data/train_canonical/ref_0731.png,data/train_canonical/search_0731.png,533.39,562.56,27,10.283,5.08,14.63,-2.24,0.46,0.83,429.6,85.6,0.489,0.0,0.93,0.903,533.5,562.5,0.12529964086140252,0.19615936279296875,True,5,532.0,564.0,2.001424492705163,0.054322242736816406,True
732,finfet,data/train_canonical/ref_0732.png,data/train_canonical/search_0732.png,633.96,615.37,24,10.111,7.73,15.37,-2.63,0.46,0.54,465.7,92.5,0.544,0.0,0.96,0.986,423.0,499.0,240.92757936774282,0.2068636417388916,False,9,636.0,620.0,5.05949602233264,0.0463254451751709,True
733,finfet,data/train_canonical/ref_0733.png,data/train_canonical/search_0733.png,399.66,437.63,24,9.638,4.35,14.34,0.17,0.37,0.46,476.2,81.1,0.0,0.0,1.078,1.028,474.5,437.5,74.84011290745089,0.19823265075683594,True,12,404.0,436.0,4.63600043140634,0.044516801834106445,True
734,finfet,data/train_canonical/ref_0734.png,data/train_canonical/search_0734.png,489.18,386.22,29,10.704,5.29,14.17,-0.17,0.38,0.66,396.3,191.9,0.0,0.0,0.929,0.879,489.5,500.5,114.28044802152289,0.20300912857055664,False,11,492.0,388.0,3.334786349978041,0.044812917709350586,True
735,finfet,data/train_canonical/ref_0735.png,data/train_canonical/search_0735.png,592.09,523.41,24,10.294,6.02,12.03,2.78,0.24,0.54,465.4,163.5,0.0,0.0,1.022,1.125,591.5,523.5,0.5968249324551071,0.1907055377960205,True,7,596.0,524.0,3.95426352182044,0.04438447952270508,True
736,dram,data/train_canonical/ref_0736.png,data/train_canonical/search_0736.png,546.09,501.76,44,10.194,7.65,11.75,-1.81,0.31,0.75,331.7,80.0,0.0,0.0,1.056,0.915,546.0,502.0,0.25632011235954566,0.233870267868042,True,5,756.0,500.0,209.9173782705948,0.04874587059020996,True
737,finfet,data/train_canonical/ref_0737.png,data/train_canonical/search_0737.png,580.97,437.78,27,10.462,6.78,16.23,-2.15,0.22,0.85,462.5,150.9,0.0,0.0,0.944,0.882,581.5,437.5,0.5994163828257915,0.21875452995300293,True,4,580.0,436.0,2.027140843651461,0.043879032135009766,True
738,dram,data/train_canonical/ref_0738.png,data/train_canonical/search_0738.png,419.3,423.58,43,10.985,7.65,16.66,2.12,0.59,0.62,541.8,139.3,0.0,0.0028,1.083,0.861,419.5,423.5,0.2154065922853637,0.20525193214416504,True,7,420.0,420.0,3.64779385382451,0.05312514305114746,True
739,dram,data/train_canonical/ref_0739.png,data/train_canonical/search_0739.png,403.34,574.37,35,9.057,5.04,10.68,1.41,0.33,0.69,314.3,132.8,0.548,0.0014,1.075,1.143,546.5,574.5,143.16005902485514,0.20129847526550293,False,8,404.0,580.0,5.668553607402861,0.048243045806884766,True
740,finfet,data/train_canonical/ref_0740.png,data/train_canonical/search_0740.png,594.81,595.93,22,10.743,5.03,11.56,-2.21,0.33,0.59,358.2,178.1,0.337,0.0024,1.079,1.075,594.5,526.5,69.4306920605001,0.20052671432495117,True,13,596.0,596.0,1.1920570456149056,0.04525017738342285,True
741,dram,data/train_canonical/ref_0741.png,data/train_canonical/search_0741.png,461.04,480.91,40,9.763,4.74,10.23,1.29,0.46,0.53,389.9,163.6,0.337,0.0,0.921,0.878,460.5,480.5,0.6780117993073886,0.20587992668151855,True,3,460.0,484.0,3.2603220699801865,0.0451657772064209,True
742,finfet,data/train_canonical/ref_0742.png,data/train_canonical/search_0742.png,429.94,432.68,24,9.127,7.73,14.71,2.03,0.41,0.84,349.4,94.4,0.0,0.0,0.928,1.019,429.5,432.5,0.475394572960189,0.19531822204589844,True,9,436.0,436.0,6.909848044638896,0.04295969009399414,True
743,dram,data/train_canonical/ref_0743.png,data/train_canonical/search_0743.png,378.88,504.99,40,9.182,6.15,13.7,-2.33,0.56,0.76,433.8,183.4,0.0,0.0018,0.985,0.863,487.5,504.5,108.62110522361665,0.20767569541931152,True,7,380.0,500.0,5.11414704520706,0.04835772514343262,True
744,finfet,data/train_canonical/ref_0744.png,data/train_canonical/search_0744.png,453.27,391.4,21,9.698,5.5,13.69,2.92,0.48,0.56,440.7,146.4,0.0,0.0,1.051,1.134,453.5,539.5,148.1001785954359,0.2135460376739502,False,10,452.0,396.0,4.772095975564633,0.04603242874145508,True
745,dram,data/train_canonical/ref_0745.png,data/train_canonical/search_0745.png,550.99,590.4,42,9.668,7.34,13.05,1.9,0.42,0.82,490.9,123.7,0.0,0.0,0.969,1.004,550.5,590.5,0.500099990002013,0.20017528533935547,True,6,556.0,596.0,7.513993611921704,0.052310943603515625,True
746,dram,data/train_canonical/ref_0746.png,data/train_canonical/search_0746.png,478.61,384.35,40,10.407,6.16,16.92,1.48,0.44,0.66,376.8,96.7,0.302,0.0,0.952,0.886,478.5,468.5,84.1500718953941,0.2039642333984375,True,3,484.0,388.0,6.509577559258334,0.045322418212890625,True
747,dram,data/train_canonical/ref_0747.png,data/train_canonical/search_0747.png,472.78,373.49,44,10.102,4.21,11.49,2.56,0.53,0.68,427.7,192.6,0.0,0.0,1.095,0.926,473.0,517.0,143.5101686292647,0.20525193214416504,False,4,476.0,364.0,10.021402097511125,0.052109479904174805,True
748,finfet,data/train_canonical/ref_0748.png,data/train_canonical/search_0748.png,381.57,422.99,29,9.102,5.57,13.71,-1.95,0.24,0.43,342.3,122.0,0.786,0.0,0.98,1.085,495.5,559.5,177.80614443826175,0.20676541328430176,False,9,380.0,428.0,5.250238089839344,0.04933667182922363,True
749,finfet,data/train_canonical/ref_0749.png,data/train_canonical/search_0749.png,615.03,484.02,25,9.526,5.26,15.13,2.24,0.31,0.64,584.3,195.4,0.0,0.0,0.992,1.082,522.5,484.5,92.53124499324537,0.17201948165893555,True,11,612.0,484.0,3.0300660058816926,0.0423738956451416,True
750,finfet,data/train_canonical/ref_0750.png,data/train_canonical/search_0750.png,410.73,577.9,20,9.098,4.16,14.87,1.94,0.57,0.76,482.7,105.4,0.0,0.0009,1.027,0.973,410.5,529.5,48.4005464845181,0.2382512092590332,True,7,420.0,396.0,182.1360560130805,0.04999423027038574,True
751,dram,data/train_canonical/ref_0751.png,data/train_canonical/search_0751.png,458.12,531.04,40,9.024,5.75,13.03,-2.51,0.55,0.77,432.3,91.8,0.0,0.0,0.965,1.057,529.5,530.5,71.38204255973626,0.22052979469299316,True,4,460.0,532.0,2.1109239683134144,0.050290822982788086,True
752,finfet,data/train_canonical/ref_0752.png,data/train_canonical/search_0752.png,436.51,537.65,21,9.768,6.14,11.36,2.07,0.56,0.65,490.9,81.6,0.0,0.0,0.959,1.112,437.0,486.0,51.65232424586524,0.2006516456604004,False,8,436.0,540.0,2.404703723954387,0.04723310470581055,True
753,dram,data/train_canonical/ref_0753.png,data/train_canonical/search_0753.png,504.83,413.31,45,9.09,7.92,16.17,-1.04,0.32,0.9,430.3,93.3,0.0,0.0,1.0,0.96,504.5,413.5,0.3807886552931805,0.192183256149292,True,3,508.0,420.0,7.4030399161425615,0.04528617858886719,True
754,dram,data/train_canonical/ref_0754.png,data/train_canonical/search_0754.png,562.19,570.05,41,10.938,6.65,14.27,1.75,0.47,0.81,558.5,109.8,0.0,0.0,0.946,0.956,562.5,570.5,0.5464430436925765,0.20131397247314453,True,6,564.0,572.0,2.6605638500137485,0.04681801795959473,True
755,dram,data/train_canonical/ref_0755.png,data/train_canonical/search_0755.png,625.77,581.43,44,10.013,6.41,17.72,0.68,0.55,0.88,324.8,174.4,0.0,0.0,1.019,1.013,463.0,581.0,162.7705679783664,0.20120763778686523,True,4,628.0,580.0,2.6491130591199648,0.04264640808105469,True
756,finfet,data/train_canonical/ref_0756.png,data/train_canonical/search_0756.png,545.79,515.57,28,9.264,7.94,17.23,-0.69,0.59,0.61,349.4,112.8,0.667,0.0,0.984,1.055,545.5,515.5,0.2983286778035023,0.1992206573486328,False,7,548.0,516.0,2.251443981093049,0.0401461124420166,True
757,finfet,data/train_canonical/ref_0757.png,data/train_canonical/search_0757.png,502.03,397.42,28,10.047,6.84,15.38,2.69,0.56,0.63,446.4,167.4,0.0,0.0,1.059,0.893,502.0,508.0,110.58000406945189,0.2092430591583252,False,6,500.0,396.0,2.4773574631045747,0.04666852951049805,True
758,dram,data/train_canonical/ref_0758.png,data/train_canonical/search_0758.png,419.72,564.89,37,9.437,5.0,12.72,0.91,0.47,0.52,387.1,141.2,0.0,0.0,1.032,0.97,419.5,564.5,0.44777226354476374,0.21196293830871582,True,3,420.0,564.0,0.9330058949438425,0.04229545593261719,True
759,dram,data/train_canonical/ref_0759.png,data/train_canonical/search_0759.png,538.3,583.4,41,9.378,5.02,16.62,-2.38,0.31,0.64,592.8,84.3,0.0,0.0,1.035,0.982,538.5,583.5,0.2236067977500298,0.1948680877685547,True,5,540.0,588.0,4.904079934095728,0.04769706726074219,True
760,dram,data/train_canonical/ref_0760.png,data/train_canonical/search_0760.png,485.48,495.3,38,9.473,6.26,15.82,-2.33,0.53,0.84,411.4,104.1,0.332,0.0,1.025,1.07,485.5,495.5,0.20099751242240468,0.2088150978088379,True,9,484.0,500.0,4.927514586482718,0.052008867263793945,True
761,dram,data/train_canonical/ref_0761.png,data/train_canonical/search_0761.png,631.37,529.88,44,10.957,4.09,12.17,0.25,0.21,0.44,531.3,103.5,0.0,0.0,1.072,0.983,530.5,513.5,102.19129757469567,0.20300650596618652,True,6,636.0,524.0,7.484069748472412,0.04474139213562012,True
762,finfet,data/train_canonical/ref_0762.png,data/train_canonical/search_0762.png,449.17,382.13,29,9.083,7.69,12.43,-0.81,0.33,0.67,593.7,109.6,0.0,0.0,0.913,1.073,449.5,461.5,79.37068602450152,0.20732331275939941,True,6,452.0,380.0,3.542005081870986,0.04217934608459473,True
763,finfet,data/train_canonical/ref_0763.png,data/train_canonical/search_0763.png,419.34,420.73,28,10.073,6.73,16.71,-0.83,0.36,0.9,432.4,103.2,0.413,0.0,1.097,0.979,477.0,421.0,57.660632150541005,0.19772052764892578,False,11,420.0,420.0,0.9841239759298925,0.04472708702087402,True
764,finfet,data/train_canonical/ref_0764.png,data/train_canonical/search_0764.png,512.09,633.56,29,10.611,5.19,16.79,2.09,0.24,0.41,304.3,194.4,0.729,0.0,1.004,0.86,512.5,456.5,177.06047469720616,0.1982097625732422,False,6,516.0,636.0,4.608871879321448,0.046327829360961914,True
765,finfet,data/train_canonical/ref_0765.png,data/train_canonical/search_0765.png,473.12,517.51,26,9.034,4.98,15.22,-2.33,0.52,0.56,591.0,168.9,0.0,0.0005,0.956,1.018,473.5,517.5,0.3801315561749595,0.21676945686340332,True,7,476.0,516.0,3.2518456297924025,0.04498291015625,True
766,finfet,data/train_canonical/ref_0766.png,data/train_canonical/search_0766.png,567.08,567.38,25,10.124,4.65,10.64,1.3,0.26,0.54,578.6,123.1,0.0,0.0021,1.023,0.956,567.0,454.0,113.38002822366909,0.19380760192871094,True,7,564.0,572.0,5.55254896421457,0.054894208908081055,True
767,finfet,data/train_canonical/ref_0767.png,data/train_canonical/search_0767.png,633.84,390.36,25,10.765,5.05,16.07,-1.07,0.59,0.59,396.8,122.3,0.0,0.0,1.04,0.927,441.5,548.5,249.0038859134532,0.19688963890075684,False,6,636.0,388.0,3.1992499120887583,0.06122088432312012,True
768,dram,data/train_canonical/ref_0768.png,data/train_canonical/search_0768.png,532.17,429.39,37,9.632,7.27,14.52,-2.38,0.33,0.65,499.4,80.4,0.0,0.0027,0.942,0.973,532.5,429.5,0.34785054261856485,0.20814299583435059,True,6,532.0,436.0,6.612185720319731,0.06213641166687012,True
769,dram,data/train_canonical/ref_0769.png,data/train_canonical/search_0769.png,505.06,532.53,39,10.486,6.79,12.94,0.42,0.32,0.85,478.5,115.5,0.0,0.0,1.064,0.968,505.5,532.5,0.4410215414239948,0.1914818286895752,True,4,508.0,236.0,296.54457422114467,0.05159139633178711,True
770,finfet,data/train_canonical/ref_0770.png,data/train_canonical/search_0770.png,564.79,546.94,28,10.082,6.75,11.17,0.86,0.29,0.79,467.6,189.0,0.0,0.0,0.979,1.005,565.0,547.0,0.21840329667843553,0.1881847381591797,True,9,572.0,548.0,7.287503001714676,0.040010929107666016,True
771,finfet,data/train_canonical/ref_0771.png,data/train_canonical/search_0771.png,530.62,538.81,30,10.627,4.03,10.24,-2.97,0.56,0.84,498.0,101.3,0.0,0.0,0.913,0.915,530.5,472.5,66.3101085808189,0.21126127243041992,True,4,532.0,540.0,1.8222239159884048,0.04644370079040527,True
772,dram,data/train_canonical/ref_0772.png,data/train_canonical/search_0772.png,554.06,582.98,44,9.957,5.34,13.7,-2.27,0.58,0.66,519.4,170.5,0.0,0.0011,0.928,1.099,554.0,583.0,0.06324555320331006,0.2126762866973877,True,3,556.0,580.0,3.5558402663787247,0.04811429977416992,True
773,finfet,data/train_canonical/ref_0773.png,data/train_canonical/search_0773.png,393.54,621.9,21,9.117,6.39,15.16,2.78,0.56,0.42,411.4,134.8,0.0,0.0011,0.901,0.926,543.5,553.5,164.82281880856178,0.19983744621276855,False,9,396.0,628.0,6.577355091524265,0.04790997505187988,True
774,dram,data/train_canonical/ref_0774.png,data/train_canonical/search_0774.png,562.41,482.3,45,9.162,6.94,15.62,0.85,0.52,0.76,313.6,118.7,0.0,0.0,0.947,0.966,562.5,482.5,0.21931712199461578,0.2122046947479248,True,4,556.0,212.0,270.37599394176993,0.043711185455322266,True
775,dram,data/train_canonical/ref_0775.png,data/train_canonical/search_0775.png,514.76,596.54,41,10.284,4.16,14.18,-2.74,0.22,0.56,312.2,188.5,0.603,0.0,1.039,1.017,514.5,596.5,0.2630589287593036,0.20964741706848145,True,8,516.0,604.0,7.5623541308246445,0.04834342002868652,True
776,finfet,data/train_canonical/ref_0776.png,data/train_canonical/search_0776.png,428.87,511.06,26,9.101,4.58,11.03,2.95,0.23,0.43,543.0,188.5,0.0,0.0,0.909,0.996,428.5,511.5,0.5748912940721935,0.20168232917785645,False,7,436.0,508.0,7.758898117645311,0.04653048515319824,True
777,dram,data/train_canonical/ref_0777.png,data/train_canonical/search_0777.png,487.41,610.88,39,9.598,5.51,16.71,2.99,0.48,0.84,377.4,148.8,0.0,0.0,0.912,0.953,487.5,533.5,77.38005233908801,0.1950230598449707,True,7,484.0,612.0,3.589219970968648,0.05971336364746094,True
778,dram,data/train_canonical/ref_0778.png,data/train_canonical/search_0778.png,529.58,387.97,43,10.882,7.76,15.92,-0.19,0.22,0.43,461.5,148.9,0.0,0.0027,1.082,1.107,529.5,518.5,130.53002451543472,0.2028806209564209,False,5,532.0,388.0,2.420185943269608,0.04085659980773926,True
779,dram,data/train_canonical/ref_0779.png,data/train_canonical/search_0779.png,553.04,443.04,36,10.173,5.58,16.05,1.3,0.4,0.85,385.2,197.7,0.0,0.0,1.043,1.117,553.0,443.0,0.05656854249491255,0.2129805088043213,True,5,556.0,444.0,3.1117840542043043,0.04121208190917969,True
780,dram,data/train_canonical/ref_0780.png,data/train_canonical/search_0780.png,411.47,490.48,42,10.188,4.32,18.0,2.62,0.52,0.59,465.7,132.8,0.0,0.0,1.016,0.97,412.0,491.0,0.7424957912338306,0.16339659690856934,True,4,420.0,492.0,8.664369567371851,0.04772019386291504,True
781,dram,data/train_canonical/ref_0781.png,data/train_canonical/search_0781.png,509.76,451.08,35,10.719,4.16,12.38,-1.55,0.24,0.69,505.5,177.0,0.0,0.0017,1.031,1.132,509.5,451.5,0.49396356140914754,0.1932382583618164,True,6,516.0,452.0,6.30745590551374,0.04800677299499512,True
782,dram,data/train_canonical/ref_0782.png,data/train_canonical/search_0782.png,526.86,382.86,44,9.604,5.21,13.24,-0.25,0.57,0.72,513.1,192.8,0.44,0.0,0.924,0.883,526.5,487.5,104.64061926422262,0.20079827308654785,True,3,532.0,380.0,5.88210846550792,0.04246640205383301,True
783,dram,data/train_canonical/ref_0783.png,data/train_canonical/search_0783.png,618.15,509.9,41,9.192,7.52,11.47,2.05,0.47,0.76,408.7,141.4,0.731,0.0,1.047,1.032,515.5,509.5,102.65077934433813,0.21069622039794922,True,4,620.0,516.0,6.3743627132443885,0.046393632888793945,True
784,dram,data/train_canonical/ref_0784.png,data/train_canonical/search_0784.png,604.84,415.78,43,10.33,7.44,10.68,-2.97,0.36,0.62,353.7,180.4,0.0,0.0,1.042,1.052,459.5,415.5,145.34026971214828,0.19343996047973633,False,5,612.0,420.0,8.31107694585965,0.04755425453186035,True
785,dram,data/train_canonical/ref_0785.png,data/train_canonical/search_0785.png,501.8,501.29,36,9.673,7.35,10.12,0.21,0.22,0.47,477.9,183.7,0.0,0.0,1.076,0.994,501.5,501.5,0.36619666847200866,0.20957374572753906,True,3,500.0,508.0,6.947236860795792,0.04018235206604004,True
786,dram,data/train_canonical/ref_0786.png,data/train_canonical/search_0786.png,485.3,530.57,45,10.515,4.25,17.11,-0.06,0.26,0.4,367.0,121.5,0.0,0.0,0.903,1.125,532.5,530.5,47.200051906751106,0.20947670936584473,False,6,492.0,532.0,6.850905049699616,0.03849029541015625,True
787,dram,data/train_canonical/ref_0787.png,data/train_canonical/search_0787.png,586.17,471.16,45,10.069,6.8,13.42,1.07,0.26,0.63,328.3,94.8,0.0,0.0,1.053,0.971,479.0,471.0,107.17011943634286,0.19863510131835938,True,4,588.0,228.0,243.16688610910822,0.041426658630371094,True
788,dram,data/train_canonical/ref_0788.png,data/train_canonical/search_0788.png,428.15,552.11,39,10.06,5.27,13.21,-0.73,0.27,0.44,549.2,184.0,0.455,0.0,0.93,1.109,428.0,552.0,0.18601075237737247,0.18771910667419434,True,5,428.0,556.0,3.892890956602803,0.039788007736206055,True
789,finfet,data/train_canonical/ref_0789.png,data/train_canonical/search_0789.png,487.11,491.73,20,9.522,5.42,13.48,-1.54,0.49,0.52,349.5,164.0,0.0,0.0,1.097,0.966,487.5,491.5,0.4527692569068683,0.1911311149597168,True,6,492.0,492.0,4.897448315194338,0.041324615478515625,True
790,dram,data/train_canonical/ref_0790.png,data/train_canonical/search_0790.png,480.95,380.5,42,9.527,6.28,12.53,1.65,0.59,0.5,416.2,190.6,0.522,0.0,0.913,1.001,480.5,504.5,124.00081652956968,0.19342851638793945,False,8,484.0,380.0,3.0907118921051295,0.044756412506103516,True
791,finfet,data/train_canonical/ref_0791.png,data/train_canonical/search_0791.png,440.78,466.68,22,9.885,7.22,12.57,-0.64,0.22,0.71,353.2,154.5,0.422,0.0026,0.901,1.077,441.0,467.0,0.3883297567789618,0.17699694633483887,True,10,444.0,580.0,113.36573909254946,0.0396878719329834,True
792,dram,data/train_canonical/ref_0792.png,data/train_canonical/search_0792.png,557.36,388.93,41,10.408,5.67,10.9,-2.01,0.58,0.86,394.7,176.9,0.0,0.0,0.947,0.922,557.5,499.5,110.57008863160054,0.20948243141174316,True,10,556.0,388.0,1.6475739740600572,0.04525876045227051,True
793,finfet,data/train_canonical/ref_0793.png,data/train_canonical/search_0793.png,513.32,587.73,28,10.268,6.58,13.77,2.49,0.58,0.48,344.3,148.4,0.498,0.0016,1.076,0.959,513.5,511.5,76.23021251446175,0.21193695068359375,False,7,516.0,588.0,2.693566409056907,0.04447793960571289,True
794,finfet,data/train_canonical/ref_0794.png,data/train_canonical/search_0794.png,516.7,589.0,22,9.419,7.37,13.17,2.7,0.21,0.64,353.9,148.1,0.394,0.0006,1.061,0.917,516.5,431.5,157.5001269840758,0.2057640552520752,True,11,516.0,588.0,1.2206555615733965,0.046180009841918945,True
795,finfet,data/train_canonical/ref_0795.png,data/train_canonical/search_0795.png,543.71,499.58,20,9.788,4.32,10.52,-1.2,0.24,0.43,598.0,168.4,0.345,0.0,1.002,1.135,543.0,500.0,0.824924238945653,0.19247841835021973,False,6,548.0,500.0,4.31051041061261,0.04617714881896973,True
796,dram,data/train_canonical/ref_0796.png,data/train_canonical/search_0796.png,616.01,483.13,45,10.324,4.59,15.79,1.03,0.37,0.5,427.4,172.4,0.0,0.001,1.067,0.989,533.5,483.5,82.510829592242,0.19596123695373535,True,3,620.0,484.0,4.083748278236562,0.04427742958068848,True
797,finfet,data/train_canonical/ref_0797.png,data/train_canonical/search_0797.png,537.15,530.17,23,9.733,6.99,16.24,0.14,0.2,0.72,462.3,159.9,0.499,0.0,0.996,1.123,482.5,529.5,54.654106890516445,0.15465450286865234,True,9,532.0,532.0,5.465473447012611,0.03822469711303711,True
798,finfet,data/train_canonical/ref_0798.png,data/train_canonical/search_0798.png,602.9,368.55,25,9.524,6.37,11.63,-1.42,0.29,0.47,450.9,135.9,0.531,0.0,1.009,1.049,424.5,543.5,249.8680901996091,0.19488930702209473,True,9,604.0,372.0,3.6211186116999774,0.03985333442687988,True
799,dram,data/train_canonical/ref_0799.png,data/train_canonical/search_0799.png,562.4,632.22,41,9.424,6.53,16.51,-2.71,0.33,0.56,500.2,156.7,0.521,0.0003,0.991,0.95,562.5,419.5,212.72002350507583,0.20069003105163574,True,3,564.0,636.0,4.104680255513195,0.04974675178527832,True
