pair_id,style,ref_path,search_path,gt_x,gt_y,pred_x,pred_y,error_px,time_sec,confident
0,dram,data/train_canonical/ref_0000.png,data/train_canonical/search_0000.png,520.14,496.05,524.0,500.0,5.522870630387789,0.05791616439819336,True
1,dram,data/train_canonical/ref_0001.png,data/train_canonical/search_0001.png,479.7,610.69,484.0,620.0,10.255052413322863,0.05309343338012695,True
2,finfet,data/train_canonical/ref_0002.png,data/train_canonical/search_0002.png,425.37,476.78,428.0,476.0,2.7432280255202874,0.043970346450805664,True
3,dram,data/train_canonical/ref_0003.png,data/train_canonical/search_0003.png,631.44,575.43,636.0,580.0,6.455888784667836,0.04871320724487305,True
4,dram,data/train_canonical/ref_0004.png,data/train_canonical/search_0004.png,526.24,462.54,524.0,468.0,5.901626894340222,0.04890251159667969,True
5,dram,data/train_canonical/ref_0005.png,data/train_canonical/search_0005.png,634.35,437.0,636.0,436.0,1.9293781381574544,0.04151129722595215,True
6,finfet,data/train_canonical/ref_0006.png,data/train_canonical/search_0006.png,380.04,541.72,380.0,548.0,6.280127387243006,0.0418548583984375,True
7,dram,data/train_canonical/ref_0007.png,data/train_canonical/search_0007.png,498.09,569.26,500.0,572.0,3.340014970026354,0.04381299018859863,True
8,dram,data/train_canonical/ref_0008.png,data/train_canonical/search_0008.png,402.47,588.98,412.0,588.0,9.58025573771387,0.0482335090637207,True
9,finfet,data/train_canonical/ref_0009.png,data/train_canonical/search_0009.png,474.45,495.78,476.0,500.0,4.49565345639544,0.04757499694824219,True
10,finfet,data/train_canonical/ref_0010.png,data/train_canonical/search_0010.png,611.35,440.72,612.0,676.0,235.28089786465875,0.04890084266662598,True
11,dram,data/train_canonical/ref_0011.png,data/train_canonical/search_0011.png,563.11,494.92,564.0,492.0,3.052621823940868,0.048891305923461914,True
12,finfet,data/train_canonical/ref_0012.png,data/train_canonical/search_0012.png,610.97,373.94,612.0,380.0,6.146909792733254,0.042011260986328125,True
13,finfet,data/train_canonical/ref_0013.png,data/train_canonical/search_0013.png,634.11,532.36,636.0,532.0,1.9239802493788647,0.03989243507385254,True
14,finfet,data/train_canonical/ref_0014.png,data/train_canonical/search_0014.png,438.87,552.86,436.0,556.0,4.253998119416597,0.048005104064941406,True
15,dram,data/train_canonical/ref_0015.png,data/train_canonical/search_0015.png,385.98,617.81,388.0,620.0,2.9793455657241514,0.04409503936767578,True
16,dram,data/train_canonical/ref_0016.png,data/train_canonical/search_0016.png,549.07,612.4,548.0,612.0,1.1423221962301568,0.044756412506103516,True
17,dram,data/train_canonical/ref_0017.png,data/train_canonical/search_0017.png,413.21,602.46,412.0,604.0,1.958494319624093,0.05179286003112793,True
18,dram,data/train_canonical/ref_0018.png,data/train_canonical/search_0018.png,540.49,525.3,540.0,524.0,1.3892803892662886,0.04958343505859375,True
19,finfet,data/train_canonical/ref_0019.png,data/train_canonical/search_0019.png,574.8,455.01,572.0,452.0,4.110973120807248,0.04858756065368652,True
20,finfet,data/train_canonical/ref_0020.png,data/train_canonical/search_0020.png,419.66,570.82,420.0,580.0,9.186294138552231,0.04365396499633789,True
21,finfet,data/train_canonical/ref_0021.png,data/train_canonical/search_0021.png,385.01,455.45,388.0,460.0,5.444501813756715,0.04267263412475586,True
22,dram,data/train_canonical/ref_0022.png,data/train_canonical/search_0022.png,620.52,532.84,620.0,532.0,0.9879271228182951,0.04232978820800781,True
23,dram,data/train_canonical/ref_0023.png,data/train_canonical/search_0023.png,379.11,570.82,380.0,572.0,1.4780054127099325,0.04811501502990723,True
24,finfet,data/train_canonical/ref_0024.png,data/train_canonical/search_0024.png,476.38,447.0,484.0,452.0,9.113967302991604,0.04527425765991211,True
25,dram,data/train_canonical/ref_0025.png,data/train_canonical/search_0025.png,408.69,460.39,412.0,460.0,3.3328966380612535,0.0466916561126709,True
26,dram,data/train_canonical/ref_0026.png,data/train_canonical/search_0026.png,463.43,415.99,468.0,420.0,6.079884867330948,0.04364967346191406,True
27,finfet,data/train_canonical/ref_0027.png,data/train_canonical/search_0027.png,565.25,473.21,564.0,476.0,3.0572209602840474,0.04124569892883301,True
28,finfet,data/train_canonical/ref_0028.png,data/train_canonical/search_0028.png,587.96,606.51,588.0,548.0,58.51001367287483,0.041374921798706055,True
29,finfet,data/train_canonical/ref_0029.png,data/train_canonical/search_0029.png,563.3,382.97,564.0,388.0,5.078474180302563,0.04483771324157715,True
30,dram,data/train_canonical/ref_0030.png,data/train_canonical/search_0030.png,517.73,475.45,524.0,476.0,6.294076580404768,0.04508495330810547,True
31,finfet,data/train_canonical/ref_0031.png,data/train_canonical/search_0031.png,602.11,544.31,604.0,548.0,4.14586541026121,0.04596209526062012,True
32,finfet,data/train_canonical/ref_0032.png,data/train_canonical/search_0032.png,572.35,616.82,572.0,612.0,4.83269076188416,0.04926443099975586,True
33,dram,data/train_canonical/ref_0033.png,data/train_canonical/search_0033.png,582.99,372.11,580.0,372.0,2.9920227271864195,0.054585933685302734,True
34,finfet,data/train_canonical/ref_0034.png,data/train_canonical/search_0034.png,611.73,586.54,612.0,588.0,1.4847558721891274,0.05185365676879883,True
35,dram,data/train_canonical/ref_0035.png,data/train_canonical/search_0035.png,561.77,403.4,564.0,748.0,344.6072153916688,0.04323887825012207,True
36,finfet,data/train_canonical/ref_0036.png,data/train_canonical/search_0036.png,607.06,586.23,604.0,756.0,169.79757507102389,0.04357194900512695,True
37,finfet,data/train_canonical/ref_0037.png,data/train_canonical/search_0037.png,566.65,600.76,572.0,596.0,7.161012498243538,0.043047189712524414,True
38,finfet,data/train_canonical/ref_0038.png,data/train_canonical/search_0038.png,601.82,416.63,604.0,420.0,4.0136392463697845,0.04228472709655762,True
39,finfet,data/train_canonical/ref_0039.png,data/train_canonical/search_0039.png,406.38,407.38,404.0,404.0,4.133860181476866,0.042795419692993164,True
40,dram,data/train_canonical/ref_0040.png,data/train_canonical/search_0040.png,517.34,373.92,516.0,372.0,2.341367122003755,0.04110074043273926,True
41,finfet,data/train_canonical/ref_0041.png,data/train_canonical/search_0041.png,394.01,608.98,396.0,612.0,3.6166973885023785,0.046952247619628906,True
42,finfet,data/train_canonical/ref_0042.png,data/train_canonical/search_0042.png,418.19,624.68,420.0,628.0,3.7813357428295546,0.041478633880615234,True
43,dram,data/train_canonical/ref_0043.png,data/train_canonical/search_0043.png,459.98,559.48,460.0,564.0,4.5200442475710165,0.04612421989440918,True
44,dram,data/train_canonical/ref_0044.png,data/train_canonical/search_0044.png,614.57,608.98,620.0,612.0,6.213316344754976,0.04479098320007324,True
45,finfet,data/train_canonical/ref_0045.png,data/train_canonical/search_0045.png,587.86,456.94,588.0,460.0,3.0632009401931195,0.05169248580932617,True
46,dram,data/train_canonical/ref_0046.png,data/train_canonical/search_0046.png,475.58,453.2,476.0,452.0,1.27137720602502,0.054314613342285156,True
47,dram,data/train_canonical/ref_0047.png,data/train_canonical/search_0047.png,633.95,443.46,636.0,444.0,2.119929244102226,0.0496516227722168,True
48,dram,data/train_canonical/ref_0048.png,data/train_canonical/search_0048.png,369.55,413.45,372.0,412.0,2.8469281690973363,0.04965806007385254,True
49,dram,data/train_canonical/ref_0049.png,data/train_canonical/search_0049.png,460.34,548.37,460.0,548.0,0.5024937810560309,0.056055545806884766,True
50,finfet,data/train_canonical/ref_0050.png,data/train_canonical/search_0050.png,615.47,532.05,620.0,532.0,4.530275929786148,0.043358802795410156,True
51,finfet,data/train_canonical/ref_0051.png,data/train_canonical/search_0051.png,539.98,423.82,540.0,428.0,4.1800478466161195,0.043904781341552734,True
52,dram,data/train_canonical/ref_0052.png,data/train_canonical/search_0052.png,470.16,496.51,468.0,500.0,4.1043513494826644,0.05256175994873047,True
53,finfet,data/train_canonical/ref_0053.png,data/train_canonical/search_0053.png,562.73,412.6,564.0,412.0,1.4045995870709849,0.04461264610290527,True
54,dram,data/train_canonical/ref_0054.png,data/train_canonical/search_0054.png,404.46,598.75,404.0,604.0,5.270113850762617,0.04526686668395996,True
55,finfet,data/train_canonical/ref_0055.png,data/train_canonical/search_0055.png,457.61,372.33,460.0,372.0,2.4126748641290074,0.046185970306396484,True
56,finfet,data/train_canonical/ref_0056.png,data/train_canonical/search_0056.png,514.63,560.52,516.0,556.0,4.723060448480397,0.041362762451171875,True
57,dram,data/train_canonical/ref_0057.png,data/train_canonical/search_0057.png,579.75,388.25,580.0,388.0,0.3535533905932738,0.056504249572753906,True
58,finfet,data/train_canonical/ref_0058.png,data/train_canonical/search_0058.png,562.65,602.62,564.0,604.0,1.930518065183553,0.04891514778137207,True
59,dram,data/train_canonical/ref_0059.png,data/train_canonical/search_0059.png,523.05,377.53,524.0,380.0,2.6463937726650246,0.04649639129638672,True
60,finfet,data/train_canonical/ref_0060.png,data/train_canonical/search_0060.png,418.15,563.88,420.0,564.0,1.85388780674562,0.05016374588012695,True
61,finfet,data/train_canonical/ref_0061.png,data/train_canonical/search_0061.png,619.62,485.43,620.0,484.0,1.4796283317103711,0.05895209312438965,True
62,finfet,data/train_canonical/ref_0062.png,data/train_canonical/search_0062.png,431.41,395.67,436.0,396.0,4.6018474550988495,0.05836153030395508,True
63,dram,data/train_canonical/ref_0063.png,data/train_canonical/search_0063.png,447.04,378.68,444.0,380.0,3.3142118218363934,0.056168317794799805,True
64,dram,data/train_canonical/ref_0064.png,data/train_canonical/search_0064.png,489.05,463.49,492.0,620.0,156.53779926905833,0.045937299728393555,True
65,finfet,data/train_canonical/ref_0065.png,data/train_canonical/search_0065.png,368.98,439.23,372.0,444.0,5.645644338780094,0.0451807975769043,True
66,finfet,data/train_canonical/ref_0066.png,data/train_canonical/search_0066.png,389.88,556.8,388.0,556.0,2.043134846259519,0.04654407501220703,True
67,finfet,data/train_canonical/ref_0067.png,data/train_canonical/search_0067.png,520.71,515.11,524.0,516.0,3.4082546853191205,0.043675899505615234,True
68,finfet,data/train_canonical/ref_0068.png,data/train_canonical/search_0068.png,418.14,555.53,420.0,556.0,1.9184629264075124,0.046205997467041016,True
69,dram,data/train_canonical/ref_0069.png,data/train_canonical/search_0069.png,415.05,470.14,420.0,380.0,90.27581126747074,0.05677676200866699,True
70,finfet,data/train_canonical/ref_0070.png,data/train_canonical/search_0070.png,513.64,602.47,516.0,604.0,2.812561110447199,0.04876542091369629,True
71,finfet,data/train_canonical/ref_0071.png,data/train_canonical/search_0071.png,529.69,503.77,532.0,508.0,4.819647289999539,0.04426145553588867,True
72,dram,data/train_canonical/ref_0072.png,data/train_canonical/search_0072.png,614.75,532.93,620.0,540.0,8.806100158412956,0.04104423522949219,True
73,finfet,data/train_canonical/ref_0073.png,data/train_canonical/search_0073.png,410.22,433.38,412.0,436.0,3.1674595498600966,0.04054546356201172,True
74,dram,data/train_canonical/ref_0074.png,data/train_canonical/search_0074.png,520.63,560.27,524.0,564.0,5.026907598116377,0.04882192611694336,True
75,finfet,data/train_canonical/ref_0075.png,data/train_canonical/search_0075.png,425.23,541.05,428.0,540.0,2.9623301639081023,0.04752635955810547,True
76,dram,data/train_canonical/ref_0076.png,data/train_canonical/search_0076.png,485.34,451.91,484.0,452.0,1.343018987207526,0.05204319953918457,True
77,dram,data/train_canonical/ref_0077.png,data/train_canonical/search_0077.png,608.76,508.3,612.0,500.0,8.909971941594444,0.05715060234069824,True
78,dram,data/train_canonical/ref_0078.png,data/train_canonical/search_0078.png,476.84,391.63,476.0,388.0,3.7259227045122563,0.05741453170776367,True
79,finfet,data/train_canonical/ref_0079.png,data/train_canonical/search_0079.png,379.78,500.22,380.0,500.0,0.3111269837221195,0.04738950729370117,True
80,finfet,data/train_canonical/ref_0080.png,data/train_canonical/search_0080.png,560.27,523.4,564.0,524.0,3.777949179118237,0.046087026596069336,True
81,finfet,data/train_canonical/ref_0081.png,data/train_canonical/search_0081.png,408.09,629.91,412.0,628.0,4.351574427721543,0.04418683052062988,True
82,finfet,data/train_canonical/ref_0082.png,data/train_canonical/search_0082.png,397.54,606.65,396.0,612.0,5.56723450197675,0.045235633850097656,True
83,finfet,data/train_canonical/ref_0083.png,data/train_canonical/search_0083.png,469.72,498.18,468.0,500.0,2.504156544627366,0.044443368911743164,True
84,finfet,data/train_canonical/ref_0084.png,data/train_canonical/search_0084.png,555.2,618.0,556.0,620.0,2.1540659228537846,0.047991037368774414,True
85,finfet,data/train_canonical/ref_0085.png,data/train_canonical/search_0085.png,541.88,394.39,772.0,396.0,230.125631992614,0.04924964904785156,True
86,finfet,data/train_canonical/ref_0086.png,data/train_canonical/search_0086.png,426.28,624.92,428.0,628.0,3.5277188096559433,0.04557371139526367,True
87,finfet,data/train_canonical/ref_0087.png,data/train_canonical/search_0087.png,434.26,501.15,436.0,500.0,2.085689334488715,0.048415184020996094,True
88,dram,data/train_canonical/ref_0088.png,data/train_canonical/search_0088.png,554.68,548.51,556.0,692.0,143.4960713747941,0.05313849449157715,True
89,dram,data/train_canonical/ref_0089.png,data/train_canonical/search_0089.png,495.38,511.54,748.0,516.0,252.65936752869467,0.050852298736572266,True
90,finfet,data/train_canonical/ref_0090.png,data/train_canonical/search_0090.png,540.08,572.77,548.0,572.0,7.95734252121896,0.04485726356506348,True
91,finfet,data/train_canonical/ref_0091.png,data/train_canonical/search_0091.png,606.39,599.51,604.0,500.0,99.53869699770034,0.058133840560913086,True
92,finfet,data/train_canonical/ref_0092.png,data/train_canonical/search_0092.png,619.77,583.65,628.0,692.0,108.66211575337564,0.07950997352600098,True
93,finfet,data/train_canonical/ref_0093.png,data/train_canonical/search_0093.png,386.4,580.9,388.0,580.0,1.8357559750685906,0.05250382423400879,True
94,dram,data/train_canonical/ref_0094.png,data/train_canonical/search_0094.png,529.5,572.11,532.0,572.0,2.5024188298524295,0.046382904052734375,True
95,finfet,data/train_canonical/ref_0095.png,data/train_canonical/search_0095.png,630.29,436.79,628.0,436.0,2.4224367896809746,0.0401606559753418,True
96,finfet,data/train_canonical/ref_0096.png,data/train_canonical/search_0096.png,405.96,521.48,404.0,524.0,3.1924911902775595,0.04277443885803223,True
97,dram,data/train_canonical/ref_0097.png,data/train_canonical/search_0097.png,513.9,364.33,516.0,364.0,2.1257704485668447,0.047972917556762695,True
98,finfet,data/train_canonical/ref_0098.png,data/train_canonical/search_0098.png,499.4,529.2,764.0,532.0,264.61481440010124,0.04387307167053223,True
99,finfet,data/train_canonical/ref_0099.png,data/train_canonical/search_0099.png,427.01,369.85,428.0,372.0,2.366981199756331,0.049477338790893555,True
100,finfet,data/train_canonical/ref_0100.png,data/train_canonical/search_0100.png,594.24,628.03,596.0,628.0,1.7602556632489401,0.04483819007873535,True
101,finfet,data/train_canonical/ref_0101.png,data/train_canonical/search_0101.png,403.15,523.78,404.0,524.0,0.8780091115700626,0.04005146026611328,True
102,dram,data/train_canonical/ref_0102.png,data/train_canonical/search_0102.png,577.26,545.15,580.0,548.0,3.953492127221222,0.05496096611022949,True
103,dram,data/train_canonical/ref_0103.png,data/train_canonical/search_0103.png,509.14,442.47,508.0,444.0,1.9080094339389115,0.04304194450378418,True
104,finfet,data/train_canonical/ref_0104.png,data/train_canonical/search_0104.png,533.59,569.33,532.0,308.0,261.33483694295336,0.043370723724365234,True
105,dram,data/train_canonical/ref_0105.png,data/train_canonical/search_0105.png,611.87,626.9,612.0,628.0,1.1076551810017632,0.04687952995300293,True
106,dram,data/train_canonical/ref_0106.png,data/train_canonical/search_0106.png,616.58,399.84,620.0,404.0,5.385350499271141,0.0464932918548584,True
107,dram,data/train_canonical/ref_0107.png,data/train_canonical/search_0107.png,507.47,624.02,508.0,628.0,4.015133870744551,0.05002713203430176,True
108,dram,data/train_canonical/ref_0108.png,data/train_canonical/search_0108.png,594.97,397.67,596.0,396.0,1.9620907216538173,0.04982113838195801,True
109,dram,data/train_canonical/ref_0109.png,data/train_canonical/search_0109.png,482.05,406.93,492.0,412.0,11.167246751102068,0.053873300552368164,True
110,dram,data/train_canonical/ref_0110.png,data/train_canonical/search_0110.png,499.99,587.78,500.0,588.0,0.22022715545547925,0.050606489181518555,True
111,dram,data/train_canonical/ref_0111.png,data/train_canonical/search_0111.png,523.75,455.33,524.0,460.0,4.676686861443702,0.050702810287475586,True
112,finfet,data/train_canonical/ref_0112.png,data/train_canonical/search_0112.png,598.33,489.15,596.0,492.0,3.681222622988227,0.0450596809387207,True
113,dram,data/train_canonical/ref_0113.png,data/train_canonical/search_0113.png,491.42,525.89,492.0,524.0,1.9769926656414105,0.04392099380493164,True
114,finfet,data/train_canonical/ref_0114.png,data/train_canonical/search_0114.png,562.12,509.75,564.0,508.0,2.5684431081883017,0.04520225524902344,True
115,dram,data/train_canonical/ref_0115.png,data/train_canonical/search_0115.png,613.44,472.17,620.0,476.0,7.596216163327579,0.046639442443847656,True
116,finfet,data/train_canonical/ref_0116.png,data/train_canonical/search_0116.png,524.84,595.32,524.0,596.0,1.0807404868884969,0.0455625057220459,True
117,finfet,data/train_canonical/ref_0117.png,data/train_canonical/search_0117.png,376.18,515.92,380.0,516.0,3.8208376045050585,0.045144081115722656,True
118,finfet,data/train_canonical/ref_0118.png,data/train_canonical/search_0118.png,456.31,507.69,468.0,508.0,11.694109628355635,0.04747295379638672,True
119,dram,data/train_canonical/ref_0119.png,data/train_canonical/search_0119.png,631.28,391.57,628.0,292.0,99.62400965630724,0.04353976249694824,True
120,finfet,data/train_canonical/ref_0120.png,data/train_canonical/search_0120.png,386.61,539.02,388.0,436.0,103.02937687863592,0.04798698425292969,True
121,dram,data/train_canonical/ref_0121.png,data/train_canonical/search_0121.png,590.47,453.72,588.0,452.0,3.00986710670093,0.046996355056762695,True
122,finfet,data/train_canonical/ref_0122.png,data/train_canonical/search_0122.png,378.79,597.84,380.0,604.0,6.277714552287286,0.04548978805541992,True
123,finfet,data/train_canonical/ref_0123.png,data/train_canonical/search_0123.png,590.48,616.2,596.0,620.0,6.701522215138845,0.04143881797790527,True
124,dram,data/train_canonical/ref_0124.png,data/train_canonical/search_0124.png,437.84,412.56,436.0,420.0,7.664150311678384,0.04970407485961914,True
125,dram,data/train_canonical/ref_0125.png,data/train_canonical/search_0125.png,381.0,398.97,380.0,404.0,5.128440308709825,0.05210518836975098,True
126,dram,data/train_canonical/ref_0126.png,data/train_canonical/search_0126.png,409.06,451.28,412.0,396.0,55.3581249682465,0.04798078536987305,True
127,finfet,data/train_canonical/ref_0127.png,data/train_canonical/search_0127.png,601.66,537.09,604.0,540.0,3.734126403859404,0.04401087760925293,True
128,dram,data/train_canonical/ref_0128.png,data/train_canonical/search_0128.png,404.54,477.21,404.0,476.0,1.3250283015845257,0.04197812080383301,True
129,dram,data/train_canonical/ref_0129.png,data/train_canonical/search_0129.png,570.34,536.57,572.0,540.0,3.810577384071809,0.04773283004760742,True
130,finfet,data/train_canonical/ref_0130.png,data/train_canonical/search_0130.png,388.26,514.72,388.0,516.0,1.306139349380427,0.05286431312561035,True
131,finfet,data/train_canonical/ref_0131.png,data/train_canonical/search_0131.png,603.23,398.55,604.0,404.0,5.50412572530823,0.04953408241271973,True
132,finfet,data/train_canonical/ref_0132.png,data/train_canonical/search_0132.png,468.59,478.41,468.0,476.0,2.4811690792850234,0.04373502731323242,True
133,dram,data/train_canonical/ref_0133.png,data/train_canonical/search_0133.png,518.85,581.05,516.0,580.0,3.0372685096974936,0.044287919998168945,True
134,finfet,data/train_canonical/ref_0134.png,data/train_canonical/search_0134.png,611.61,506.66,612.0,508.0,1.3956002292920142,0.04262495040893555,True
135,finfet,data/train_canonical/ref_0135.png,data/train_canonical/search_0135.png,605.39,539.6,604.0,556.0,16.458800077769922,0.04132342338562012,True
136,finfet,data/train_canonical/ref_0136.png,data/train_canonical/search_0136.png,541.49,455.89,540.0,460.0,4.371750221593194,0.04181790351867676,True
137,dram,data/train_canonical/ref_0137.png,data/train_canonical/search_0137.png,462.18,579.0,460.0,580.0,2.398416144041736,0.04924416542053223,True
138,finfet,data/train_canonical/ref_0138.png,data/train_canonical/search_0138.png,543.2,532.62,548.0,532.0,4.839876031470183,0.04256129264831543,True
139,dram,data/train_canonical/ref_0139.png,data/train_canonical/search_0139.png,401.13,502.22,404.0,508.0,6.453316976563271,0.0459294319152832,True
140,dram,data/train_canonical/ref_0140.png,data/train_canonical/search_0140.png,382.17,497.53,388.0,500.0,6.331650653660541,0.04523825645446777,True
141,dram,data/train_canonical/ref_0141.png,data/train_canonical/search_0141.png,508.9,529.32,516.0,532.0,7.588965673924218,0.046862125396728516,True
142,finfet,data/train_canonical/ref_0142.png,data/train_canonical/search_0142.png,414.68,616.31,420.0,620.0,6.474449783572371,0.03896737098693848,True
143,finfet,data/train_canonical/ref_0143.png,data/train_canonical/search_0143.png,481.09,421.55,484.0,420.0,3.2970592957968137,0.04384946823120117,True
144,finfet,data/train_canonical/ref_0144.png,data/train_canonical/search_0144.png,594.43,423.56,596.0,428.0,4.709405482648541,0.04569292068481445,True
145,dram,data/train_canonical/ref_0145.png,data/train_canonical/search_0145.png,493.11,438.83,372.0,444.0,121.22029945516552,0.04539012908935547,True
146,dram,data/train_canonical/ref_0146.png,data/train_canonical/search_0146.png,588.97,491.6,468.0,492.0,120.97066131918105,0.04516291618347168,True
147,finfet,data/train_canonical/ref_0147.png,data/train_canonical/search_0147.png,400.65,590.93,404.0,588.0,4.450550527743715,0.040602684020996094,True
148,dram,data/train_canonical/ref_0148.png,data/train_canonical/search_0148.png,375.13,468.38,380.0,468.0,4.884802964296517,0.048233985900878906,True
149,finfet,data/train_canonical/ref_0149.png,data/train_canonical/search_0149.png,406.4,474.25,404.0,476.0,2.970269348055811,0.04234719276428223,True
150,dram,data/train_canonical/ref_0150.png,data/train_canonical/search_0150.png,507.2,573.77,508.0,652.0,78.23409039542803,0.048938751220703125,True
151,finfet,data/train_canonical/ref_0151.png,data/train_canonical/search_0151.png,512.37,619.86,516.0,620.0,3.6326987213365167,0.0420689582824707,False
152,dram,data/train_canonical/ref_0152.png,data/train_canonical/search_0152.png,459.11,409.11,460.0,412.0,3.0239378300487427,0.047240257263183594,True
153,finfet,data/train_canonical/ref_0153.png,data/train_canonical/search_0153.png,601.75,551.71,604.0,548.0,4.338963009752477,0.046976327896118164,True
154,dram,data/train_canonical/ref_0154.png,data/train_canonical/search_0154.png,529.08,516.5,532.0,516.0,2.962498945147451,0.050073862075805664,True
155,dram,data/train_canonical/ref_0155.png,data/train_canonical/search_0155.png,470.53,580.73,484.0,764.0,183.7643431136737,0.05051374435424805,True
156,finfet,data/train_canonical/ref_0156.png,data/train_canonical/search_0156.png,451.68,525.16,452.0,524.0,1.2033287165192734,0.05083751678466797,True
157,dram,data/train_canonical/ref_0157.png,data/train_canonical/search_0157.png,417.15,367.0,420.0,372.0,5.7552150263912925,0.05328178405761719,True
158,dram,data/train_canonical/ref_0158.png,data/train_canonical/search_0158.png,449.49,396.9,452.0,396.0,2.666477076593743,0.05055499076843262,True
159,finfet,data/train_canonical/ref_0159.png,data/train_canonical/search_0159.png,624.74,415.5,628.0,420.0,5.556761646858711,0.04578757286071777,True
160,dram,data/train_canonical/ref_0160.png,data/train_canonical/search_0160.png,598.33,461.99,604.0,684.0,222.08239236823795,0.04233527183532715,True
161,finfet,data/train_canonical/ref_0161.png,data/train_canonical/search_0161.png,522.65,507.38,524.0,508.0,1.4855638660118475,0.041449785232543945,True
162,dram,data/train_canonical/ref_0162.png,data/train_canonical/search_0162.png,568.81,373.51,572.0,380.0,7.231611162113217,0.044881343841552734,True
163,finfet,data/train_canonical/ref_0163.png,data/train_canonical/search_0163.png,589.87,500.32,588.0,500.0,1.8971821209362092,0.038739681243896484,True
164,finfet,data/train_canonical/ref_0164.png,data/train_canonical/search_0164.png,591.65,632.85,596.0,636.0,5.370754136990452,0.04404425621032715,True
165,dram,data/train_canonical/ref_0165.png,data/train_canonical/search_0165.png,625.84,565.21,628.0,572.0,7.125285959173805,0.04435563087463379,True
166,finfet,data/train_canonical/ref_0166.png,data/train_canonical/search_0166.png,599.78,499.43,604.0,500.0,4.258321265475424,0.045295000076293945,True
167,finfet,data/train_canonical/ref_0167.png,data/train_canonical/search_0167.png,397.74,507.84,404.0,508.0,6.262044394604681,0.047896623611450195,True
168,dram,data/train_canonical/ref_0168.png,data/train_canonical/search_0168.png,540.41,411.01,460.0,412.0,80.41609416031093,0.0502934455871582,True
169,dram,data/train_canonical/ref_0169.png,data/train_canonical/search_0169.png,552.72,380.02,556.0,380.0,3.280060975042967,0.051046133041381836,True
170,finfet,data/train_canonical/ref_0170.png,data/train_canonical/search_0170.png,474.25,535.21,476.0,540.0,5.099666655772674,0.037125587463378906,True
171,finfet,data/train_canonical/ref_0171.png,data/train_canonical/search_0171.png,555.82,418.47,556.0,420.0,1.540551849176099,0.04558968544006348,True
172,finfet,data/train_canonical/ref_0172.png,data/train_canonical/search_0172.png,435.33,479.79,436.0,484.0,4.262980178232107,0.04059147834777832,True
173,finfet,data/train_canonical/ref_0173.png,data/train_canonical/search_0173.png,367.45,521.75,372.0,524.0,5.075923561284203,0.04250597953796387,True
174,finfet,data/train_canonical/ref_0174.png,data/train_canonical/search_0174.png,484.28,425.48,492.0,444.0,20.064615620539552,0.04292583465576172,True
175,finfet,data/train_canonical/ref_0175.png,data/train_canonical/search_0175.png,529.46,538.61,532.0,540.0,2.895461966595275,0.04669046401977539,True
176,finfet,data/train_canonical/ref_0176.png,data/train_canonical/search_0176.png,404.84,496.86,412.0,500.0,7.818260676135088,0.03921866416931152,True
177,finfet,data/train_canonical/ref_0177.png,data/train_canonical/search_0177.png,520.67,607.52,524.0,420.0,187.54956491551772,0.0419921875,True
178,finfet,data/train_canonical/ref_0178.png,data/train_canonical/search_0178.png,598.08,575.43,596.0,580.0,5.021085540000352,0.03973531723022461,True
179,dram,data/train_canonical/ref_0179.png,data/train_canonical/search_0179.png,384.26,602.86,388.0,604.0,3.9098849087920784,0.05183219909667969,True
180,dram,data/train_canonical/ref_0180.png,data/train_canonical/search_0180.png,615.37,547.28,612.0,548.0,3.4460557163226584,0.04629683494567871,True
181,finfet,data/train_canonical/ref_0181.png,data/train_canonical/search_0181.png,415.58,420.97,412.0,420.0,3.7090834447340137,0.04033350944519043,True
182,dram,data/train_canonical/ref_0182.png,data/train_canonical/search_0182.png,569.56,393.33,572.0,396.0,3.6169738732814136,0.046004295349121094,True
183,dram,data/train_canonical/ref_0183.png,data/train_canonical/search_0183.png,599.59,563.42,604.0,564.0,4.447977068286185,0.04358696937561035,True
184,finfet,data/train_canonical/ref_0184.png,data/train_canonical/search_0184.png,493.21,434.73,500.0,436.0,6.907749271651385,0.05031394958496094,True
185,dram,data/train_canonical/ref_0185.png,data/train_canonical/search_0185.png,587.63,581.81,588.0,580.0,1.847430648224665,0.04813408851623535,True
186,dram,data/train_canonical/ref_0186.png,data/train_canonical/search_0186.png,479.84,464.76,484.0,468.0,5.272873979150295,0.04440474510192871,True
187,finfet,data/train_canonical/ref_0187.png,data/train_canonical/search_0187.png,527.24,378.86,532.0,380.0,4.8946092796054606,0.04975318908691406,True
188,dram,data/train_canonical/ref_0188.png,data/train_canonical/search_0188.png,537.4,551.31,540.0,556.0,5.362471445145478,0.04557371139526367,True
189,dram,data/train_canonical/ref_0189.png,data/train_canonical/search_0189.png,428.86,580.53,428.0,580.0,1.0101980003939794,0.0505373477935791,True
190,dram,data/train_canonical/ref_0190.png,data/train_canonical/search_0190.png,455.05,562.81,460.0,564.0,5.091031329701283,0.050164222717285156,True
191,finfet,data/train_canonical/ref_0191.png,data/train_canonical/search_0191.png,530.7,534.59,532.0,540.0,5.564000359453577,0.039740800857543945,True
192,dram,data/train_canonical/ref_0192.png,data/train_canonical/search_0192.png,561.03,561.67,564.0,564.0,3.77489072689533,0.043956756591796875,True
193,finfet,data/train_canonical/ref_0193.png,data/train_canonical/search_0193.png,521.06,549.6,524.0,548.0,3.347177915797186,0.04472470283508301,True
194,dram,data/train_canonical/ref_0194.png,data/train_canonical/search_0194.png,456.82,455.28,460.0,460.0,5.691291593302903,0.04648089408874512,True
195,dram,data/train_canonical/ref_0195.png,data/train_canonical/search_0195.png,439.5,395.47,444.0,396.0,4.531103618325227,0.054770708084106445,True
196,finfet,data/train_canonical/ref_0196.png,data/train_canonical/search_0196.png,441.19,608.96,436.0,612.0,6.014790104400963,0.05534648895263672,True
197,dram,data/train_canonical/ref_0197.png,data/train_canonical/search_0197.png,429.24,596.26,436.0,596.0,6.764998152253988,0.04694652557373047,True
198,finfet,data/train_canonical/ref_0198.png,data/train_canonical/search_0198.png,576.37,410.7,572.0,412.0,4.55926529168901,0.04725384712219238,True
199,dram,data/train_canonical/ref_0199.png,data/train_canonical/search_0199.png,584.46,432.3,588.0,436.0,5.120703076726834,0.05916094779968262,True
200,dram,data/train_canonical/ref_0200.png,data/train_canonical/search_0200.png,465.4,595.04,468.0,436.0,159.06125109529344,0.0425567626953125,True
201,finfet,data/train_canonical/ref_0201.png,data/train_canonical/search_0201.png,397.92,576.0,404.0,748.0,172.10742691702762,0.040871381759643555,True
202,finfet,data/train_canonical/ref_0202.png,data/train_canonical/search_0202.png,568.19,548.55,572.0,548.0,3.8494934731727413,0.0420074462890625,True
203,dram,data/train_canonical/ref_0203.png,data/train_canonical/search_0203.png,480.98,598.61,484.0,596.0,3.9915535822534016,0.04360675811767578,True
204,dram,data/train_canonical/ref_0204.png,data/train_canonical/search_0204.png,408.2,503.11,412.0,508.0,6.192907233279048,0.04428744316101074,True
205,dram,data/train_canonical/ref_0205.png,data/train_canonical/search_0205.png,583.46,484.53,580.0,492.0,8.232405480781463,0.04416322708129883,True
206,finfet,data/train_canonical/ref_0206.png,data/train_canonical/search_0206.png,587.86,514.49,588.0,516.0,1.5164761785138494,0.04405522346496582,True
207,dram,data/train_canonical/ref_0207.png,data/train_canonical/search_0207.png,397.57,614.9,724.0,620.0,326.4698376573248,0.044269561767578125,True
208,dram,data/train_canonical/ref_0208.png,data/train_canonical/search_0208.png,486.36,484.13,492.0,484.0,5.641498028006377,0.044565439224243164,True
209,finfet,data/train_canonical/ref_0209.png,data/train_canonical/search_0209.png,496.46,380.0,500.0,380.0,3.5400000000000205,0.04578042030334473,True
210,dram,data/train_canonical/ref_0210.png,data/train_canonical/search_0210.png,470.03,418.18,468.0,420.0,2.7264078931810376,0.04959607124328613,True
211,dram,data/train_canonical/ref_0211.png,data/train_canonical/search_0211.png,473.19,428.08,476.0,556.0,127.95085970793633,0.0457763671875,True
212,dram,data/train_canonical/ref_0212.png,data/train_canonical/search_0212.png,572.41,523.87,572.0,524.0,0.4301162633520996,0.05021071434020996,True
213,finfet,data/train_canonical/ref_0213.png,data/train_canonical/search_0213.png,456.06,517.28,460.0,748.0,230.7536391912379,0.04930710792541504,True
214,dram,data/train_canonical/ref_0214.png,data/train_canonical/search_0214.png,519.86,548.82,524.0,548.0,4.220426518730064,0.04775691032409668,True
215,dram,data/train_canonical/ref_0215.png,data/train_canonical/search_0215.png,467.32,604.1,468.0,612.0,7.929211814550022,0.053915977478027344,True
216,dram,data/train_canonical/ref_0216.png,data/train_canonical/search_0216.png,419.45,606.85,420.0,604.0,2.902585054740023,0.04844093322753906,True
217,dram,data/train_canonical/ref_0217.png,data/train_canonical/search_0217.png,405.75,441.12,404.0,444.0,3.369999999999996,0.0443727970123291,True
218,finfet,data/train_canonical/ref_0218.png,data/train_canonical/search_0218.png,381.38,403.43,388.0,404.0,6.644493961168153,0.04300045967102051,True
219,finfet,data/train_canonical/ref_0219.png,data/train_canonical/search_0219.png,540.53,411.45,540.0,412.0,0.7638062581571216,0.04021620750427246,True
220,finfet,data/train_canonical/ref_0220.png,data/train_canonical/search_0220.png,484.57,622.2,484.0,628.0,5.827941317480768,0.0491640567779541,True
221,dram,data/train_canonical/ref_0221.png,data/train_canonical/search_0221.png,417.6,371.44,412.0,372.0,5.627930347827721,0.05426669120788574,True
222,dram,data/train_canonical/ref_0222.png,data/train_canonical/search_0222.png,574.86,485.93,588.0,484.0,13.280982644367835,0.05162358283996582,True
223,finfet,data/train_canonical/ref_0223.png,data/train_canonical/search_0223.png,368.41,455.65,372.0,460.0,5.640088651785539,0.042572021484375,True
224,finfet,data/train_canonical/ref_0224.png,data/train_canonical/search_0224.png,448.09,554.13,452.0,556.0,4.334166586553891,0.03886055946350098,True
225,finfet,data/train_canonical/ref_0225.png,data/train_canonical/search_0225.png,389.27,411.75,388.0,412.0,1.2943724348115397,0.040198326110839844,True
226,finfet,data/train_canonical/ref_0226.png,data/train_canonical/search_0226.png,459.72,400.07,460.0,404.0,3.9399619287500784,0.04049277305603027,True
227,finfet,data/train_canonical/ref_0227.png,data/train_canonical/search_0227.png,499.82,400.41,500.0,404.0,3.5945097023098747,0.04520678520202637,True
228,dram,data/train_canonical/ref_0228.png,data/train_canonical/search_0228.png,612.52,525.46,612.0,524.0,1.5498387012847779,0.039768218994140625,True
229,dram,data/train_canonical/ref_0229.png,data/train_canonical/search_0229.png,600.67,516.08,604.0,516.0,3.3309608223454505,0.04155683517456055,True
230,dram,data/train_canonical/ref_0230.png,data/train_canonical/search_0230.png,368.08,390.31,372.0,396.0,6.909594778277529,0.046906471252441406,True
231,dram,data/train_canonical/ref_0231.png,data/train_canonical/search_0231.png,438.82,518.29,692.0,388.0,284.73776795500805,0.049852609634399414,True
232,dram,data/train_canonical/ref_0232.png,data/train_canonical/search_0232.png,484.64,564.7,484.0,564.0,0.9484724561103745,0.047423601150512695,True
233,dram,data/train_canonical/ref_0233.png,data/train_canonical/search_0233.png,385.89,560.53,388.0,564.0,4.061157470475658,0.051255226135253906,True
234,finfet,data/train_canonical/ref_0234.png,data/train_canonical/search_0234.png,422.32,623.86,420.0,628.0,4.745734927279425,0.04537773132324219,True
235,dram,data/train_canonical/ref_0235.png,data/train_canonical/search_0235.png,566.24,573.44,564.0,572.0,2.662930716334955,0.04081892967224121,True
236,dram,data/train_canonical/ref_0236.png,data/train_canonical/search_0236.png,476.33,626.48,476.0,628.0,1.5554099138169122,0.046265602111816406,True
237,finfet,data/train_canonical/ref_0237.png,data/train_canonical/search_0237.png,467.16,554.79,468.0,556.0,1.4729901561110468,0.04307365417480469,True
238,dram,data/train_canonical/ref_0238.png,data/train_canonical/search_0238.png,476.92,388.59,476.0,388.0,1.0929318368498557,0.0486912727355957,True
239,finfet,data/train_canonical/ref_0239.png,data/train_canonical/search_0239.png,433.95,369.01,436.0,764.0,394.9953197191076,0.046968936920166016,True
240,dram,data/train_canonical/ref_0240.png,data/train_canonical/search_0240.png,558.69,508.89,564.0,508.0,5.384069093167304,0.04696941375732422,True
241,finfet,data/train_canonical/ref_0241.png,data/train_canonical/search_0241.png,623.3,540.22,620.0,540.0,3.307325203241996,0.042962074279785156,True
242,finfet,data/train_canonical/ref_0242.png,data/train_canonical/search_0242.png,474.07,548.56,476.0,548.0,2.0096019506359872,0.03971743583679199,True
243,finfet,data/train_canonical/ref_0243.png,data/train_canonical/search_0243.png,393.22,546.15,396.0,548.0,3.3392963330617924,0.04616546630859375,True
244,dram,data/train_canonical/ref_0244.png,data/train_canonical/search_0244.png,556.35,390.95,556.0,396.0,5.06211418282916,0.051091909408569336,True
245,dram,data/train_canonical/ref_0245.png,data/train_canonical/search_0245.png,382.46,434.7,388.0,436.0,5.6904832835182155,0.04999732971191406,True
246,dram,data/train_canonical/ref_0246.png,data/train_canonical/search_0246.png,424.43,385.02,428.0,380.0,6.159975649302501,0.049935340881347656,True
247,finfet,data/train_canonical/ref_0247.png,data/train_canonical/search_0247.png,470.18,619.05,276.0,620.0,194.1823238608499,0.05087876319885254,True
248,finfet,data/train_canonical/ref_0248.png,data/train_canonical/search_0248.png,520.45,490.16,524.0,532.0,41.9903334113936,0.04385066032409668,True
249,dram,data/train_canonical/ref_0249.png,data/train_canonical/search_0249.png,431.41,611.88,436.0,612.0,4.591568359504166,0.049001216888427734,True
250,dram,data/train_canonical/ref_0250.png,data/train_canonical/search_0250.png,608.44,560.58,612.0,564.0,4.936598018878925,0.05558657646179199,True
251,dram,data/train_canonical/ref_0251.png,data/train_canonical/search_0251.png,368.12,431.81,372.0,436.0,5.710560392816098,0.048085689544677734,True
252,dram,data/train_canonical/ref_0252.png,data/train_canonical/search_0252.png,545.57,564.05,548.0,564.0,2.430514348856997,0.04081439971923828,True
253,finfet,data/train_canonical/ref_0253.png,data/train_canonical/search_0253.png,399.56,404.31,396.0,404.0,3.5734717013011337,0.043375253677368164,True
254,finfet,data/train_canonical/ref_0254.png,data/train_canonical/search_0254.png,404.23,542.88,412.0,540.0,8.286573477620271,0.04343247413635254,True
255,finfet,data/train_canonical/ref_0255.png,data/train_canonical/search_0255.png,404.6,411.33,412.0,412.0,7.4302691741281945,0.04265475273132324,True
256,dram,data/train_canonical/ref_0256.png,data/train_canonical/search_0256.png,573.13,528.97,580.0,532.0,7.508515166129712,0.051398515701293945,True
257,dram,data/train_canonical/ref_0257.png,data/train_canonical/search_0257.png,373.1,496.96,372.0,500.0,3.2328934408668926,0.0427393913269043,True
258,dram,data/train_canonical/ref_0258.png,data/train_canonical/search_0258.png,413.3,633.52,420.0,636.0,7.144256434367396,0.050347328186035156,True
259,finfet,data/train_canonical/ref_0259.png,data/train_canonical/search_0259.png,540.63,526.02,548.0,524.0,7.641812612201375,0.042500972747802734,True
260,dram,data/train_canonical/ref_0260.png,data/train_canonical/search_0260.png,431.95,401.0,436.0,404.0,5.040089284923442,0.05250668525695801,True
261,finfet,data/train_canonical/ref_0261.png,data/train_canonical/search_0261.png,587.94,565.39,588.0,564.0,1.3912943613771873,0.042716026306152344,True
262,dram,data/train_canonical/ref_0262.png,data/train_canonical/search_0262.png,479.7,551.5,484.0,300.0,251.53675675733754,0.04919123649597168,True
263,dram,data/train_canonical/ref_0263.png,data/train_canonical/search_0263.png,609.19,506.64,612.0,508.0,3.1218103722038806,0.04835963249206543,True
264,finfet,data/train_canonical/ref_0264.png,data/train_canonical/search_0264.png,565.46,393.58,564.0,396.0,2.826305008310353,0.042423248291015625,True
265,finfet,data/train_canonical/ref_0265.png,data/train_canonical/search_0265.png,483.46,443.69,484.0,636.0,192.31075814940775,0.04298830032348633,True
266,finfet,data/train_canonical/ref_0266.png,data/train_canonical/search_0266.png,631.42,433.72,636.0,436.0,5.116131350933071,0.04372119903564453,True
267,dram,data/train_canonical/ref_0267.png,data/train_canonical/search_0267.png,631.59,435.14,636.0,436.0,4.493072445443067,0.04155755043029785,True
268,finfet,data/train_canonical/ref_0268.png,data/train_canonical/search_0268.png,530.06,443.73,532.0,444.0,1.9586985475055119,0.04294705390930176,True
269,dram,data/train_canonical/ref_0269.png,data/train_canonical/search_0269.png,609.82,424.4,612.0,428.0,4.208610221914111,0.04922127723693848,True
270,dram,data/train_canonical/ref_0270.png,data/train_canonical/search_0270.png,437.88,491.67,444.0,492.0,6.128890601079452,0.05276632308959961,True
271,dram,data/train_canonical/ref_0271.png,data/train_canonical/search_0271.png,524.44,506.84,524.0,508.0,1.2406449935417085,0.045082807540893555,True
272,dram,data/train_canonical/ref_0272.png,data/train_canonical/search_0272.png,586.74,607.35,588.0,612.0,4.817686166615647,0.04784035682678223,True
273,finfet,data/train_canonical/ref_0273.png,data/train_canonical/search_0273.png,403.33,377.1,412.0,380.0,9.14214963780402,0.043721675872802734,True
274,dram,data/train_canonical/ref_0274.png,data/train_canonical/search_0274.png,566.08,433.74,564.0,436.0,3.0714817271148025,0.038847923278808594,True
275,finfet,data/train_canonical/ref_0275.png,data/train_canonical/search_0275.png,616.51,469.35,620.0,468.0,3.742004810258817,0.04205632209777832,True
276,finfet,data/train_canonical/ref_0276.png,data/train_canonical/search_0276.png,474.39,609.33,476.0,612.0,3.117851824574065,0.0433199405670166,True
277,finfet,data/train_canonical/ref_0277.png,data/train_canonical/search_0277.png,448.71,386.17,452.0,388.0,3.7647045036762283,0.042304277420043945,True
278,dram,data/train_canonical/ref_0278.png,data/train_canonical/search_0278.png,374.95,594.7,380.0,596.0,5.214642844912775,0.054714202880859375,True
279,dram,data/train_canonical/ref_0279.png,data/train_canonical/search_0279.png,567.31,614.39,572.0,620.0,7.312195292796868,0.04919838905334473,True
280,finfet,data/train_canonical/ref_0280.png,data/train_canonical/search_0280.png,404.08,607.82,404.0,612.0,4.180765480148292,0.04118227958679199,True
281,dram,data/train_canonical/ref_0281.png,data/train_canonical/search_0281.png,515.3,582.3,516.0,580.0,2.404163056034231,0.047342777252197266,True
282,dram,data/train_canonical/ref_0282.png,data/train_canonical/search_0282.png,496.52,495.99,500.0,500.0,5.309472666847439,0.04315805435180664,True
283,dram,data/train_canonical/ref_0283.png,data/train_canonical/search_0283.png,405.95,508.91,404.0,508.0,2.1518828964420904,0.042661428451538086,True
284,dram,data/train_canonical/ref_0284.png,data/train_canonical/search_0284.png,427.27,376.5,428.0,380.0,3.5753181676600514,0.04692721366882324,True
285,dram,data/train_canonical/ref_0285.png,data/train_canonical/search_0285.png,502.69,473.88,308.0,476.0,194.70154210996893,0.04679083824157715,True
286,dram,data/train_canonical/ref_0286.png,data/train_canonical/search_0286.png,580.38,400.65,580.0,404.0,3.3714833530658503,0.042922019958496094,True
287,dram,data/train_canonical/ref_0287.png,data/train_canonical/search_0287.png,624.87,484.54,620.0,484.0,4.899846936384857,0.042412519454956055,True
288,dram,data/train_canonical/ref_0288.png,data/train_canonical/search_0288.png,459.95,594.24,460.0,596.0,1.7607100840285914,0.04270672798156738,True
289,finfet,data/train_canonical/ref_0289.png,data/train_canonical/search_0289.png,619.79,402.57,620.0,652.0,249.4300884015399,0.04343461990356445,True
290,finfet,data/train_canonical/ref_0290.png,data/train_canonical/search_0290.png,444.01,607.67,444.0,612.0,4.330011547328755,0.0439000129699707,True
291,dram,data/train_canonical/ref_0291.png,data/train_canonical/search_0291.png,574.05,571.15,572.0,572.0,2.219234102117181,0.05191373825073242,True
292,dram,data/train_canonical/ref_0292.png,data/train_canonical/search_0292.png,541.25,503.19,548.0,492.0,13.068228648137435,0.045122385025024414,True
293,dram,data/train_canonical/ref_0293.png,data/train_canonical/search_0293.png,594.42,587.38,596.0,588.0,1.6972919607422097,0.04801321029663086,True
294,dram,data/train_canonical/ref_0294.png,data/train_canonical/search_0294.png,509.31,383.05,516.0,380.0,7.352455372186903,0.04955244064331055,True
295,finfet,data/train_canonical/ref_0295.png,data/train_canonical/search_0295.png,544.92,537.67,548.0,540.0,3.862033143306831,0.04678988456726074,True
296,dram,data/train_canonical/ref_0296.png,data/train_canonical/search_0296.png,384.11,556.01,388.0,556.0,3.8900128534491882,0.04465341567993164,True
297,dram,data/train_canonical/ref_0297.png,data/train_canonical/search_0297.png,550.03,540.36,556.0,548.0,9.695901195866227,0.04938936233520508,True
298,dram,data/train_canonical/ref_0298.png,data/train_canonical/search_0298.png,393.98,427.95,396.0,428.0,2.0206187171260015,0.04786348342895508,True
299,dram,data/train_canonical/ref_0299.png,data/train_canonical/search_0299.png,497.17,494.31,500.0,500.0,6.3549193543269995,0.04773736000061035,True
300,finfet,data/train_canonical/ref_0300.png,data/train_canonical/search_0300.png,592.58,512.22,596.0,516.0,5.097528813062219,0.04529523849487305,True
301,finfet,data/train_canonical/ref_0301.png,data/train_canonical/search_0301.png,470.61,516.86,476.0,708.0,191.21598181114464,0.04751992225646973,True
302,dram,data/train_canonical/ref_0302.png,data/train_canonical/search_0302.png,376.47,379.8,380.0,380.0,3.5356611828623796,0.04413962364196777,True
303,finfet,data/train_canonical/ref_0303.png,data/train_canonical/search_0303.png,524.52,458.9,524.0,460.0,1.2167168939404231,0.03870987892150879,True
304,finfet,data/train_canonical/ref_0304.png,data/train_canonical/search_0304.png,595.39,517.36,596.0,516.0,1.49053681604986,0.04291796684265137,True
305,dram,data/train_canonical/ref_0305.png,data/train_canonical/search_0305.png,373.61,538.22,372.0,540.0,2.4001041644061925,0.04955601692199707,True
306,dram,data/train_canonical/ref_0306.png,data/train_canonical/search_0306.png,489.52,584.7,492.0,588.0,4.128001937984016,0.04837489128112793,True
307,dram,data/train_canonical/ref_0307.png,data/train_canonical/search_0307.png,432.73,550.06,436.0,548.0,3.8647768370243134,0.0524144172668457,True
308,dram,data/train_canonical/ref_0308.png,data/train_canonical/search_0308.png,553.8,427.31,556.0,428.0,2.305666931714162,0.050840139389038086,True
309,finfet,data/train_canonical/ref_0309.png,data/train_canonical/search_0309.png,371.74,474.83,372.0,476.0,1.198540779448089,0.04577493667602539,True
310,dram,data/train_canonical/ref_0310.png,data/train_canonical/search_0310.png,463.51,570.45,468.0,572.0,4.75001052630412,0.04692220687866211,True
311,finfet,data/train_canonical/ref_0311.png,data/train_canonical/search_0311.png,567.75,387.27,572.0,388.0,4.312238397862533,0.04270482063293457,True
312,dram,data/train_canonical/ref_0312.png,data/train_canonical/search_0312.png,609.81,522.85,612.0,524.0,2.473580400957322,0.04545092582702637,True
313,finfet,data/train_canonical/ref_0313.png,data/train_canonical/search_0313.png,451.82,425.6,452.0,428.0,2.4067405344157673,0.042389631271362305,True
314,dram,data/train_canonical/ref_0314.png,data/train_canonical/search_0314.png,454.31,383.11,460.0,388.0,7.502546234445999,0.039443254470825195,True
315,finfet,data/train_canonical/ref_0315.png,data/train_canonical/search_0315.png,515.74,532.16,516.0,532.0,0.30528675044945053,0.04054760932922363,True
316,finfet,data/train_canonical/ref_0316.png,data/train_canonical/search_0316.png,600.11,406.29,604.0,284.0,122.35185409302143,0.04023861885070801,True
317,dram,data/train_canonical/ref_0317.png,data/train_canonical/search_0317.png,365.22,532.32,364.0,532.0,1.261269202034244,0.04615020751953125,True
318,finfet,data/train_canonical/ref_0318.png,data/train_canonical/search_0318.png,590.8,407.45,588.0,412.0,5.342518132865798,0.03854250907897949,True
319,finfet,data/train_canonical/ref_0319.png,data/train_canonical/search_0319.png,425.06,483.98,428.0,484.0,2.940068026423876,0.03993082046508789,True
320,dram,data/train_canonical/ref_0320.png,data/train_canonical/search_0320.png,474.55,401.2,476.0,404.0,3.153173005085517,0.05154252052307129,True
321,finfet,data/train_canonical/ref_0321.png,data/train_canonical/search_0321.png,555.58,480.3,556.0,484.0,3.7237615390891885,0.04767155647277832,True
322,finfet,data/train_canonical/ref_0322.png,data/train_canonical/search_0322.png,373.7,582.04,372.0,588.0,6.197709254232598,0.05472874641418457,True
323,finfet,data/train_canonical/ref_0323.png,data/train_canonical/search_0323.png,529.46,511.56,532.0,596.0,84.47819363599105,0.0429837703704834,True
324,dram,data/train_canonical/ref_0324.png,data/train_canonical/search_0324.png,409.04,480.94,412.0,484.0,4.257370080225572,0.043598175048828125,True
325,dram,data/train_canonical/ref_0325.png,data/train_canonical/search_0325.png,590.29,620.81,596.0,444.0,176.9021769227275,0.047853708267211914,True
326,dram,data/train_canonical/ref_0326.png,data/train_canonical/search_0326.png,519.12,462.93,524.0,468.0,7.036995097340902,0.044434547424316406,True
327,finfet,data/train_canonical/ref_0327.png,data/train_canonical/search_0327.png,559.45,562.79,564.0,564.0,4.708141884013233,0.10831403732299805,True
328,finfet,data/train_canonical/ref_0328.png,data/train_canonical/search_0328.png,368.6,369.91,372.0,364.0,6.81821824232696,0.04894661903381348,True
329,dram,data/train_canonical/ref_0329.png,data/train_canonical/search_0329.png,461.95,633.04,468.0,636.0,6.7352876701741815,0.04192924499511719,True
330,dram,data/train_canonical/ref_0330.png,data/train_canonical/search_0330.png,374.53,610.65,380.0,620.0,10.832515866593537,0.039228200912475586,True
331,dram,data/train_canonical/ref_0331.png,data/train_canonical/search_0331.png,563.28,488.77,564.0,492.0,3.30927484503783,0.04996657371520996,True
332,dram,data/train_canonical/ref_0332.png,data/train_canonical/search_0332.png,383.99,386.78,380.0,388.0,4.172349458039216,0.040189266204833984,True
333,finfet,data/train_canonical/ref_0333.png,data/train_canonical/search_0333.png,508.18,576.34,508.0,580.0,3.6644235563045613,0.03699612617492676,True
334,finfet,data/train_canonical/ref_0334.png,data/train_canonical/search_0334.png,428.26,627.22,428.0,628.0,0.8221921916437498,0.04328465461730957,True
335,finfet,data/train_canonical/ref_0335.png,data/train_canonical/search_0335.png,404.59,579.5,404.0,580.0,0.7733692520393932,0.03828883171081543,True
336,finfet,data/train_canonical/ref_0336.png,data/train_canonical/search_0336.png,476.05,618.92,476.0,620.0,1.0811567878897534,0.04352617263793945,True
337,dram,data/train_canonical/ref_0337.png,data/train_canonical/search_0337.png,479.84,598.04,484.0,364.0,234.07696853812845,0.050882816314697266,True
338,finfet,data/train_canonical/ref_0338.png,data/train_canonical/search_0338.png,462.44,451.79,460.0,460.0,8.564910974435149,0.04234194755554199,True
339,dram,data/train_canonical/ref_0339.png,data/train_canonical/search_0339.png,376.97,582.95,380.0,588.0,5.8892614137937,0.04708576202392578,True
340,dram,data/train_canonical/ref_0340.png,data/train_canonical/search_0340.png,468.03,490.6,468.0,476.0,14.600030821885296,0.04929089546203613,True
341,dram,data/train_canonical/ref_0341.png,data/train_canonical/search_0341.png,407.11,619.38,404.0,620.0,3.1711985116041053,0.054900169372558594,True
342,finfet,data/train_canonical/ref_0342.png,data/train_canonical/search_0342.png,387.65,481.47,388.0,484.0,2.554094751570481,0.05234241485595703,True
343,finfet,data/train_canonical/ref_0343.png,data/train_canonical/search_0343.png,508.22,431.45,508.0,436.0,4.555315576334983,0.05565810203552246,True
344,dram,data/train_canonical/ref_0344.png,data/train_canonical/search_0344.png,549.95,459.81,556.0,460.0,6.052982735808805,0.05160784721374512,True
345,dram,data/train_canonical/ref_0345.png,data/train_canonical/search_0345.png,564.32,610.29,564.0,612.0,1.7396838793298501,0.04851126670837402,True
346,dram,data/train_canonical/ref_0346.png,data/train_canonical/search_0346.png,387.0,405.95,388.0,404.0,2.1914607000811026,0.050562143325805664,True
347,finfet,data/train_canonical/ref_0347.png,data/train_canonical/search_0347.png,542.65,452.18,548.0,452.0,5.3530271809510035,0.05010628700256348,True
348,finfet,data/train_canonical/ref_0348.png,data/train_canonical/search_0348.png,511.73,448.72,516.0,444.0,6.364848780607447,0.04439067840576172,True
349,dram,data/train_canonical/ref_0349.png,data/train_canonical/search_0349.png,582.41,621.18,580.0,628.0,7.233291090506487,0.0466616153717041,True
350,finfet,data/train_canonical/ref_0350.png,data/train_canonical/search_0350.png,609.72,493.17,612.0,492.0,2.562674384310249,0.044197797775268555,True
351,finfet,data/train_canonical/ref_0351.png,data/train_canonical/search_0351.png,456.63,576.44,460.0,580.0,4.902091390416915,0.04835939407348633,True
352,dram,data/train_canonical/ref_0352.png,data/train_canonical/search_0352.png,596.34,574.11,596.0,572.0,2.1372178176311554,0.045615196228027344,True
353,finfet,data/train_canonical/ref_0353.png,data/train_canonical/search_0353.png,416.3,479.52,420.0,476.0,5.106897296793797,0.0422511100769043,True
354,finfet,data/train_canonical/ref_0354.png,data/train_canonical/search_0354.png,366.52,597.12,372.0,596.0,5.593281684306648,0.043219804763793945,True
355,dram,data/train_canonical/ref_0355.png,data/train_canonical/search_0355.png,443.17,570.1,444.0,572.0,2.0733788848157704,0.05516767501831055,True
356,dram,data/train_canonical/ref_0356.png,data/train_canonical/search_0356.png,577.71,633.71,580.0,636.0,3.2385490578343363,0.050272226333618164,True
357,finfet,data/train_canonical/ref_0357.png,data/train_canonical/search_0357.png,415.79,601.02,420.0,604.0,5.157955021129976,0.04617476463317871,True
358,dram,data/train_canonical/ref_0358.png,data/train_canonical/search_0358.png,395.89,452.23,396.0,452.0,0.2549509756796615,0.04810929298400879,True
359,finfet,data/train_canonical/ref_0359.png,data/train_canonical/search_0359.png,477.09,402.13,476.0,404.0,2.1644860821913277,0.03804731369018555,True
360,dram,data/train_canonical/ref_0360.png,data/train_canonical/search_0360.png,556.9,511.19,556.0,508.0,3.3145286241032745,0.04229569435119629,True
361,finfet,data/train_canonical/ref_0361.png,data/train_canonical/search_0361.png,412.95,467.96,412.0,468.0,0.9508417323613747,0.04201650619506836,True
362,dram,data/train_canonical/ref_0362.png,data/train_canonical/search_0362.png,459.18,603.37,460.0,604.0,1.034069630150689,0.04803633689880371,True
363,finfet,data/train_canonical/ref_0363.png,data/train_canonical/search_0363.png,552.89,536.04,556.0,532.0,5.098401710340192,0.0443878173828125,True
364,dram,data/train_canonical/ref_0364.png,data/train_canonical/search_0364.png,402.28,471.63,404.0,476.0,4.6963070598077525,0.044016122817993164,True
365,dram,data/train_canonical/ref_0365.png,data/train_canonical/search_0365.png,586.29,607.64,588.0,612.0,4.683342823240708,0.04021334648132324,True
366,finfet,data/train_canonical/ref_0366.png,data/train_canonical/search_0366.png,582.13,384.41,580.0,388.0,4.1743262929483365,0.04372048377990723,True
367,finfet,data/train_canonical/ref_0367.png,data/train_canonical/search_0367.png,399.49,570.57,404.0,564.0,7.969002446981716,0.03797149658203125,True
368,dram,data/train_canonical/ref_0368.png,data/train_canonical/search_0368.png,450.71,624.0,452.0,628.0,4.202868068355234,0.04372715950012207,True
369,finfet,data/train_canonical/ref_0369.png,data/train_canonical/search_0369.png,526.89,459.59,532.0,460.0,5.126421754011287,0.041080474853515625,True
370,dram,data/train_canonical/ref_0370.png,data/train_canonical/search_0370.png,364.62,383.96,372.0,388.0,8.41344162635007,0.04641008377075195,True
371,dram,data/train_canonical/ref_0371.png,data/train_canonical/search_0371.png,590.44,582.95,588.0,580.0,3.8283286170338795,0.04704117774963379,True
372,dram,data/train_canonical/ref_0372.png,data/train_canonical/search_0372.png,405.07,626.8,404.0,628.0,1.6077624202599383,0.046961307525634766,True
373,dram,data/train_canonical/ref_0373.png,data/train_canonical/search_0373.png,382.94,583.22,388.0,588.0,6.9607470863406435,0.048661231994628906,True
374,dram,data/train_canonical/ref_0374.png,data/train_canonical/search_0374.png,619.79,562.32,620.0,508.0,54.32040592631839,0.04614686965942383,True
375,dram,data/train_canonical/ref_0375.png,data/train_canonical/search_0375.png,382.63,495.07,380.0,500.0,5.587647089786545,0.04556584358215332,True
376,finfet,data/train_canonical/ref_0376.png,data/train_canonical/search_0376.png,402.66,499.42,404.0,500.0,1.460136979875489,0.044252872467041016,True
377,dram,data/train_canonical/ref_0377.png,data/train_canonical/search_0377.png,383.18,630.02,380.0,628.0,3.767333274346719,0.04497170448303223,True
378,finfet,data/train_canonical/ref_0378.png,data/train_canonical/search_0378.png,507.13,591.83,516.0,596.0,9.801316238138618,0.04407167434692383,True
379,finfet,data/train_canonical/ref_0379.png,data/train_canonical/search_0379.png,464.13,630.54,468.0,636.0,6.692421086572514,0.03903913497924805,True
380,finfet,data/train_canonical/ref_0380.png,data/train_canonical/search_0380.png,409.71,442.6,412.0,444.0,2.6840454541605716,0.04721832275390625,True
381,finfet,data/train_canonical/ref_0381.png,data/train_canonical/search_0381.png,394.2,559.93,396.0,564.0,4.450269654751322,0.04840207099914551,True
382,finfet,data/train_canonical/ref_0382.png,data/train_canonical/search_0382.png,607.87,522.12,612.0,716.0,193.92398330273645,0.04375886917114258,True
383,dram,data/train_canonical/ref_0383.png,data/train_canonical/search_0383.png,476.29,533.86,476.0,540.0,6.146844719040806,0.04512643814086914,True
384,dram,data/train_canonical/ref_0384.png,data/train_canonical/search_0384.png,554.47,397.94,556.0,396.0,2.4707286374670745,0.04210782051086426,True
385,finfet,data/train_canonical/ref_0385.png,data/train_canonical/search_0385.png,388.19,584.35,388.0,580.0,4.354147448123478,0.04436612129211426,True
386,dram,data/train_canonical/ref_0386.png,data/train_canonical/search_0386.png,515.98,574.3,516.0,580.0,5.700035087611349,0.0512082576751709,True
387,dram,data/train_canonical/ref_0387.png,data/train_canonical/search_0387.png,381.8,430.51,388.0,428.0,6.688804078458257,0.04860377311706543,True
388,finfet,data/train_canonical/ref_0388.png,data/train_canonical/search_0388.png,473.31,572.51,476.0,572.0,2.7379189177183423,0.04663276672363281,True
389,dram,data/train_canonical/ref_0389.png,data/train_canonical/search_0389.png,379.07,596.11,380.0,596.0,0.9364827814754608,0.04706311225891113,True
390,dram,data/train_canonical/ref_0390.png,data/train_canonical/search_0390.png,477.59,568.61,484.0,572.0,7.2512205869081265,0.0509037971496582,True
391,finfet,data/train_canonical/ref_0391.png,data/train_canonical/search_0391.png,462.95,615.34,460.0,620.0,5.515260646605891,0.04337310791015625,True
392,dram,data/train_canonical/ref_0392.png,data/train_canonical/search_0392.png,446.28,497.62,452.0,500.0,6.195385379457867,0.04492306709289551,True
393,finfet,data/train_canonical/ref_0393.png,data/train_canonical/search_0393.png,461.12,494.68,460.0,500.0,5.436616594905322,0.042882680892944336,True
394,dram,data/train_canonical/ref_0394.png,data/train_canonical/search_0394.png,408.92,630.16,412.0,628.0,3.7619144062564427,0.05040884017944336,True
395,dram,data/train_canonical/ref_0395.png,data/train_canonical/search_0395.png,559.71,544.33,564.0,548.0,5.645617769562458,0.04362773895263672,True
396,dram,data/train_canonical/ref_0396.png,data/train_canonical/search_0396.png,581.24,606.59,580.0,604.0,2.8715326917867725,0.04521989822387695,True
397,dram,data/train_canonical/ref_0397.png,data/train_canonical/search_0397.png,558.29,486.8,556.0,492.0,5.681909890168949,0.04227566719055176,True
398,finfet,data/train_canonical/ref_0398.png,data/train_canonical/search_0398.png,589.59,429.52,588.0,668.0,238.48530038557934,0.04508352279663086,True
399,dram,data/train_canonical/ref_0399.png,data/train_canonical/search_0399.png,598.89,444.63,604.0,444.0,5.148689153561335,0.04528999328613281,True
400,dram,data/train_canonical/ref_0400.png,data/train_canonical/search_0400.png,608.5,406.39,612.0,412.0,6.612268899553326,0.055434465408325195,True
401,finfet,data/train_canonical/ref_0401.png,data/train_canonical/search_0401.png,448.81,548.12,452.0,548.0,3.1922562553780027,0.05032968521118164,True
402,dram,data/train_canonical/ref_0402.png,data/train_canonical/search_0402.png,416.6,563.53,420.0,564.0,3.432331569064951,0.05038809776306152,True
403,dram,data/train_canonical/ref_0403.png,data/train_canonical/search_0403.png,536.23,406.54,540.0,412.0,6.635096080690892,0.04631996154785156,True
404,finfet,data/train_canonical/ref_0404.png,data/train_canonical/search_0404.png,608.36,478.02,604.0,476.0,4.8052055106935905,0.04708361625671387,True
405,finfet,data/train_canonical/ref_0405.png,data/train_canonical/search_0405.png,549.32,632.7,548.0,628.0,4.881843913932578,0.04427289962768555,True
406,dram,data/train_canonical/ref_0406.png,data/train_canonical/search_0406.png,399.23,525.23,396.0,516.0,9.77884451251785,0.04282498359680176,True
407,finfet,data/train_canonical/ref_0407.png,data/train_canonical/search_0407.png,376.35,582.79,380.0,588.0,6.3613363375945005,0.04572129249572754,True
408,finfet,data/train_canonical/ref_0408.png,data/train_canonical/search_0408.png,521.13,617.86,524.0,620.0,3.5800139664531994,0.041500091552734375,True
409,finfet,data/train_canonical/ref_0409.png,data/train_canonical/search_0409.png,623.77,395.39,628.0,396.0,4.27375712927164,0.048603057861328125,True
410,finfet,data/train_canonical/ref_0410.png,data/train_canonical/search_0410.png,522.5,544.71,524.0,548.0,3.6158124951385076,0.04075789451599121,True
411,finfet,data/train_canonical/ref_0411.png,data/train_canonical/search_0411.png,466.59,456.37,468.0,460.0,3.8942264957241557,0.0436251163482666,True
412,finfet,data/train_canonical/ref_0412.png,data/train_canonical/search_0412.png,512.52,368.04,516.0,372.0,5.271811832757308,0.044806480407714844,True
413,dram,data/train_canonical/ref_0413.png,data/train_canonical/search_0413.png,438.1,481.9,436.0,484.0,2.9698484809835315,0.04549527168273926,True
414,dram,data/train_canonical/ref_0414.png,data/train_canonical/search_0414.png,396.0,435.55,396.0,436.0,0.44999999999998863,0.050675153732299805,True
415,dram,data/train_canonical/ref_0415.png,data/train_canonical/search_0415.png,462.94,399.88,468.0,748.0,348.15677215875036,0.044533491134643555,True
416,finfet,data/train_canonical/ref_0416.png,data/train_canonical/search_0416.png,577.45,417.28,580.0,420.0,3.728391073908411,0.036650657653808594,True
417,dram,data/train_canonical/ref_0417.png,data/train_canonical/search_0417.png,398.75,407.5,404.0,412.0,6.914658342969665,0.04900979995727539,True
418,finfet,data/train_canonical/ref_0418.png,data/train_canonical/search_0418.png,612.18,600.55,620.0,604.0,8.547215920988606,0.040494441986083984,True
419,finfet,data/train_canonical/ref_0419.png,data/train_canonical/search_0419.png,552.6,468.6,556.0,476.0,8.143709228600903,0.038567304611206055,True
420,dram,data/train_canonical/ref_0420.png,data/train_canonical/search_0420.png,530.96,620.0,532.0,620.0,1.0399999999999636,0.038826704025268555,True
421,finfet,data/train_canonical/ref_0421.png,data/train_canonical/search_0421.png,630.34,540.0,540.0,540.0,90.34000000000003,0.040923118591308594,True
422,finfet,data/train_canonical/ref_0422.png,data/train_canonical/search_0422.png,515.94,393.35,516.0,396.0,2.6506791582535736,0.04277682304382324,True
423,dram,data/train_canonical/ref_0423.png,data/train_canonical/search_0423.png,557.96,527.8,772.0,524.0,214.07372935509855,0.050169944763183594,True
424,dram,data/train_canonical/ref_0424.png,data/train_canonical/search_0424.png,390.84,547.91,396.0,548.0,5.160784824035998,0.04650473594665527,True
425,finfet,data/train_canonical/ref_0425.png,data/train_canonical/search_0425.png,545.63,446.08,548.0,452.0,6.376778183377575,0.04334402084350586,True
426,dram,data/train_canonical/ref_0426.png,data/train_canonical/search_0426.png,532.66,473.56,540.0,476.0,7.7349337424441105,0.0457606315612793,True
427,finfet,data/train_canonical/ref_0427.png,data/train_canonical/search_0427.png,382.84,379.12,380.0,380.0,2.973213749463676,0.0434114933013916,True
428,finfet,data/train_canonical/ref_0428.png,data/train_canonical/search_0428.png,422.44,630.13,428.0,628.0,5.954032247141428,0.0423731803894043,True
429,dram,data/train_canonical/ref_0429.png,data/train_canonical/search_0429.png,408.35,631.47,404.0,636.0,6.280398076555335,0.050138235092163086,True
430,finfet,data/train_canonical/ref_0430.png,data/train_canonical/search_0430.png,625.81,436.67,628.0,436.0,2.290196498119814,0.04916095733642578,True
431,finfet,data/train_canonical/ref_0431.png,data/train_canonical/search_0431.png,565.17,552.2,564.0,556.0,3.976040744257981,0.04549717903137207,True
432,dram,data/train_canonical/ref_0432.png,data/train_canonical/search_0432.png,616.65,466.82,620.0,468.0,3.5517460494804762,0.043280601501464844,True
433,finfet,data/train_canonical/ref_0433.png,data/train_canonical/search_0433.png,505.39,495.88,508.0,500.0,4.877140555694505,0.04976987838745117,True
434,dram,data/train_canonical/ref_0434.png,data/train_canonical/search_0434.png,451.95,395.9,452.0,396.0,0.1118033988750149,0.05149531364440918,True
435,dram,data/train_canonical/ref_0435.png,data/train_canonical/search_0435.png,444.07,482.58,444.0,484.0,1.4217243052012738,0.04702615737915039,True
436,dram,data/train_canonical/ref_0436.png,data/train_canonical/search_0436.png,453.08,464.81,460.0,468.0,7.619875327064099,0.046977996826171875,True
437,dram,data/train_canonical/ref_0437.png,data/train_canonical/search_0437.png,624.45,507.47,628.0,516.0,9.239231569778907,0.042109012603759766,True
438,dram,data/train_canonical/ref_0438.png,data/train_canonical/search_0438.png,592.73,605.36,588.0,604.0,4.921635906891144,0.045935869216918945,True
439,finfet,data/train_canonical/ref_0439.png,data/train_canonical/search_0439.png,541.5,454.9,540.0,460.0,5.316013544000827,0.04922080039978027,True
440,dram,data/train_canonical/ref_0440.png,data/train_canonical/search_0440.png,495.83,589.28,500.0,588.0,4.362029344238764,0.04843282699584961,True
441,dram,data/train_canonical/ref_0441.png,data/train_canonical/search_0441.png,385.94,515.22,388.0,516.0,2.202725584361331,0.051223039627075195,True
442,dram,data/train_canonical/ref_0442.png,data/train_canonical/search_0442.png,470.54,369.92,468.0,372.0,3.282986445296422,0.05067610740661621,True
443,dram,data/train_canonical/ref_0443.png,data/train_canonical/search_0443.png,512.31,566.1,516.0,572.0,6.9588864051657096,0.05255913734436035,True
444,finfet,data/train_canonical/ref_0444.png,data/train_canonical/search_0444.png,396.58,590.04,396.0,588.0,2.1208488866488895,0.04073739051818848,True
445,finfet,data/train_canonical/ref_0445.png,data/train_canonical/search_0445.png,502.79,576.94,500.0,580.0,4.140978145317816,0.040123701095581055,True
446,dram,data/train_canonical/ref_0446.png,data/train_canonical/search_0446.png,435.39,443.26,436.0,444.0,0.9590099061010945,0.04519844055175781,True
447,finfet,data/train_canonical/ref_0447.png,data/train_canonical/search_0447.png,622.2,384.67,620.0,388.0,3.991102604544275,0.04372215270996094,True
448,finfet,data/train_canonical/ref_0448.png,data/train_canonical/search_0448.png,502.35,610.93,420.0,612.0,82.35695113346537,0.04331016540527344,True
449,dram,data/train_canonical/ref_0449.png,data/train_canonical/search_0449.png,573.02,506.64,572.0,508.0,1.7,0.04676556587219238,True
450,dram,data/train_canonical/ref_0450.png,data/train_canonical/search_0450.png,556.31,530.99,556.0,532.0,1.0565036677645505,0.050128936767578125,True
451,dram,data/train_canonical/ref_0451.png,data/train_canonical/search_0451.png,576.14,509.55,580.0,364.0,145.6011747892166,0.04281759262084961,True
452,finfet,data/train_canonical/ref_0452.png,data/train_canonical/search_0452.png,611.27,523.49,612.0,524.0,0.8905054744357371,0.04070925712585449,True
453,finfet,data/train_canonical/ref_0453.png,data/train_canonical/search_0453.png,459.54,613.58,460.0,612.0,1.6456001944579706,0.04336261749267578,True
454,dram,data/train_canonical/ref_0454.png,data/train_canonical/search_0454.png,525.48,492.12,532.0,492.0,6.521104200976992,0.04527878761291504,True
455,dram,data/train_canonical/ref_0455.png,data/train_canonical/search_0455.png,589.51,450.82,596.0,452.0,6.59640053362439,0.04475998878479004,True
456,finfet,data/train_canonical/ref_0456.png,data/train_canonical/search_0456.png,373.28,503.41,372.0,508.0,4.7651337861595975,0.04135870933532715,True
457,dram,data/train_canonical/ref_0457.png,data/train_canonical/search_0457.png,560.17,630.81,564.0,628.0,4.7502631506054485,0.058248281478881836,True
458,finfet,data/train_canonical/ref_0458.png,data/train_canonical/search_0458.png,473.47,415.27,476.0,420.0,5.364121549704111,0.0486454963684082,True
459,dram,data/train_canonical/ref_0459.png,data/train_canonical/search_0459.png,534.85,487.43,540.0,484.0,6.187681310474854,0.04588031768798828,True
460,finfet,data/train_canonical/ref_0460.png,data/train_canonical/search_0460.png,437.52,541.08,444.0,540.0,6.569383532722102,0.04874706268310547,True
461,finfet,data/train_canonical/ref_0461.png,data/train_canonical/search_0461.png,386.44,416.49,388.0,420.0,3.8410545427004736,0.05082392692565918,True
462,dram,data/train_canonical/ref_0462.png,data/train_canonical/search_0462.png,542.63,624.35,540.0,628.0,4.498822068052904,0.05270552635192871,True
463,dram,data/train_canonical/ref_0463.png,data/train_canonical/search_0463.png,627.88,588.45,636.0,588.0,8.132459652528263,0.0476226806640625,True
464,dram,data/train_canonical/ref_0464.png,data/train_canonical/search_0464.png,496.41,434.27,500.0,436.0,3.9850972384623042,0.05254793167114258,True
465,finfet,data/train_canonical/ref_0465.png,data/train_canonical/search_0465.png,376.81,444.05,380.0,444.0,3.1903918254659547,0.04591035842895508,True
466,finfet,data/train_canonical/ref_0466.png,data/train_canonical/search_0466.png,584.29,475.53,588.0,476.0,3.7396523902630703,0.045522451400756836,True
467,finfet,data/train_canonical/ref_0467.png,data/train_canonical/search_0467.png,414.84,534.96,420.0,532.0,5.948714146771593,0.04107236862182617,True
468,finfet,data/train_canonical/ref_0468.png,data/train_canonical/search_0468.png,382.89,580.25,388.0,572.0,9.704359844935684,0.041002511978149414,True
469,dram,data/train_canonical/ref_0469.png,data/train_canonical/search_0469.png,624.05,519.22,620.0,524.0,6.2650538704786385,0.047692298889160156,True
470,finfet,data/train_canonical/ref_0470.png,data/train_canonical/search_0470.png,452.93,446.72,452.0,452.0,5.361277832755893,0.0421445369720459,True
471,dram,data/train_canonical/ref_0471.png,data/train_canonical/search_0471.png,572.24,466.44,572.0,468.0,1.5783535725559124,0.04151153564453125,True
472,finfet,data/train_canonical/ref_0472.png,data/train_canonical/search_0472.png,627.11,547.93,628.0,548.0,0.892748564826616,0.040055274963378906,True
473,dram,data/train_canonical/ref_0473.png,data/train_canonical/search_0473.png,614.06,369.39,612.0,372.0,3.325011278176338,0.04462003707885742,True
474,finfet,data/train_canonical/ref_0474.png,data/train_canonical/search_0474.png,451.8,506.53,460.0,508.0,8.330720256976578,0.041059017181396484,True
475,finfet,data/train_canonical/ref_0475.png,data/train_canonical/search_0475.png,617.21,630.68,620.0,628.0,3.8686560974063755,0.039760589599609375,True
476,finfet,data/train_canonical/ref_0476.png,data/train_canonical/search_0476.png,614.6,477.65,620.0,484.0,8.335616353935684,0.04049229621887207,True
477,dram,data/train_canonical/ref_0477.png,data/train_canonical/search_0477.png,555.12,376.61,556.0,372.0,4.69323981914414,0.059252023696899414,True
478,dram,data/train_canonical/ref_0478.png,data/train_canonical/search_0478.png,410.45,617.67,412.0,620.0,2.798463864337045,0.046921491622924805,True
479,dram,data/train_canonical/ref_0479.png,data/train_canonical/search_0479.png,485.78,391.65,492.0,396.0,7.590184450986718,0.04718518257141113,True
480,finfet,data/train_canonical/ref_0480.png,data/train_canonical/search_0480.png,453.72,586.73,452.0,588.0,2.1380598681982805,0.03748965263366699,True
481,finfet,data/train_canonical/ref_0481.png,data/train_canonical/search_0481.png,480.73,451.84,484.0,452.0,3.273912033027138,0.042961835861206055,True
482,finfet,data/train_canonical/ref_0482.png,data/train_canonical/search_0482.png,587.2,458.59,588.0,460.0,1.6211415730897774,0.03753209114074707,True
483,finfet,data/train_canonical/ref_0483.png,data/train_canonical/search_0483.png,464.33,550.5,468.0,548.0,4.440596806736694,0.04054737091064453,True
484,finfet,data/train_canonical/ref_0484.png,data/train_canonical/search_0484.png,452.34,585.4,452.0,588.0,2.622136533439878,0.04035687446594238,True
485,dram,data/train_canonical/ref_0485.png,data/train_canonical/search_0485.png,600.86,560.5,604.0,556.0,5.487221519129688,0.04670286178588867,True
486,finfet,data/train_canonical/ref_0486.png,data/train_canonical/search_0486.png,505.92,548.05,508.0,548.0,2.080600874747468,0.0380706787109375,True
487,dram,data/train_canonical/ref_0487.png,data/train_canonical/search_0487.png,365.77,566.19,372.0,564.0,6.603711077871325,0.04601573944091797,True
488,finfet,data/train_canonical/ref_0488.png,data/train_canonical/search_0488.png,514.44,605.1,508.0,332.0,273.17592060794817,0.036293983459472656,True
489,finfet,data/train_canonical/ref_0489.png,data/train_canonical/search_0489.png,572.06,424.73,236.0,428.0,336.0759088360842,0.04428815841674805,True
490,dram,data/train_canonical/ref_0490.png,data/train_canonical/search_0490.png,483.34,397.47,484.0,396.0,1.6113658802395292,0.04055285453796387,True
491,finfet,data/train_canonical/ref_0491.png,data/train_canonical/search_0491.png,615.25,564.88,612.0,564.0,3.3670313333855377,0.04091215133666992,True
492,dram,data/train_canonical/ref_0492.png,data/train_canonical/search_0492.png,376.49,478.55,380.0,476.0,4.33850204563741,0.046007633209228516,True
493,dram,data/train_canonical/ref_0493.png,data/train_canonical/search_0493.png,519.94,593.79,516.0,596.0,4.517488240161848,0.04685521125793457,True
494,dram,data/train_canonical/ref_0494.png,data/train_canonical/search_0494.png,618.05,523.83,620.0,524.0,1.9573962296888598,0.043931007385253906,True
495,finfet,data/train_canonical/ref_0495.png,data/train_canonical/search_0495.png,497.57,425.33,500.0,428.0,3.610235449385555,0.04374051094055176,True
496,dram,data/train_canonical/ref_0496.png,data/train_canonical/search_0496.png,600.48,368.48,604.0,372.0,4.978031739553269,0.045503854751586914,True
497,finfet,data/train_canonical/ref_0497.png,data/train_canonical/search_0497.png,406.12,450.86,404.0,452.0,2.4070729112347196,0.04938554763793945,True
498,finfet,data/train_canonical/ref_0498.png,data/train_canonical/search_0498.png,553.16,605.78,556.0,604.0,3.3517159784206183,0.043398141860961914,True
499,dram,data/train_canonical/ref_0499.png,data/train_canonical/search_0499.png,609.4,382.33,612.0,380.0,3.491260517349005,0.044255733489990234,True
500,finfet,data/train_canonical/ref_0500.png,data/train_canonical/search_0500.png,421.18,619.91,420.0,620.0,1.1834272263219323,0.038889408111572266,True
501,finfet,data/train_canonical/ref_0501.png,data/train_canonical/search_0501.png,542.04,534.25,548.0,532.0,6.3705651240686985,0.040746212005615234,True
502,dram,data/train_canonical/ref_0502.png,data/train_canonical/search_0502.png,437.43,441.09,436.0,444.0,3.2423756722502355,0.04407167434692383,True
503,finfet,data/train_canonical/ref_0503.png,data/train_canonical/search_0503.png,502.51,568.46,500.0,572.0,4.3395506679839215,0.04180431365966797,True
504,dram,data/train_canonical/ref_0504.png,data/train_canonical/search_0504.png,491.04,478.49,492.0,484.0,5.593004559268646,0.05424356460571289,True
505,finfet,data/train_canonical/ref_0505.png,data/train_canonical/search_0505.png,522.93,470.3,524.0,364.0,106.30538509407697,0.04230356216430664,True
506,finfet,data/train_canonical/ref_0506.png,data/train_canonical/search_0506.png,478.89,407.99,484.0,412.0,6.495552324475577,0.038048744201660156,True
507,dram,data/train_canonical/ref_0507.png,data/train_canonical/search_0507.png,459.26,374.35,460.0,380.0,5.698254118587531,0.04192495346069336,True
508,dram,data/train_canonical/ref_0508.png,data/train_canonical/search_0508.png,529.15,441.58,532.0,444.0,3.7388367174831543,0.04304766654968262,True
509,finfet,data/train_canonical/ref_0509.png,data/train_canonical/search_0509.png,383.68,451.17,388.0,452.0,4.399011252542998,0.039508819580078125,True
510,finfet,data/train_canonical/ref_0510.png,data/train_canonical/search_0510.png,391.17,580.83,396.0,580.0,4.900795853736402,0.040238142013549805,True
511,dram,data/train_canonical/ref_0511.png,data/train_canonical/search_0511.png,531.05,487.84,532.0,492.0,4.267095030579972,0.04596138000488281,True
512,finfet,data/train_canonical/ref_0512.png,data/train_canonical/search_0512.png,470.75,580.83,476.0,580.0,5.315204605657252,0.04108905792236328,True
513,dram,data/train_canonical/ref_0513.png,data/train_canonical/search_0513.png,578.43,539.59,580.0,540.0,1.6226521500309703,0.04225945472717285,True
514,dram,data/train_canonical/ref_0514.png,data/train_canonical/search_0514.png,593.53,481.31,596.0,484.0,3.651985761198984,0.0399324893951416,True
515,finfet,data/train_canonical/ref_0515.png,data/train_canonical/search_0515.png,614.46,503.02,612.0,500.0,3.895125158451275,0.04363822937011719,True
516,finfet,data/train_canonical/ref_0516.png,data/train_canonical/search_0516.png,431.35,411.07,428.0,412.0,3.47669383178907,0.041704416275024414,True
517,finfet,data/train_canonical/ref_0517.png,data/train_canonical/search_0517.png,384.03,396.26,388.0,396.0,3.9785047442475436,0.03840994834899902,True
518,dram,data/train_canonical/ref_0518.png,data/train_canonical/search_0518.png,548.45,529.12,548.0,516.0,13.127714957295506,0.04462480545043945,True
519,finfet,data/train_canonical/ref_0519.png,data/train_canonical/search_0519.png,538.91,424.24,540.0,428.0,3.914805231425952,0.03821563720703125,True
520,finfet,data/train_canonical/ref_0520.png,data/train_canonical/search_0520.png,561.35,444.61,564.0,452.0,7.850770662807549,0.04336977005004883,True
521,dram,data/train_canonical/ref_0521.png,data/train_canonical/search_0521.png,497.64,383.32,500.0,380.0,4.073327877792312,0.041769981384277344,True
522,dram,data/train_canonical/ref_0522.png,data/train_canonical/search_0522.png,395.13,401.8,396.0,404.0,2.3657768280207576,0.04110217094421387,True
523,finfet,data/train_canonical/ref_0523.png,data/train_canonical/search_0523.png,384.04,622.15,380.0,628.0,7.109437389836163,0.03922748565673828,True
524,dram,data/train_canonical/ref_0524.png,data/train_canonical/search_0524.png,365.18,633.69,364.0,636.0,2.593935234349494,0.04824352264404297,True
525,finfet,data/train_canonical/ref_0525.png,data/train_canonical/search_0525.png,380.98,384.93,388.0,380.0,8.578187454235296,0.060065507888793945,True
526,dram,data/train_canonical/ref_0526.png,data/train_canonical/search_0526.png,446.8,507.51,444.0,508.0,2.8425516705945864,0.04179549217224121,True
527,finfet,data/train_canonical/ref_0527.png,data/train_canonical/search_0527.png,589.01,496.23,596.0,500.0,7.941851169595159,0.04053783416748047,True
528,finfet,data/train_canonical/ref_0528.png,data/train_canonical/search_0528.png,529.11,424.14,532.0,428.0,4.822001659062347,0.04437565803527832,True
529,finfet,data/train_canonical/ref_0529.png,data/train_canonical/search_0529.png,381.83,621.02,388.0,620.0,6.253742879268396,0.045089006423950195,True
530,finfet,data/train_canonical/ref_0530.png,data/train_canonical/search_0530.png,533.61,390.55,532.0,388.0,3.0157254516948493,0.05077409744262695,True
531,dram,data/train_canonical/ref_0531.png,data/train_canonical/search_0531.png,515.96,461.43,516.0,468.0,6.570121764472855,0.04617428779602051,True
532,finfet,data/train_canonical/ref_0532.png,data/train_canonical/search_0532.png,516.01,585.52,516.0,588.0,2.4800201612083903,0.046042442321777344,True
533,finfet,data/train_canonical/ref_0533.png,data/train_canonical/search_0533.png,405.21,533.99,404.0,540.0,6.1305954033845556,0.050342559814453125,True
534,finfet,data/train_canonical/ref_0534.png,data/train_canonical/search_0534.png,429.6,490.46,428.0,492.0,2.220720603768096,0.049288272857666016,True
535,finfet,data/train_canonical/ref_0535.png,data/train_canonical/search_0535.png,580.4,393.13,580.0,396.0,2.897740499078551,0.04427528381347656,True
536,finfet,data/train_canonical/ref_0536.png,data/train_canonical/search_0536.png,594.04,422.91,596.0,420.0,3.508518205738754,0.04064202308654785,True
537,dram,data/train_canonical/ref_0537.png,data/train_canonical/search_0537.png,459.69,630.7,460.0,628.0,2.717738030053715,0.05117940902709961,True
538,dram,data/train_canonical/ref_0538.png,data/train_canonical/search_0538.png,524.8,482.02,524.0,388.0,94.02340346956176,0.041327476501464844,False
539,finfet,data/train_canonical/ref_0539.png,data/train_canonical/search_0539.png,494.46,545.09,500.0,340.0,205.16481106661544,0.04052567481994629,True
540,finfet,data/train_canonical/ref_0540.png,data/train_canonical/search_0540.png,388.71,601.06,388.0,604.0,3.024516490284074,0.040472984313964844,True
541,finfet,data/train_canonical/ref_0541.png,data/train_canonical/search_0541.png,556.45,603.85,556.0,604.0,0.47434164902529286,0.0458064079284668,True
542,dram,data/train_canonical/ref_0542.png,data/train_canonical/search_0542.png,469.6,485.35,476.0,484.0,6.5408332802479965,0.046616315841674805,True
543,finfet,data/train_canonical/ref_0543.png,data/train_canonical/search_0543.png,369.51,569.05,372.0,572.0,3.860388581477299,0.047210693359375,True
544,finfet,data/train_canonical/ref_0544.png,data/train_canonical/search_0544.png,561.42,384.25,564.0,388.0,4.551801841029573,0.04560375213623047,True
545,dram,data/train_canonical/ref_0545.png,data/train_canonical/search_0545.png,546.67,505.73,548.0,508.0,2.630931394012399,0.057596445083618164,True
546,dram,data/train_canonical/ref_0546.png,data/train_canonical/search_0546.png,445.94,396.57,452.0,388.0,10.496118330125661,0.06405091285705566,True
547,dram,data/train_canonical/ref_0547.png,data/train_canonical/search_0547.png,391.88,483.47,388.0,484.0,3.9160311541150863,0.04709506034851074,True
548,dram,data/train_canonical/ref_0548.png,data/train_canonical/search_0548.png,526.65,471.77,532.0,468.0,6.544875858257367,0.05264544486999512,True
549,finfet,data/train_canonical/ref_0549.png,data/train_canonical/search_0549.png,498.08,626.25,500.0,628.0,2.597864507629307,0.04821372032165527,True
550,dram,data/train_canonical/ref_0550.png,data/train_canonical/search_0550.png,443.34,562.43,444.0,564.0,1.7030854353203158,0.052922964096069336,True
551,dram,data/train_canonical/ref_0551.png,data/train_canonical/search_0551.png,448.2,466.89,452.0,476.0,9.87076998009782,0.051323890686035156,True
552,dram,data/train_canonical/ref_0552.png,data/train_canonical/search_0552.png,575.59,417.02,580.0,420.0,5.322452442248763,0.04946160316467285,True
553,dram,data/train_canonical/ref_0553.png,data/train_canonical/search_0553.png,572.84,370.61,572.0,372.0,1.6240997506311046,0.04735541343688965,True
554,finfet,data/train_canonical/ref_0554.png,data/train_canonical/search_0554.png,472.67,475.13,476.0,476.0,3.4417727990092404,0.04198455810546875,True
555,dram,data/train_canonical/ref_0555.png,data/train_canonical/search_0555.png,507.32,524.92,508.0,524.0,1.1440279716859785,0.05102038383483887,True
556,dram,data/train_canonical/ref_0556.png,data/train_canonical/search_0556.png,610.02,576.92,620.0,580.0,10.444462647738304,0.047986507415771484,True
557,dram,data/train_canonical/ref_0557.png,data/train_canonical/search_0557.png,548.19,511.33,548.0,516.0,4.673863498220736,0.04545736312866211,True
558,finfet,data/train_canonical/ref_0558.png,data/train_canonical/search_0558.png,627.53,511.9,628.0,508.0,3.928218425698837,0.04201054573059082,True
559,finfet,data/train_canonical/ref_0559.png,data/train_canonical/search_0559.png,574.38,594.41,572.0,596.0,2.862254356272356,0.04082775115966797,True
560,dram,data/train_canonical/ref_0560.png,data/train_canonical/search_0560.png,604.97,491.14,604.0,492.0,1.2963410045200592,0.05076408386230469,True
561,dram,data/train_canonical/ref_0561.png,data/train_canonical/search_0561.png,521.53,476.11,524.0,476.0,2.472448179436758,0.0496826171875,True
562,finfet,data/train_canonical/ref_0562.png,data/train_canonical/search_0562.png,546.15,578.26,548.0,580.0,2.539704707244548,0.04649686813354492,True
563,finfet,data/train_canonical/ref_0563.png,data/train_canonical/search_0563.png,558.97,402.66,564.0,404.0,5.205429857370057,0.044527530670166016,True
564,dram,data/train_canonical/ref_0564.png,data/train_canonical/search_0564.png,544.6,382.32,548.0,388.0,6.619848940874703,0.045179128646850586,True
565,finfet,data/train_canonical/ref_0565.png,data/train_canonical/search_0565.png,401.3,549.85,404.0,548.0,3.272995569810632,0.040071964263916016,True
566,finfet,data/train_canonical/ref_0566.png,data/train_canonical/search_0566.png,575.64,494.06,580.0,500.0,7.368391954829771,0.039398908615112305,True
567,finfet,data/train_canonical/ref_0567.png,data/train_canonical/search_0567.png,458.91,531.01,452.0,532.0,6.9805587168936825,0.04700970649719238,True
568,finfet,data/train_canonical/ref_0568.png,data/train_canonical/search_0568.png,587.83,479.66,588.0,484.0,4.343328216932237,0.04183554649353027,True
569,dram,data/train_canonical/ref_0569.png,data/train_canonical/search_0569.png,446.16,634.32,756.0,636.0,309.8445545753547,0.04581427574157715,True
570,dram,data/train_canonical/ref_0570.png,data/train_canonical/search_0570.png,413.01,440.52,412.0,444.0,3.6236031791574677,0.04669070243835449,True
571,dram,data/train_canonical/ref_0571.png,data/train_canonical/search_0571.png,474.03,385.53,476.0,388.0,3.159398676963742,0.04804873466491699,True
572,finfet,data/train_canonical/ref_0572.png,data/train_canonical/search_0572.png,383.05,503.22,388.0,228.0,275.26451078916807,0.04218745231628418,True
573,finfet,data/train_canonical/ref_0573.png,data/train_canonical/search_0573.png,380.15,521.39,380.0,524.0,2.6143067914841334,0.04101228713989258,True
574,dram,data/train_canonical/ref_0574.png,data/train_canonical/search_0574.png,616.65,365.66,620.0,372.0,7.170641533363653,0.044115304946899414,True
575,dram,data/train_canonical/ref_0575.png,data/train_canonical/search_0575.png,530.77,518.39,540.0,652.0,133.92843238088022,0.04632449150085449,True
576,finfet,data/train_canonical/ref_0576.png,data/train_canonical/search_0576.png,562.57,487.86,564.0,492.0,4.380011415510209,0.04591083526611328,True
577,finfet,data/train_canonical/ref_0577.png,data/train_canonical/search_0577.png,590.28,449.67,588.0,452.0,3.2599539874053134,0.04149341583251953,True
578,finfet,data/train_canonical/ref_0578.png,data/train_canonical/search_0578.png,432.84,396.6,436.0,396.0,3.216457678875969,0.042578697204589844,True
579,finfet,data/train_canonical/ref_0579.png,data/train_canonical/search_0579.png,464.42,389.53,460.0,388.0,4.677317607347192,0.040528297424316406,True
580,finfet,data/train_canonical/ref_0580.png,data/train_canonical/search_0580.png,392.39,546.37,396.0,548.0,3.9609342332333775,0.05977129936218262,True
581,finfet,data/train_canonical/ref_0581.png,data/train_canonical/search_0581.png,452.91,553.85,452.0,556.0,2.334652008330138,0.046707868576049805,True
582,dram,data/train_canonical/ref_0582.png,data/train_canonical/search_0582.png,538.6,469.92,540.0,476.0,6.23910249955871,0.04887652397155762,True
583,finfet,data/train_canonical/ref_0583.png,data/train_canonical/search_0583.png,603.55,597.9,500.0,692.0,139.9193071023438,0.041066884994506836,True
584,finfet,data/train_canonical/ref_0584.png,data/train_canonical/search_0584.png,593.22,404.41,596.0,404.0,2.8100711734758375,0.04744982719421387,True
585,finfet,data/train_canonical/ref_0585.png,data/train_canonical/search_0585.png,625.14,587.13,628.0,588.0,2.989397932694824,0.04091954231262207,True
586,dram,data/train_canonical/ref_0586.png,data/train_canonical/search_0586.png,447.41,514.91,452.0,516.0,4.7176477189378865,0.0513308048248291,True
587,finfet,data/train_canonical/ref_0587.png,data/train_canonical/search_0587.png,447.93,455.07,452.0,772.0,316.9561322959378,0.04830813407897949,True
588,dram,data/train_canonical/ref_0588.png,data/train_canonical/search_0588.png,575.42,588.61,580.0,284.0,304.6444296224699,0.051186561584472656,True
589,dram,data/train_canonical/ref_0589.png,data/train_canonical/search_0589.png,366.85,368.04,372.0,364.0,6.545540466607775,0.053800344467163086,True
590,finfet,data/train_canonical/ref_0590.png,data/train_canonical/search_0590.png,504.17,461.72,508.0,468.0,7.355766445449416,0.039231061935424805,True
591,finfet,data/train_canonical/ref_0591.png,data/train_canonical/search_0591.png,589.81,540.95,588.0,540.0,2.0441624201613453,0.047110795974731445,True
592,dram,data/train_canonical/ref_0592.png,data/train_canonical/search_0592.png,434.69,493.09,436.0,500.0,7.033078984342516,0.05057525634765625,True
593,finfet,data/train_canonical/ref_0593.png,data/train_canonical/search_0593.png,596.37,416.49,596.0,420.0,3.5294475488381947,0.04408431053161621,True
594,finfet,data/train_canonical/ref_0594.png,data/train_canonical/search_0594.png,564.99,426.11,556.0,428.0,9.18652273714054,0.047759294509887695,True
595,dram,data/train_canonical/ref_0595.png,data/train_canonical/search_0595.png,412.43,429.54,412.0,428.0,1.598905875903916,0.04623150825500488,True
596,dram,data/train_canonical/ref_0596.png,data/train_canonical/search_0596.png,589.69,450.9,588.0,452.0,2.016457289406407,0.05202794075012207,True
597,dram,data/train_canonical/ref_0597.png,data/train_canonical/search_0597.png,434.37,548.9,436.0,548.0,1.8619613314996486,0.04812216758728027,True
598,finfet,data/train_canonical/ref_0598.png,data/train_canonical/search_0598.png,480.05,613.0,484.0,620.0,8.03756804014746,0.04872536659240723,True
599,finfet,data/train_canonical/ref_0599.png,data/train_canonical/search_0599.png,599.46,433.94,604.0,436.0,4.985498972018716,0.03949761390686035,True
600,dram,data/train_canonical/ref_0600.png,data/train_canonical/search_0600.png,401.93,369.19,404.0,372.0,3.490128937446292,0.0433042049407959,True
601,dram,data/train_canonical/ref_0601.png,data/train_canonical/search_0601.png,389.79,466.14,388.0,468.0,2.5814143410154293,0.05246400833129883,True
602,finfet,data/train_canonical/ref_0602.png,data/train_canonical/search_0602.png,516.7,561.47,524.0,564.0,7.72598860988024,0.04259324073791504,True
603,dram,data/train_canonical/ref_0603.png,data/train_canonical/search_0603.png,597.7,584.59,596.0,588.0,3.810262458151661,0.0484614372253418,True
604,finfet,data/train_canonical/ref_0604.png,data/train_canonical/search_0604.png,475.26,488.64,476.0,492.0,3.4405232160239967,0.04461312294006348,True
605,finfet,data/train_canonical/ref_0605.png,data/train_canonical/search_0605.png,534.46,470.14,260.0,468.0,274.46834280113256,0.04167437553405762,True
606,dram,data/train_canonical/ref_0606.png,data/train_canonical/search_0606.png,393.23,533.39,396.0,532.0,3.0991934434623247,0.047309160232543945,True
607,finfet,data/train_canonical/ref_0607.png,data/train_canonical/search_0607.png,508.13,419.07,508.0,420.0,0.9390420650854846,0.0510714054107666,True
608,dram,data/train_canonical/ref_0608.png,data/train_canonical/search_0608.png,548.74,451.12,548.0,452.0,1.149782588144387,0.05199313163757324,True
609,dram,data/train_canonical/ref_0609.png,data/train_canonical/search_0609.png,391.65,634.13,396.0,636.0,4.734912881986343,0.05193972587585449,True
610,dram,data/train_canonical/ref_0610.png,data/train_canonical/search_0610.png,485.63,634.57,492.0,636.0,6.528537355334648,0.04973578453063965,True
611,finfet,data/train_canonical/ref_0611.png,data/train_canonical/search_0611.png,579.7,386.14,580.0,388.0,1.8840382161729161,0.04247164726257324,True
612,dram,data/train_canonical/ref_0612.png,data/train_canonical/search_0612.png,523.81,435.11,524.0,436.0,0.9100549433962746,0.044667720794677734,True
613,finfet,data/train_canonical/ref_0613.png,data/train_canonical/search_0613.png,631.51,374.57,636.0,372.0,5.173490117899139,0.04462075233459473,True
614,finfet,data/train_canonical/ref_0614.png,data/train_canonical/search_0614.png,423.88,552.63,428.0,556.0,5.322715472388137,0.04402351379394531,True
615,dram,data/train_canonical/ref_0615.png,data/train_canonical/search_0615.png,542.22,488.23,740.0,492.0,197.815927821801,0.05038809776306152,True
616,finfet,data/train_canonical/ref_0616.png,data/train_canonical/search_0616.png,600.42,534.42,596.0,532.0,5.039126908503043,0.04349493980407715,True
617,dram,data/train_canonical/ref_0617.png,data/train_canonical/search_0617.png,572.62,595.49,572.0,596.0,0.8028075734570498,0.04555153846740723,True
618,finfet,data/train_canonical/ref_0618.png,data/train_canonical/search_0618.png,486.4,406.77,492.0,412.0,7.662434339033545,0.041446685791015625,True
619,finfet,data/train_canonical/ref_0619.png,data/train_canonical/search_0619.png,452.19,442.34,452.0,444.0,1.6708381130438945,0.04442644119262695,True
620,finfet,data/train_canonical/ref_0620.png,data/train_canonical/search_0620.png,540.68,409.6,548.0,412.0,7.703401845937976,0.04478859901428223,True
621,finfet,data/train_canonical/ref_0621.png,data/train_canonical/search_0621.png,479.42,502.17,484.0,500.0,5.0680666925367035,0.0464632511138916,True
622,finfet,data/train_canonical/ref_0622.png,data/train_canonical/search_0622.png,552.31,528.5,556.0,532.0,5.0858725898316015,0.04425406455993652,True
623,dram,data/train_canonical/ref_0623.png,data/train_canonical/search_0623.png,384.11,419.03,388.0,420.0,4.009114615473091,0.04964327812194824,True
624,dram,data/train_canonical/ref_0624.png,data/train_canonical/search_0624.png,494.41,481.32,492.0,484.0,3.60423362172878,0.050063133239746094,True
625,dram,data/train_canonical/ref_0625.png,data/train_canonical/search_0625.png,477.23,619.3,476.0,620.0,1.415238495802071,0.044612884521484375,True
626,finfet,data/train_canonical/ref_0626.png,data/train_canonical/search_0626.png,412.51,484.72,412.0,484.0,0.8823264701911815,0.044646263122558594,True
627,finfet,data/train_canonical/ref_0627.png,data/train_canonical/search_0627.png,532.19,486.88,532.0,484.0,2.886260556498667,0.04760479927062988,True
628,finfet,data/train_canonical/ref_0628.png,data/train_canonical/search_0628.png,390.47,416.44,508.0,652.0,263.25237795697115,0.04031872749328613,True
629,dram,data/train_canonical/ref_0629.png,data/train_canonical/search_0629.png,568.01,623.42,564.0,228.0,395.4403324143858,0.05039048194885254,True
630,finfet,data/train_canonical/ref_0630.png,data/train_canonical/search_0630.png,537.84,371.4,540.0,372.0,2.241785003072304,0.0402379035949707,True
631,finfet,data/train_canonical/ref_0631.png,data/train_canonical/search_0631.png,390.35,570.03,284.0,436.0,171.09752599029596,0.04205918312072754,True
632,finfet,data/train_canonical/ref_0632.png,data/train_canonical/search_0632.png,539.1,535.29,540.0,540.0,4.795216366338468,0.038314104080200195,True
633,dram,data/train_canonical/ref_0633.png,data/train_canonical/search_0633.png,529.48,470.63,524.0,476.0,7.672502851091047,0.04614567756652832,True
634,dram,data/train_canonical/ref_0634.png,data/train_canonical/search_0634.png,611.97,576.68,612.0,732.0,155.32000289724442,0.03889584541320801,True
635,finfet,data/train_canonical/ref_0635.png,data/train_canonical/search_0635.png,412.56,624.77,420.0,620.0,8.837788184834471,0.0370485782623291,True
636,dram,data/train_canonical/ref_0636.png,data/train_canonical/search_0636.png,487.27,586.71,484.0,588.0,3.515252480263656,0.04252171516418457,True
637,dram,data/train_canonical/ref_0637.png,data/train_canonical/search_0637.png,489.78,450.44,500.0,452.0,10.33837511410766,0.05799984931945801,True
638,finfet,data/train_canonical/ref_0638.png,data/train_canonical/search_0638.png,603.67,377.12,604.0,380.0,2.8988445974215318,0.04685854911804199,True
639,dram,data/train_canonical/ref_0639.png,data/train_canonical/search_0639.png,436.38,526.42,444.0,532.0,9.444617514754132,0.05265522003173828,True
640,dram,data/train_canonical/ref_0640.png,data/train_canonical/search_0640.png,562.04,514.67,564.0,524.0,9.533650927110816,0.05305838584899902,True
641,finfet,data/train_canonical/ref_0641.png,data/train_canonical/search_0641.png,557.91,566.45,556.0,572.0,5.86946334855235,0.0467982292175293,True
642,finfet,data/train_canonical/ref_0642.png,data/train_canonical/search_0642.png,628.78,551.2,636.0,548.0,7.897366649713098,0.0388946533203125,True
643,dram,data/train_canonical/ref_0643.png,data/train_canonical/search_0643.png,398.92,536.58,396.0,540.0,4.496976762225908,0.04668450355529785,True
644,finfet,data/train_canonical/ref_0644.png,data/train_canonical/search_0644.png,491.24,400.46,492.0,404.0,3.620662922725634,0.04297757148742676,True
645,dram,data/train_canonical/ref_0645.png,data/train_canonical/search_0645.png,364.03,445.28,364.0,452.0,6.720066963952099,0.04510045051574707,True
646,finfet,data/train_canonical/ref_0646.png,data/train_canonical/search_0646.png,550.41,578.36,548.0,468.0,110.38631119844527,0.04193282127380371,True
647,finfet,data/train_canonical/ref_0647.png,data/train_canonical/search_0647.png,464.87,373.2,460.0,372.0,5.015665459338374,0.042801618576049805,True
648,dram,data/train_canonical/ref_0648.png,data/train_canonical/search_0648.png,523.14,432.23,692.0,436.0,168.90207962011598,0.04651331901550293,True
649,dram,data/train_canonical/ref_0649.png,data/train_canonical/search_0649.png,507.52,572.5,508.0,284.0,288.5003993064828,0.048139095306396484,True
650,dram,data/train_canonical/ref_0650.png,data/train_canonical/search_0650.png,371.75,402.96,372.0,404.0,1.0696261028976632,0.04565763473510742,True
651,dram,data/train_canonical/ref_0651.png,data/train_canonical/search_0651.png,619.11,462.24,620.0,468.0,5.828353112157831,0.04799151420593262,True
652,dram,data/train_canonical/ref_0652.png,data/train_canonical/search_0652.png,524.65,582.27,524.0,588.0,5.766749517709277,0.052002906799316406,True
653,finfet,data/train_canonical/ref_0653.png,data/train_canonical/search_0653.png,601.83,444.31,604.0,444.0,2.192031021678257,0.03964352607727051,True
654,finfet,data/train_canonical/ref_0654.png,data/train_canonical/search_0654.png,411.97,426.32,412.0,428.0,1.68026783579286,0.04326152801513672,True
655,dram,data/train_canonical/ref_0655.png,data/train_canonical/search_0655.png,509.98,552.34,508.0,556.0,4.161249812255909,0.049462318420410156,True
656,dram,data/train_canonical/ref_0656.png,data/train_canonical/search_0656.png,522.11,429.8,524.0,428.0,2.609999999999998,0.05164813995361328,True
657,finfet,data/train_canonical/ref_0657.png,data/train_canonical/search_0657.png,548.43,386.48,548.0,388.0,1.5796518603793375,0.05111241340637207,True
658,dram,data/train_canonical/ref_0658.png,data/train_canonical/search_0658.png,508.66,536.25,292.0,540.0,216.69245049147423,0.05530238151550293,True
659,finfet,data/train_canonical/ref_0659.png,data/train_canonical/search_0659.png,531.48,605.47,532.0,604.0,1.5592626462530492,0.11057448387145996,True
660,finfet,data/train_canonical/ref_0660.png,data/train_canonical/search_0660.png,510.58,536.38,516.0,540.0,6.517729666072397,0.04416394233703613,True
661,dram,data/train_canonical/ref_0661.png,data/train_canonical/search_0661.png,381.08,580.19,388.0,580.0,6.922607890094617,0.04573535919189453,True
662,finfet,data/train_canonical/ref_0662.png,data/train_canonical/search_0662.png,560.06,530.84,564.0,532.0,4.10721316710009,0.042778730392456055,True
663,dram,data/train_canonical/ref_0663.png,data/train_canonical/search_0663.png,416.21,484.63,420.0,484.0,3.8420046850570273,0.04664468765258789,True
664,finfet,data/train_canonical/ref_0664.png,data/train_canonical/search_0664.png,435.39,555.08,436.0,556.0,1.1038568747803954,0.04159855842590332,True
665,dram,data/train_canonical/ref_0665.png,data/train_canonical/search_0665.png,525.82,525.27,532.0,524.0,6.309144157490723,0.04365038871765137,True
666,finfet,data/train_canonical/ref_0666.png,data/train_canonical/search_0666.png,541.44,581.24,540.0,588.0,6.911671288480091,0.039212942123413086,True
667,finfet,data/train_canonical/ref_0667.png,data/train_canonical/search_0667.png,538.87,452.74,540.0,396.0,56.75125108753111,0.04414868354797363,True
668,dram,data/train_canonical/ref_0668.png,data/train_canonical/search_0668.png,609.8,619.21,612.0,620.0,2.337541443482905,0.04416990280151367,True
669,dram,data/train_canonical/ref_0669.png,data/train_canonical/search_0669.png,390.55,544.51,396.0,540.0,7.074079445411947,0.05357170104980469,True
670,finfet,data/train_canonical/ref_0670.png,data/train_canonical/search_0670.png,457.67,384.65,460.0,388.0,4.080612699093125,0.0436398983001709,True
671,finfet,data/train_canonical/ref_0671.png,data/train_canonical/search_0671.png,432.45,573.5,436.0,580.0,7.406247362868734,0.04597926139831543,True
672,finfet,data/train_canonical/ref_0672.png,data/train_canonical/search_0672.png,512.37,413.47,516.0,412.0,3.91635034183614,0.046102046966552734,True
673,finfet,data/train_canonical/ref_0673.png,data/train_canonical/search_0673.png,445.38,398.47,444.0,396.0,2.829363886105872,0.04647374153137207,True
674,finfet,data/train_canonical/ref_0674.png,data/train_canonical/search_0674.png,384.55,629.2,388.0,628.0,3.6527386985657806,0.04433798789978027,True
675,finfet,data/train_canonical/ref_0675.png,data/train_canonical/search_0675.png,591.21,608.33,588.0,604.0,5.390083487294105,0.038951873779296875,True
676,finfet,data/train_canonical/ref_0676.png,data/train_canonical/search_0676.png,463.39,524.82,468.0,532.0,8.532555303073014,0.042402029037475586,True
677,dram,data/train_canonical/ref_0677.png,data/train_canonical/search_0677.png,449.31,461.46,452.0,460.0,3.060669861321199,0.044998884201049805,True
678,finfet,data/train_canonical/ref_0678.png,data/train_canonical/search_0678.png,417.81,400.7,420.0,404.0,3.960568141062601,0.04134082794189453,True
679,finfet,data/train_canonical/ref_0679.png,data/train_canonical/search_0679.png,471.96,373.42,476.0,372.0,4.282289107475138,0.04547929763793945,True
680,dram,data/train_canonical/ref_0680.png,data/train_canonical/search_0680.png,628.75,474.76,628.0,476.0,1.4491721774861752,0.0470578670501709,True
681,finfet,data/train_canonical/ref_0681.png,data/train_canonical/search_0681.png,568.5,370.74,572.0,372.0,3.7198924715641954,0.04804706573486328,True
682,finfet,data/train_canonical/ref_0682.png,data/train_canonical/search_0682.png,474.92,405.02,476.0,404.0,1.4855302083767696,0.046794891357421875,True
683,dram,data/train_canonical/ref_0683.png,data/train_canonical/search_0683.png,404.81,430.83,404.0,436.0,5.233067933822393,0.05102801322937012,True
684,finfet,data/train_canonical/ref_0684.png,data/train_canonical/search_0684.png,609.85,568.39,612.0,572.0,4.201737735746962,0.05020928382873535,True
685,dram,data/train_canonical/ref_0685.png,data/train_canonical/search_0685.png,393.02,373.76,396.0,380.0,6.9150560373723815,0.04787755012512207,True
686,finfet,data/train_canonical/ref_0686.png,data/train_canonical/search_0686.png,527.29,390.69,532.0,396.0,7.097901098212088,0.044042110443115234,True
687,finfet,data/train_canonical/ref_0687.png,data/train_canonical/search_0687.png,416.54,513.7,412.0,516.0,5.08936145307051,0.04648709297180176,True
688,finfet,data/train_canonical/ref_0688.png,data/train_canonical/search_0688.png,566.62,612.58,572.0,620.0,9.165195033385778,0.04724860191345215,True
689,dram,data/train_canonical/ref_0689.png,data/train_canonical/search_0689.png,444.36,429.7,452.0,428.0,7.826851218721342,0.04195976257324219,True
690,finfet,data/train_canonical/ref_0690.png,data/train_canonical/search_0690.png,580.93,423.24,572.0,268.0,155.49663179631898,0.043140411376953125,True
691,dram,data/train_canonical/ref_0691.png,data/train_canonical/search_0691.png,596.41,595.41,604.0,596.0,7.612896951883726,0.040891408920288086,True
692,finfet,data/train_canonical/ref_0692.png,data/train_canonical/search_0692.png,538.09,574.82,540.0,572.0,3.4059506749217845,0.046536922454833984,True
693,dram,data/train_canonical/ref_0693.png,data/train_canonical/search_0693.png,563.69,484.03,564.0,484.0,0.3114482300478918,0.0484006404876709,True
694,finfet,data/train_canonical/ref_0694.png,data/train_canonical/search_0694.png,512.77,491.97,508.0,740.0,248.0758629935609,0.036972761154174805,True
695,finfet,data/train_canonical/ref_0695.png,data/train_canonical/search_0695.png,439.12,543.51,436.0,548.0,5.467586304760092,0.04536867141723633,True
696,dram,data/train_canonical/ref_0696.png,data/train_canonical/search_0696.png,378.85,617.01,380.0,620.0,3.203529303752348,0.03984975814819336,True
697,finfet,data/train_canonical/ref_0697.png,data/train_canonical/search_0697.png,472.28,398.82,476.0,396.0,4.6680616962504,0.04082846641540527,True
698,finfet,data/train_canonical/ref_0698.png,data/train_canonical/search_0698.png,401.31,562.05,404.0,556.0,6.621072420688316,0.04372525215148926,True
699,finfet,data/train_canonical/ref_0699.png,data/train_canonical/search_0699.png,477.18,406.57,348.0,404.0,129.20556218677274,0.04329180717468262,True
700,dram,data/train_canonical/ref_0700.png,data/train_canonical/search_0700.png,476.86,589.54,476.0,588.0,1.7638594048279221,0.04679059982299805,True
701,dram,data/train_canonical/ref_0701.png,data/train_canonical/search_0701.png,499.49,502.64,500.0,500.0,2.6888101457707867,0.04505300521850586,True
702,dram,data/train_canonical/ref_0702.png,data/train_canonical/search_0702.png,517.66,516.87,516.0,516.0,1.874166481399105,0.047315120697021484,True
703,finfet,data/train_canonical/ref_0703.png,data/train_canonical/search_0703.png,598.83,621.85,604.0,452.0,169.92866562178378,0.04390549659729004,True
704,finfet,data/train_canonical/ref_0704.png,data/train_canonical/search_0704.png,422.78,614.66,420.0,620.0,6.0202989958971465,0.04728102684020996,True
705,finfet,data/train_canonical/ref_0705.png,data/train_canonical/search_0705.png,473.27,542.56,476.0,540.0,3.7425258850139995,0.04948616027832031,True
706,finfet,data/train_canonical/ref_0706.png,data/train_canonical/search_0706.png,633.12,438.99,636.0,436.0,4.151445531378201,0.0514218807220459,True
707,dram,data/train_canonical/ref_0707.png,data/train_canonical/search_0707.png,430.59,525.1,428.0,524.0,2.813911867845175,0.04564380645751953,True
708,finfet,data/train_canonical/ref_0708.png,data/train_canonical/search_0708.png,541.27,383.03,540.0,380.0,3.2853919096509303,0.04593300819396973,True
709,dram,data/train_canonical/ref_0709.png,data/train_canonical/search_0709.png,484.6,608.85,484.0,612.0,3.2066337489647747,0.04734301567077637,True
710,dram,data/train_canonical/ref_0710.png,data/train_canonical/search_0710.png,593.0,476.68,596.0,484.0,7.910903867447758,0.04862332344055176,True
711,finfet,data/train_canonical/ref_0711.png,data/train_canonical/search_0711.png,601.41,501.14,604.0,500.0,2.8297879779234583,0.043292999267578125,True
712,dram,data/train_canonical/ref_0712.png,data/train_canonical/search_0712.png,431.13,379.25,436.0,380.0,4.927413114403951,0.041046142578125,True
713,dram,data/train_canonical/ref_0713.png,data/train_canonical/search_0713.png,394.68,534.45,396.0,532.0,2.782966043630465,0.04675698280334473,True
714,finfet,data/train_canonical/ref_0714.png,data/train_canonical/search_0714.png,499.54,601.28,500.0,796.0,194.7205433435312,0.04428815841674805,True
715,finfet,data/train_canonical/ref_0715.png,data/train_canonical/search_0715.png,452.33,495.46,452.0,492.0,3.4757013680694504,0.04547572135925293,True
716,finfet,data/train_canonical/ref_0716.png,data/train_canonical/search_0716.png,388.12,519.28,388.0,524.0,4.7215251773129685,0.04204154014587402,True
717,finfet,data/train_canonical/ref_0717.png,data/train_canonical/search_0717.png,410.42,498.91,412.0,500.0,1.9195051445619766,0.05225968360900879,True
718,dram,data/train_canonical/ref_0718.png,data/train_canonical/search_0718.png,565.56,489.33,564.0,492.0,3.0923292192132315,0.04792618751525879,True
719,finfet,data/train_canonical/ref_0719.png,data/train_canonical/search_0719.png,616.64,439.03,620.0,444.0,5.999208281098462,0.04546713829040527,True
720,dram,data/train_canonical/ref_0720.png,data/train_canonical/search_0720.png,433.0,409.77,436.0,412.0,3.7380342427538142,0.049248695373535156,True
721,dram,data/train_canonical/ref_0721.png,data/train_canonical/search_0721.png,525.77,632.75,524.0,636.0,3.70072965778371,0.04470658302307129,True
722,dram,data/train_canonical/ref_0722.png,data/train_canonical/search_0722.png,380.66,526.04,380.0,524.0,2.1441082062246495,0.048874616622924805,True
723,dram,data/train_canonical/ref_0723.png,data/train_canonical/search_0723.png,497.04,524.22,500.0,524.0,2.9681644159311475,0.04858565330505371,True
724,finfet,data/train_canonical/ref_0724.png,data/train_canonical/search_0724.png,421.88,585.25,420.0,588.0,3.3312009846300152,0.03913307189941406,True
725,finfet,data/train_canonical/ref_0725.png,data/train_canonical/search_0725.png,448.98,418.43,452.0,420.0,3.4037185547574094,0.04381728172302246,True
726,finfet,data/train_canonical/ref_0726.png,data/train_canonical/search_0726.png,374.47,398.82,372.0,404.0,5.738754220211928,0.04364609718322754,True
727,finfet,data/train_canonical/ref_0727.png,data/train_canonical/search_0727.png,366.27,464.51,364.0,468.0,4.163291966701348,0.04193544387817383,True
728,finfet,data/train_canonical/ref_0728.png,data/train_canonical/search_0728.png,513.45,622.25,516.0,628.0,6.290071541723494,0.04548287391662598,True
729,dram,data/train_canonical/ref_0729.png,data/train_canonical/search_0729.png,435.7,555.26,436.0,556.0,0.7984985911070979,0.0450589656829834,True
730,dram,data/train_canonical/ref_0730.png,data/train_canonical/search_0730.png,375.52,603.83,372.0,484.0,119.88168876021062,0.04645204544067383,True
731,finfet,data/train_canonical/ref_0731.png,data/train_canonical/search_0731.png,533.39,562.56,532.0,564.0,2.001424492705163,0.054322242736816406,True
732,finfet,data/train_canonical/ref_0732.png,data/train_canonical/search_0732.png,633.96,615.37,636.0,620.0,5.05949602233264,0.0463254451751709,True
733,finfet,data/train_canonical/ref_0733.png,data/train_canonical/search_0733.png,399.66,437.63,404.0,436.0,4.63600043140634,0.044516801834106445,True
734,finfet,data/train_canonical/ref_0734.png,data/train_canonical/search_0734.png,489.18,386.22,492.0,388.0,3.334786349978041,0.044812917709350586,True
735,finfet,data/train_canonical/ref_0735.png,data/train_canonical/search_0735.png,592.09,523.41,596.0,524.0,3.95426352182044,0.04438447952270508,True
736,dram,data/train_canonical/ref_0736.png,data/train_canonical/search_0736.png,546.09,501.76,756.0,500.0,209.9173782705948,0.04874587059020996,True
737,finfet,data/train_canonical/ref_0737.png,data/train_canonical/search_0737.png,580.97,437.78,580.0,436.0,2.027140843651461,0.043879032135009766,True
738,dram,data/train_canonical/ref_0738.png,data/train_canonical/search_0738.png,419.3,423.58,420.0,420.0,3.64779385382451,0.05312514305114746,True
739,dram,data/train_canonical/ref_0739.png,data/train_canonical/search_0739.png,403.34,574.37,404.0,580.0,5.668553607402861,0.048243045806884766,True
740,finfet,data/train_canonical/ref_0740.png,data/train_canonical/search_0740.png,594.81,595.93,596.0,596.0,1.1920570456149056,0.04525017738342285,True
741,dram,data/train_canonical/ref_0741.png,data/train_canonical/search_0741.png,461.04,480.91,460.0,484.0,3.2603220699801865,0.0451657772064209,True
742,finfet,data/train_canonical/ref_0742.png,data/train_canonical/search_0742.png,429.94,432.68,436.0,436.0,6.909848044638896,0.04295969009399414,True
743,dram,data/train_canonical/ref_0743.png,data/train_canonical/search_0743.png,378.88,504.99,380.0,500.0,5.11414704520706,0.04835772514343262,True
744,finfet,data/train_canonical/ref_0744.png,data/train_canonical/search_0744.png,453.27,391.4,452.0,396.0,4.772095975564633,0.04603242874145508,True
745,dram,data/train_canonical/ref_0745.png,data/train_canonical/search_0745.png,550.99,590.4,556.0,596.0,7.513993611921704,0.052310943603515625,True
746,dram,data/train_canonical/ref_0746.png,data/train_canonical/search_0746.png,478.61,384.35,484.0,388.0,6.509577559258334,0.045322418212890625,True
747,dram,data/train_canonical/ref_0747.png,data/train_canonical/search_0747.png,472.78,373.49,476.0,364.0,10.021402097511125,0.052109479904174805,True
748,finfet,data/train_canonical/ref_0748.png,data/train_canonical/search_0748.png,381.57,422.99,380.0,428.0,5.250238089839344,0.04933667182922363,True
749,finfet,data/train_canonical/ref_0749.png,data/train_canonical/search_0749.png,615.03,484.02,612.0,484.0,3.0300660058816926,0.0423738956451416,True
750,finfet,data/train_canonical/ref_0750.png,data/train_canonical/search_0750.png,410.73,577.9,420.0,396.0,182.1360560130805,0.04999423027038574,True
751,dram,data/train_canonical/ref_0751.png,data/train_canonical/search_0751.png,458.12,531.04,460.0,532.0,2.1109239683134144,0.050290822982788086,True
752,finfet,data/train_canonical/ref_0752.png,data/train_canonical/search_0752.png,436.51,537.65,436.0,540.0,2.404703723954387,0.04723310470581055,True
753,dram,data/train_canonical/ref_0753.png,data/train_canonical/search_0753.png,504.83,413.31,508.0,420.0,7.4030399161425615,0.04528617858886719,True
754,dram,data/train_canonical/ref_0754.png,data/train_canonical/search_0754.png,562.19,570.05,564.0,572.0,2.6605638500137485,0.04681801795959473,True
755,dram,data/train_canonical/ref_0755.png,data/train_canonical/search_0755.png,625.77,581.43,628.0,580.0,2.6491130591199648,0.04264640808105469,True
756,finfet,data/train_canonical/ref_0756.png,data/train_canonical/search_0756.png,545.79,515.57,548.0,516.0,2.251443981093049,0.0401461124420166,True
757,finfet,data/train_canonical/ref_0757.png,data/train_canonical/search_0757.png,502.03,397.42,500.0,396.0,2.4773574631045747,0.04666852951049805,True
758,dram,data/train_canonical/ref_0758.png,data/train_canonical/search_0758.png,419.72,564.89,420.0,564.0,0.9330058949438425,0.04229545593261719,True
759,dram,data/train_canonical/ref_0759.png,data/train_canonical/search_0759.png,538.3,583.4,540.0,588.0,4.904079934095728,0.04769706726074219,True
760,dram,data/train_canonical/ref_0760.png,data/train_canonical/search_0760.png,485.48,495.3,484.0,500.0,4.927514586482718,0.052008867263793945,True
761,dram,data/train_canonical/ref_0761.png,data/train_canonical/search_0761.png,631.37,529.88,636.0,524.0,7.484069748472412,0.04474139213562012,True
762,finfet,data/train_canonical/ref_0762.png,data/train_canonical/search_0762.png,449.17,382.13,452.0,380.0,3.542005081870986,0.04217934608459473,True
763,finfet,data/train_canonical/ref_0763.png,data/train_canonical/search_0763.png,419.34,420.73,420.0,420.0,0.9841239759298925,0.04472708702087402,True
764,finfet,data/train_canonical/ref_0764.png,data/train_canonical/search_0764.png,512.09,633.56,516.0,636.0,4.608871879321448,0.046327829360961914,True
765,finfet,data/train_canonical/ref_0765.png,data/train_canonical/search_0765.png,473.12,517.51,476.0,516.0,3.2518456297924025,0.04498291015625,True
766,finfet,data/train_canonical/ref_0766.png,data/train_canonical/search_0766.png,567.08,567.38,564.0,572.0,5.55254896421457,0.054894208908081055,True
767,finfet,data/train_canonical/ref_0767.png,data/train_canonical/search_0767.png,633.84,390.36,636.0,388.0,3.1992499120887583,0.06122088432312012,True
768,dram,data/train_canonical/ref_0768.png,data/train_canonical/search_0768.png,532.17,429.39,532.0,436.0,6.612185720319731,0.06213641166687012,True
769,dram,data/train_canonical/ref_0769.png,data/train_canonical/search_0769.png,505.06,532.53,508.0,236.0,296.54457422114467,0.05159139633178711,True
770,finfet,data/train_canonical/ref_0770.png,data/train_canonical/search_0770.png,564.79,546.94,572.0,548.0,7.287503001714676,0.040010929107666016,True
771,finfet,data/train_canonical/ref_0771.png,data/train_canonical/search_0771.png,530.62,538.81,532.0,540.0,1.8222239159884048,0.04644370079040527,True
772,dram,data/train_canonical/ref_0772.png,data/train_canonical/search_0772.png,554.06,582.98,556.0,580.0,3.5558402663787247,0.04811429977416992,True
773,finfet,data/train_canonical/ref_0773.png,data/train_canonical/search_0773.png,393.54,621.9,396.0,628.0,6.577355091524265,0.04790997505187988,True
774,dram,data/train_canonical/ref_0774.png,data/train_canonical/search_0774.png,562.41,482.3,556.0,212.0,270.37599394176993,0.043711185455322266,True
775,dram,data/train_canonical/ref_0775.png,data/train_canonical/search_0775.png,514.76,596.54,516.0,604.0,7.5623541308246445,0.04834342002868652,True
776,finfet,data/train_canonical/ref_0776.png,data/train_canonical/search_0776.png,428.87,511.06,436.0,508.0,7.758898117645311,0.04653048515319824,True
777,dram,data/train_canonical/ref_0777.png,data/train_canonical/search_0777.png,487.41,610.88,484.0,612.0,3.589219970968648,0.05971336364746094,True
778,dram,data/train_canonical/ref_0778.png,data/train_canonical/search_0778.png,529.58,387.97,532.0,388.0,2.420185943269608,0.04085659980773926,True
779,dram,data/train_canonical/ref_0779.png,data/train_canonical/search_0779.png,553.04,443.04,556.0,444.0,3.1117840542043043,0.04121208190917969,True
780,dram,data/train_canonical/ref_0780.png,data/train_canonical/search_0780.png,411.47,490.48,420.0,492.0,8.664369567371851,0.04772019386291504,True
781,dram,data/train_canonical/ref_0781.png,data/train_canonical/search_0781.png,509.76,451.08,516.0,452.0,6.30745590551374,0.04800677299499512,True
782,dram,data/train_canonical/ref_0782.png,data/train_canonical/search_0782.png,526.86,382.86,532.0,380.0,5.88210846550792,0.04246640205383301,True
783,dram,data/train_canonical/ref_0783.png,data/train_canonical/search_0783.png,618.15,509.9,620.0,516.0,6.3743627132443885,0.046393632888793945,True
784,dram,data/train_canonical/ref_0784.png,data/train_canonical/search_0784.png,604.84,415.78,612.0,420.0,8.31107694585965,0.04755425453186035,True
785,dram,data/train_canonical/ref_0785.png,data/train_canonical/search_0785.png,501.8,501.29,500.0,508.0,6.947236860795792,0.04018235206604004,True
786,dram,data/train_canonical/ref_0786.png,data/train_canonical/search_0786.png,485.3,530.57,492.0,532.0,6.850905049699616,0.03849029541015625,True
787,dram,data/train_canonical/ref_0787.png,data/train_canonical/search_0787.png,586.17,471.16,588.0,228.0,243.16688610910822,0.041426658630371094,True
788,dram,data/train_canonical/ref_0788.png,data/train_canonical/search_0788.png,428.15,552.11,428.0,556.0,3.892890956602803,0.039788007736206055,True
789,finfet,data/train_canonical/ref_0789.png,data/train_canonical/search_0789.png,487.11,491.73,492.0,492.0,4.897448315194338,0.041324615478515625,True
790,dram,data/train_canonical/ref_0790.png,data/train_canonical/search_0790.png,480.95,380.5,484.0,380.0,3.0907118921051295,0.044756412506103516,True
791,finfet,data/train_canonical/ref_0791.png,data/train_canonical/search_0791.png,440.78,466.68,444.0,580.0,113.36573909254946,0.0396878719329834,True
792,dram,data/train_canonical/ref_0792.png,data/train_canonical/search_0792.png,557.36,388.93,556.0,388.0,1.6475739740600572,0.04525876045227051,True
793,finfet,data/train_canonical/ref_0793.png,data/train_canonical/search_0793.png,513.32,587.73,516.0,588.0,2.693566409056907,0.04447793960571289,True
794,finfet,data/train_canonical/ref_0794.png,data/train_canonical/search_0794.png,516.7,589.0,516.0,588.0,1.2206555615733965,0.046180009841918945,True
795,finfet,data/train_canonical/ref_0795.png,data/train_canonical/search_0795.png,543.71,499.58,548.0,500.0,4.31051041061261,0.04617714881896973,True
796,dram,data/train_canonical/ref_0796.png,data/train_canonical/search_0796.png,616.01,483.13,620.0,484.0,4.083748278236562,0.04427742958068848,True
797,finfet,data/train_canonical/ref_0797.png,data/train_canonical/search_0797.png,537.15,530.17,532.0,532.0,5.465473447012611,0.03822469711303711,True
798,finfet,data/train_canonical/ref_0798.png,data/train_canonical/search_0798.png,602.9,368.55,604.0,372.0,3.6211186116999774,0.03985333442687988,True
799,dram,data/train_canonical/ref_0799.png,data/train_canonical/search_0799.png,562.4,632.22,564.0,636.0,4.104680255513195,0.04974675178527832,True
