pair_id,style,ref_path,search_path,gt_x,gt_y,pred_x,pred_y,error_px,time_sec,confident,n_candidates
0,dram,data/train_canonical/ref_0000.png,data/train_canonical/search_0000.png,520.14,496.05,520.0,496.0,0.14866068747317604,0.24409794807434082,True,4
1,dram,data/train_canonical/ref_0001.png,data/train_canonical/search_0001.png,479.7,610.69,479.5,595.5,15.191316598636265,0.25996971130371094,True,2
2,finfet,data/train_canonical/ref_0002.png,data/train_canonical/search_0002.png,425.37,476.78,425.5,476.5,0.30870698080863596,0.22002387046813965,True,9
3,dram,data/train_canonical/ref_0003.png,data/train_canonical/search_0003.png,631.44,575.43,527.5,575.5,103.9400235712885,0.19173288345336914,True,8
4,dram,data/train_canonical/ref_0004.png,data/train_canonical/search_0004.png,526.24,462.54,526.5,462.5,0.26305892875931225,0.20219779014587402,True,4
5,dram,data/train_canonical/ref_0005.png,data/train_canonical/search_0005.png,634.35,437.0,484.0,437.0,150.35000000000002,0.19854450225830078,True,6
6,finfet,data/train_canonical/ref_0006.png,data/train_canonical/search_0006.png,380.04,541.72,536.0,542.0,155.96025134629653,0.19283819198608398,False,9
7,dram,data/train_canonical/ref_0007.png,data/train_canonical/search_0007.png,498.09,569.26,498.0,569.0,0.2751363298439353,0.19736766815185547,True,5
8,dram,data/train_canonical/ref_0008.png,data/train_canonical/search_0008.png,402.47,588.98,402.5,589.5,0.520864665724197,0.19850707054138184,True,9
9,finfet,data/train_canonical/ref_0009.png,data/train_canonical/search_0009.png,474.45,495.78,474.5,495.5,0.284429253066533,0.2187807559967041,True,7
10,finfet,data/train_canonical/ref_0010.png,data/train_canonical/search_0010.png,611.35,440.72,585.5,440.5,25.850936153261475,0.16946768760681152,False,6
11,dram,data/train_canonical/ref_0011.png,data/train_canonical/search_0011.png,563.11,494.92,500.5,494.5,62.611408704803964,0.20233893394470215,True,4
12,finfet,data/train_canonical/ref_0012.png,data/train_canonical/search_0012.png,610.97,373.94,414.5,540.5,257.5707562981481,0.20615839958190918,True,10
13,finfet,data/train_canonical/ref_0013.png,data/train_canonical/search_0013.png,634.11,532.36,444.0,532.0,190.11034085498875,0.19818544387817383,True,10
14,finfet,data/train_canonical/ref_0014.png,data/train_canonical/search_0014.png,438.87,552.86,438.5,476.5,76.36089640647235,0.21413302421569824,False,8
15,dram,data/train_canonical/ref_0015.png,data/train_canonical/search_0015.png,385.98,617.81,544.5,555.5,170.32652905522377,0.21429228782653809,False,5
16,dram,data/train_canonical/ref_0016.png,data/train_canonical/search_0016.png,549.07,612.4,549.0,482.0,130.40001878834218,0.22046351432800293,True,1
17,dram,data/train_canonical/ref_0017.png,data/train_canonical/search_0017.png,413.21,602.46,413.5,602.5,0.29274562336610427,0.16908645629882812,True,5
18,dram,data/train_canonical/ref_0018.png,data/train_canonical/search_0018.png,540.49,525.3,540.5,525.5,0.2002498439450528,0.1702415943145752,True,5
19,finfet,data/train_canonical/ref_0019.png,data/train_canonical/search_0019.png,574.8,455.01,574.5,544.5,89.49050284806764,0.23373818397521973,True,7
20,finfet,data/train_canonical/ref_0020.png,data/train_canonical/search_0020.png,419.66,570.82,419.5,570.5,0.3577708764000223,0.21913456916809082,True,6
21,finfet,data/train_canonical/ref_0021.png,data/train_canonical/search_0021.png,385.01,455.45,533.0,527.0,164.37896033251945,0.24151825904846191,False,10
22,dram,data/train_canonical/ref_0022.png,data/train_canonical/search_0022.png,620.52,532.84,434.5,532.5,186.02031071901797,0.2079939842224121,True,5
23,dram,data/train_canonical/ref_0023.png,data/train_canonical/search_0023.png,379.11,570.82,479.0,574.0,99.94060486108735,0.2214345932006836,False,6
24,finfet,data/train_canonical/ref_0024.png,data/train_canonical/search_0024.png,476.38,447.0,476.0,447.0,0.37999999999999545,0.21879339218139648,True,7
25,dram,data/train_canonical/ref_0025.png,data/train_canonical/search_0025.png,408.69,460.39,408.5,517.5,57.110316055858085,0.2201700210571289,True,3
26,dram,data/train_canonical/ref_0026.png,data/train_canonical/search_0026.png,463.43,415.99,463.0,416.0,0.43011626335213793,0.2032167911529541,True,7
27,finfet,data/train_canonical/ref_0027.png,data/train_canonical/search_0027.png,565.25,473.21,565.5,473.5,0.38288379438154846,0.1920936107635498,True,11
28,finfet,data/train_canonical/ref_0028.png,data/train_canonical/search_0028.png,587.96,606.51,587.5,531.5,75.01141046534185,0.1768174171447754,False,11
29,finfet,data/train_canonical/ref_0029.png,data/train_canonical/search_0029.png,563.3,382.97,563.5,469.5,86.53023113340213,0.17846369743347168,False,10
30,dram,data/train_canonical/ref_0030.png,data/train_canonical/search_0030.png,517.73,475.45,517.5,475.5,0.23537204591881658,0.2275245189666748,True,3
31,finfet,data/train_canonical/ref_0031.png,data/train_canonical/search_0031.png,602.11,544.31,543.5,544.5,58.610307967114466,0.17142105102539062,True,12
32,finfet,data/train_canonical/ref_0032.png,data/train_canonical/search_0032.png,572.35,616.82,572.5,526.5,90.32012455704437,0.16305923461914062,False,9
33,dram,data/train_canonical/ref_0033.png,data/train_canonical/search_0033.png,582.99,372.11,582.5,529.5,157.39076275309168,0.17316246032714844,True,6
34,finfet,data/train_canonical/ref_0034.png,data/train_canonical/search_0034.png,611.73,586.54,402.0,416.0,270.31567564608605,0.1769397258758545,False,8
35,dram,data/train_canonical/ref_0035.png,data/train_canonical/search_0035.png,561.77,403.4,562.0,449.0,45.60058004017056,0.20799612998962402,True,4
36,finfet,data/train_canonical/ref_0036.png,data/train_canonical/search_0036.png,607.06,586.23,415.5,586.5,191.56019027971334,0.22235465049743652,True,9
37,finfet,data/train_canonical/ref_0037.png,data/train_canonical/search_0037.png,566.65,600.76,566.5,497.5,103.26010894822839,0.18465447425842285,True,7
38,finfet,data/train_canonical/ref_0038.png,data/train_canonical/search_0038.png,601.82,416.63,514.5,416.5,87.32009677044574,0.20933818817138672,True,12
39,finfet,data/train_canonical/ref_0039.png,data/train_canonical/search_0039.png,406.38,407.38,406.0,407.0,0.5374011537017697,0.21338891983032227,True,7
40,dram,data/train_canonical/ref_0040.png,data/train_canonical/search_0040.png,517.34,373.92,523.5,588.5,214.66840009652094,0.20911693572998047,True,7
41,finfet,data/train_canonical/ref_0041.png,data/train_canonical/search_0041.png,394.01,608.98,462.5,403.5,216.5938838009975,0.19088292121887207,True,11
42,finfet,data/train_canonical/ref_0042.png,data/train_canonical/search_0042.png,418.19,624.68,418.0,497.0,127.6801413689693,0.1911764144897461,False,7
43,dram,data/train_canonical/ref_0043.png,data/train_canonical/search_0043.png,459.98,559.48,459.5,559.5,0.48041648597858994,0.19419169425964355,True,3
44,dram,data/train_canonical/ref_0044.png,data/train_canonical/search_0044.png,614.57,608.98,491.0,538.0,142.50510622430346,0.21493315696716309,False,9
45,finfet,data/train_canonical/ref_0045.png,data/train_canonical/search_0045.png,587.86,456.94,587.5,456.5,0.5685068161420826,0.1748349666595459,True,12
46,dram,data/train_canonical/ref_0046.png,data/train_canonical/search_0046.png,475.58,453.2,475.5,511.5,58.300054888481895,0.21352505683898926,True,4
47,dram,data/train_canonical/ref_0047.png,data/train_canonical/search_0047.png,633.95,443.46,453.0,444.0,180.95080574565014,0.20388197898864746,True,4
48,dram,data/train_canonical/ref_0048.png,data/train_canonical/search_0048.png,369.55,413.45,406.5,413.5,36.95003382948383,0.20795011520385742,True,5
49,dram,data/train_canonical/ref_0049.png,data/train_canonical/search_0049.png,460.34,548.37,460.5,548.5,0.20615528128089958,0.21384525299072266,True,4
50,finfet,data/train_canonical/ref_0050.png,data/train_canonical/search_0050.png,615.47,532.05,539.5,532.5,75.97133275124246,0.19521117210388184,True,9
51,finfet,data/train_canonical/ref_0051.png,data/train_canonical/search_0051.png,539.98,423.82,540.0,424.0,0.1811077027627531,0.21259284019470215,True,7
52,dram,data/train_canonical/ref_0052.png,data/train_canonical/search_0052.png,470.16,496.51,470.0,497.0,0.5154609587544113,0.20750069618225098,True,4
53,finfet,data/train_canonical/ref_0053.png,data/train_canonical/search_0053.png,562.73,412.6,563.0,526.0,113.40032142811586,0.1926267147064209,True,6
54,dram,data/train_canonical/ref_0054.png,data/train_canonical/search_0054.png,404.46,598.75,568.5,597.5,164.04476248877927,0.1903836727142334,False,7
55,finfet,data/train_canonical/ref_0055.png,data/train_canonical/search_0055.png,457.61,372.33,457.5,480.5,108.17005593046535,0.19235491752624512,False,11
56,finfet,data/train_canonical/ref_0056.png,data/train_canonical/search_0056.png,514.63,560.52,514.5,560.5,0.1315294643796518,0.18879175186157227,True,8
57,dram,data/train_canonical/ref_0057.png,data/train_canonical/search_0057.png,579.75,388.25,579.5,488.5,100.25031172021362,0.18250513076782227,False,7
58,finfet,data/train_canonical/ref_0058.png,data/train_canonical/search_0058.png,562.65,602.62,562.5,516.5,86.12013063157765,0.20917367935180664,False,6
59,dram,data/train_canonical/ref_0059.png,data/train_canonical/search_0059.png,523.05,377.53,523.5,460.5,82.97122031162374,0.21265840530395508,False,8
60,finfet,data/train_canonical/ref_0060.png,data/train_canonical/search_0060.png,418.15,563.88,417.5,563.5,0.7529276193632207,0.1925060749053955,True,9
61,finfet,data/train_canonical/ref_0061.png,data/train_canonical/search_0061.png,619.62,485.43,539.5,485.5,80.12003057912547,0.2080540657043457,True,11
62,finfet,data/train_canonical/ref_0062.png,data/train_canonical/search_0062.png,431.41,395.67,431.5,504.5,108.8300372139971,0.20210790634155273,True,4
63,dram,data/train_canonical/ref_0063.png,data/train_canonical/search_0063.png,447.04,378.68,447.0,559.0,180.32000443655716,0.19319701194763184,True,6
64,dram,data/train_canonical/ref_0064.png,data/train_canonical/search_0064.png,489.05,463.49,488.5,534.5,71.01212994974871,0.15034079551696777,True,4
65,finfet,data/train_canonical/ref_0065.png,data/train_canonical/search_0065.png,368.98,439.23,499.0,547.0,168.87739132281737,0.19782471656799316,True,10
66,finfet,data/train_canonical/ref_0066.png,data/train_canonical/search_0066.png,389.88,556.8,548.5,556.5,158.62028369663193,0.19925880432128906,True,7
67,finfet,data/train_canonical/ref_0067.png,data/train_canonical/search_0067.png,520.71,515.11,520.5,515.5,0.44294469180700724,0.21276211738586426,True,10
68,finfet,data/train_canonical/ref_0068.png,data/train_canonical/search_0068.png,418.14,555.53,418.5,490.5,65.03099645553647,0.17856645584106445,True,9
69,dram,data/train_canonical/ref_0069.png,data/train_canonical/search_0069.png,415.05,470.14,512.0,470.0,96.95010108297978,0.18953824043273926,False,3
70,finfet,data/train_canonical/ref_0070.png,data/train_canonical/search_0070.png,513.64,602.47,513.5,492.5,109.97008911517716,0.21771931648254395,False,6
71,finfet,data/train_canonical/ref_0071.png,data/train_canonical/search_0071.png,529.69,503.77,529.5,503.5,0.3301514803844001,0.19481158256530762,True,10
72,dram,data/train_canonical/ref_0072.png,data/train_canonical/search_0072.png,614.75,532.93,467.0,533.0,147.75001658206338,0.20144271850585938,False,2
73,finfet,data/train_canonical/ref_0073.png,data/train_canonical/search_0073.png,410.22,433.38,410.5,433.5,0.30463092423453303,0.16519594192504883,True,7
74,dram,data/train_canonical/ref_0074.png,data/train_canonical/search_0074.png,520.63,560.27,520.5,560.5,0.2641968962724717,0.21372032165527344,True,7
75,finfet,data/train_canonical/ref_0075.png,data/train_canonical/search_0075.png,425.23,541.05,425.5,487.5,53.55068066794291,0.17016100883483887,True,7
76,dram,data/train_canonical/ref_0076.png,data/train_canonical/search_0076.png,485.34,451.91,485.0,452.0,0.35171010790134893,0.19776654243469238,True,3
77,dram,data/train_canonical/ref_0077.png,data/train_canonical/search_0077.png,608.76,508.3,460.5,508.5,148.2601348980905,0.1999969482421875,True,6
78,dram,data/train_canonical/ref_0078.png,data/train_canonical/search_0078.png,476.84,391.63,476.5,492.5,100.87057301314393,0.19316506385803223,True,6
79,finfet,data/train_canonical/ref_0079.png,data/train_canonical/search_0079.png,379.78,500.22,542.0,500.0,162.22014918005718,0.1958329677581787,True,6
80,finfet,data/train_canonical/ref_0080.png,data/train_canonical/search_0080.png,560.27,523.4,560.5,523.5,0.2507987240797148,0.2214207649230957,True,8
81,finfet,data/train_canonical/ref_0081.png,data/train_canonical/search_0081.png,408.09,629.91,408.0,515.0,114.91003524496888,0.20473313331604004,False,6
82,finfet,data/train_canonical/ref_0082.png,data/train_canonical/search_0082.png,397.54,606.65,397.5,506.5,100.15000798801763,0.19168925285339355,True,14
83,finfet,data/train_canonical/ref_0083.png,data/train_canonical/search_0083.png,469.72,498.18,469.5,498.5,0.3883297567789618,0.20148086547851562,True,6
84,finfet,data/train_canonical/ref_0084.png,data/train_canonical/search_0084.png,555.2,618.0,555.5,483.5,134.5003345720746,0.20963072776794434,False,8
85,finfet,data/train_canonical/ref_0085.png,data/train_canonical/search_0085.png,541.88,394.39,541.5,519.5,125.11057709082795,0.20232701301574707,True,14
86,finfet,data/train_canonical/ref_0086.png,data/train_canonical/search_0086.png,426.28,624.92,426.5,502.5,122.42019767995798,0.18817687034606934,False,11
87,finfet,data/train_canonical/ref_0087.png,data/train_canonical/search_0087.png,434.26,501.15,434.5,501.5,0.42438190347848276,0.20743989944458008,True,9
88,dram,data/train_canonical/ref_0088.png,data/train_canonical/search_0088.png,554.68,548.51,554.5,548.5,0.18027756377314902,0.21065425872802734,True,8
89,dram,data/train_canonical/ref_0089.png,data/train_canonical/search_0089.png,495.38,511.54,495.0,511.0,0.6603029607687813,0.19199800491333008,False,3
90,finfet,data/train_canonical/ref_0090.png,data/train_canonical/search_0090.png,540.08,572.77,540.5,467.5,105.27083784220584,0.19931387901306152,True,7
91,finfet,data/train_canonical/ref_0091.png,data/train_canonical/search_0091.png,606.39,599.51,497.0,535.0,126.99492982005225,0.2015674114227295,True,11
92,finfet,data/train_canonical/ref_0092.png,data/train_canonical/search_0092.png,619.77,583.65,426.5,516.5,204.60306791443767,0.1996593475341797,True,7
93,finfet,data/train_canonical/ref_0093.png,data/train_canonical/search_0093.png,386.4,580.9,550.5,484.5,190.32017759554557,0.1908867359161377,True,7
94,dram,data/train_canonical/ref_0094.png,data/train_canonical/search_0094.png,529.5,572.11,529.5,572.5,0.38999999999998636,0.21109652519226074,True,6
95,finfet,data/train_canonical/ref_0095.png,data/train_canonical/search_0095.png,630.29,436.79,477.0,468.0,156.43493279955084,0.1719353199005127,False,9
96,finfet,data/train_canonical/ref_0096.png,data/train_canonical/search_0096.png,405.96,521.48,405.5,521.5,0.46043457732883225,0.1548302173614502,True,10
97,dram,data/train_canonical/ref_0097.png,data/train_canonical/search_0097.png,513.9,364.33,513.5,520.5,156.17051226143815,0.19834327697753906,True,11
98,finfet,data/train_canonical/ref_0098.png,data/train_canonical/search_0098.png,499.4,529.2,498.5,565.5,36.31115531073057,0.19742822647094727,True,10
99,finfet,data/train_canonical/ref_0099.png,data/train_canonical/search_0099.png,427.01,369.85,427.5,501.5,131.65091188442256,0.19136595726013184,True,6
100,finfet,data/train_canonical/ref_0100.png,data/train_canonical/search_0100.png,594.24,628.03,594.5,477.5,150.5302245397913,0.19258475303649902,False,10
101,finfet,data/train_canonical/ref_0101.png,data/train_canonical/search_0101.png,403.15,523.78,403.5,523.5,0.4482186966203001,0.21758651733398438,True,10
102,dram,data/train_canonical/ref_0102.png,data/train_canonical/search_0102.png,577.26,545.15,577.5,545.5,0.42438190347848276,0.21141958236694336,False,8
103,dram,data/train_canonical/ref_0103.png,data/train_canonical/search_0103.png,509.14,442.47,509.5,442.5,0.3612478373637802,0.19631052017211914,True,5
104,finfet,data/train_canonical/ref_0104.png,data/train_canonical/search_0104.png,533.59,569.33,533.5,569.5,0.19235384061669217,0.19014596939086914,True,7
105,dram,data/train_canonical/ref_0105.png,data/train_canonical/search_0105.png,611.87,626.9,495.5,483.5,184.67684451495265,0.19246339797973633,False,7
106,dram,data/train_canonical/ref_0106.png,data/train_canonical/search_0106.png,616.58,399.84,501.0,400.0,115.58011074575076,0.19493627548217773,True,5
107,dram,data/train_canonical/ref_0107.png,data/train_canonical/search_0107.png,507.47,624.02,507.5,507.5,116.52000386199785,0.20162439346313477,True,4
108,dram,data/train_canonical/ref_0108.png,data/train_canonical/search_0108.png,594.97,397.67,453.5,398.5,141.47243477087687,0.19705748558044434,True,9
109,dram,data/train_canonical/ref_0109.png,data/train_canonical/search_0109.png,482.05,406.93,492.5,406.5,10.458843148264522,0.2177729606628418,True,10
110,dram,data/train_canonical/ref_0110.png,data/train_canonical/search_0110.png,499.99,587.78,499.5,587.5,0.5643580423808928,0.1689302921295166,True,6
111,dram,data/train_canonical/ref_0111.png,data/train_canonical/search_0111.png,523.75,455.33,524.0,455.0,0.4140048308896763,0.15477204322814941,True,5
112,finfet,data/train_canonical/ref_0112.png,data/train_canonical/search_0112.png,598.33,489.15,597.5,489.5,0.9007774419911302,0.1898794174194336,True,13
113,dram,data/train_canonical/ref_0113.png,data/train_canonical/search_0113.png,491.42,525.89,491.5,525.5,0.3981205847478711,0.19916200637817383,True,9
114,finfet,data/train_canonical/ref_0114.png,data/train_canonical/search_0114.png,562.12,509.75,562.5,509.5,0.4548626166217625,0.19370317459106445,True,9
115,dram,data/train_canonical/ref_0115.png,data/train_canonical/search_0115.png,613.44,472.17,512.5,471.5,100.942223573686,0.22610831260681152,True,6
116,finfet,data/train_canonical/ref_0116.png,data/train_canonical/search_0116.png,524.84,595.32,524.5,595.5,0.38470768123343163,0.20772480964660645,True,8
117,finfet,data/train_canonical/ref_0117.png,data/train_canonical/search_0117.png,376.18,515.92,519.5,515.5,143.32061540476303,0.20257115364074707,False,9
118,finfet,data/train_canonical/ref_0118.png,data/train_canonical/search_0118.png,456.31,507.69,456.0,508.0,0.4384062043356627,0.18546319007873535,True,12
119,dram,data/train_canonical/ref_0119.png,data/train_canonical/search_0119.png,631.28,391.57,451.5,439.5,186.05948860512328,0.18678522109985352,False,4
120,finfet,data/train_canonical/ref_0120.png,data/train_canonical/search_0120.png,386.61,539.02,481.5,539.5,94.89121402954015,0.1989741325378418,False,6
121,dram,data/train_canonical/ref_0121.png,data/train_canonical/search_0121.png,590.47,453.72,590.5,453.5,0.2220360331117685,0.1719963550567627,True,5
122,finfet,data/train_canonical/ref_0122.png,data/train_canonical/search_0122.png,378.79,597.84,512.5,445.5,202.69642251406412,0.1909792423248291,True,11
123,finfet,data/train_canonical/ref_0123.png,data/train_canonical/search_0123.png,590.48,616.2,590.5,482.5,133.70000149588637,0.22703886032104492,False,7
124,dram,data/train_canonical/ref_0124.png,data/train_canonical/search_0124.png,437.84,412.56,437.5,412.5,0.34525353003261716,0.22605633735656738,True,6
125,dram,data/train_canonical/ref_0125.png,data/train_canonical/search_0125.png,381.0,398.97,551.5,490.5,193.51483379834218,0.2104053497314453,False,7
126,dram,data/train_canonical/ref_0126.png,data/train_canonical/search_0126.png,409.06,451.28,549.5,451.5,140.4401723154739,0.22097063064575195,True,4
127,finfet,data/train_canonical/ref_0127.png,data/train_canonical/search_0127.png,601.66,537.09,601.5,485.5,51.59024810950228,0.20297765731811523,True,11
128,dram,data/train_canonical/ref_0128.png,data/train_canonical/search_0128.png,404.54,477.21,404.5,476.5,0.7111258679024217,0.1899433135986328,True,3
129,dram,data/train_canonical/ref_0129.png,data/train_canonical/search_0129.png,570.34,536.57,468.5,536.5,101.84002405734205,0.20532727241516113,False,7
130,finfet,data/train_canonical/ref_0130.png,data/train_canonical/search_0130.png,388.26,514.72,496.0,561.0,117.25931093094484,0.2392716407775879,True,6
131,finfet,data/train_canonical/ref_0131.png,data/train_canonical/search_0131.png,603.23,398.55,602.5,398.5,0.7317103251970877,0.2076418399810791,True,15
132,finfet,data/train_canonical/ref_0132.png,data/train_canonical/search_0132.png,468.59,478.41,468.5,478.5,0.1272792206135432,0.19239234924316406,True,10
133,dram,data/train_canonical/ref_0133.png,data/train_canonical/search_0133.png,518.85,581.05,518.5,577.5,3.567211796347351,0.19953179359436035,True,4
134,finfet,data/train_canonical/ref_0134.png,data/train_canonical/search_0134.png,611.61,506.66,591.5,506.5,20.11063648918155,0.19020915031433105,True,6
135,finfet,data/train_canonical/ref_0135.png,data/train_canonical/search_0135.png,605.39,539.6,514.5,539.5,90.89005501153576,0.18422245979309082,False,14
136,finfet,data/train_canonical/ref_0136.png,data/train_canonical/search_0136.png,541.49,455.89,541.0,456.0,0.5021951811796006,0.18703317642211914,True,7
137,dram,data/train_canonical/ref_0137.png,data/train_canonical/search_0137.png,462.18,579.0,462.5,578.5,0.5936328831862295,0.21913790702819824,True,5
138,finfet,data/train_canonical/ref_0138.png,data/train_canonical/search_0138.png,543.2,532.62,543.5,532.5,0.3231098884280297,0.21095561981201172,True,8
139,dram,data/train_canonical/ref_0139.png,data/train_canonical/search_0139.png,401.13,502.22,489.5,501.5,88.3729330734247,0.20309162139892578,True,4
140,dram,data/train_canonical/ref_0140.png,data/train_canonical/search_0140.png,382.17,497.53,476.5,497.5,94.33000477048644,0.2047116756439209,False,8
141,dram,data/train_canonical/ref_0141.png,data/train_canonical/search_0141.png,508.9,529.32,508.5,529.5,0.43863424398918494,0.19760847091674805,True,7
142,finfet,data/train_canonical/ref_0142.png,data/train_canonical/search_0142.png,414.68,616.31,415.0,491.0,125.3104085860388,0.1848294734954834,False,9
143,finfet,data/train_canonical/ref_0143.png,data/train_canonical/search_0143.png,481.09,421.55,480.5,421.5,0.5921148537234745,0.22612738609313965,True,6
144,finfet,data/train_canonical/ref_0144.png,data/train_canonical/search_0144.png,594.43,423.56,594.5,544.5,120.94002025797747,0.20918655395507812,True,10
145,dram,data/train_canonical/ref_0145.png,data/train_canonical/search_0145.png,493.11,438.83,492.5,438.5,0.6935416353759926,0.2006378173828125,True,6
146,dram,data/train_canonical/ref_0146.png,data/train_canonical/search_0146.png,588.97,491.6,470.5,491.5,118.4700422047701,0.1689894199371338,False,9
147,finfet,data/train_canonical/ref_0147.png,data/train_canonical/search_0147.png,400.65,590.93,400.5,489.5,101.4301109138701,0.19373369216918945,True,11
148,dram,data/train_canonical/ref_0148.png,data/train_canonical/search_0148.png,375.13,468.38,531.0,468.0,155.87046320583,0.17453384399414062,True,5
149,finfet,data/train_canonical/ref_0149.png,data/train_canonical/search_0149.png,406.4,474.25,407.5,474.5,1.12805141726787,0.1913013458251953,True,6
150,dram,data/train_canonical/ref_0150.png,data/train_canonical/search_0150.png,507.2,573.77,507.0,574.0,0.3047950130825697,0.19480252265930176,True,6
151,finfet,data/train_canonical/ref_0151.png,data/train_canonical/search_0151.png,512.37,619.86,512.5,479.5,140.36006020232395,0.22976446151733398,False,7
152,dram,data/train_canonical/ref_0152.png,data/train_canonical/search_0152.png,459.11,409.11,518.5,409.5,59.39128050480136,0.21637558937072754,False,10
153,finfet,data/train_canonical/ref_0153.png,data/train_canonical/search_0153.png,601.75,551.71,467.5,551.5,134.25016424570958,0.19100356101989746,True,12
154,dram,data/train_canonical/ref_0154.png,data/train_canonical/search_0154.png,529.08,516.5,529.0,517.0,0.506359556046893,0.21825194358825684,True,10
155,dram,data/train_canonical/ref_0155.png,data/train_canonical/search_0155.png,470.53,580.73,526.5,580.5,55.97047257259852,0.20325899124145508,True,3
156,finfet,data/train_canonical/ref_0156.png,data/train_canonical/search_0156.png,451.68,525.16,451.5,525.5,0.3847076812334582,0.20582175254821777,False,7
157,dram,data/train_canonical/ref_0157.png,data/train_canonical/search_0157.png,417.15,367.0,417.0,455.0,88.00012784081623,0.20584797859191895,True,6
158,dram,data/train_canonical/ref_0158.png,data/train_canonical/search_0158.png,449.49,396.9,449.5,441.5,44.60000112107624,0.2256176471710205,True,3
159,finfet,data/train_canonical/ref_0159.png,data/train_canonical/search_0159.png,624.74,415.5,529.5,415.5,95.24000000000001,0.21185946464538574,True,8
160,dram,data/train_canonical/ref_0160.png,data/train_canonical/search_0160.png,598.33,461.99,598.0,514.0,52.01104690351848,0.19737815856933594,True,3
161,finfet,data/train_canonical/ref_0161.png,data/train_canonical/search_0161.png,522.65,507.38,523.0,507.0,0.5166236541235917,0.19989728927612305,False,9
162,dram,data/train_canonical/ref_0162.png,data/train_canonical/search_0162.png,568.81,373.51,568.5,473.5,99.99048054690007,0.21797442436218262,True,6
163,finfet,data/train_canonical/ref_0163.png,data/train_canonical/search_0163.png,589.87,500.32,589.5,500.5,0.41146081222882674,0.19709348678588867,True,9
164,finfet,data/train_canonical/ref_0164.png,data/train_canonical/search_0164.png,591.65,632.85,591.5,555.5,77.35014544265579,0.1913738250732422,False,7
165,dram,data/train_canonical/ref_0165.png,data/train_canonical/search_0165.png,625.84,565.21,444.5,564.5,181.34138992519058,0.2088320255279541,True,4
166,finfet,data/train_canonical/ref_0166.png,data/train_canonical/search_0166.png,599.78,499.43,454.5,499.5,145.28001686398576,0.20983242988586426,True,6
167,finfet,data/train_canonical/ref_0167.png,data/train_canonical/search_0167.png,397.74,507.84,460.0,508.0,62.26020558912409,0.1917259693145752,True,11
168,dram,data/train_canonical/ref_0168.png,data/train_canonical/search_0168.png,540.41,411.01,468.5,411.5,71.91166942854265,0.19027280807495117,True,9
169,dram,data/train_canonical/ref_0169.png,data/train_canonical/search_0169.png,552.72,380.02,552.5,520.5,140.4801722664092,0.20146727561950684,True,8
170,finfet,data/train_canonical/ref_0170.png,data/train_canonical/search_0170.png,474.25,535.21,474.5,535.5,0.3828837943815054,0.16802334785461426,True,9
171,finfet,data/train_canonical/ref_0171.png,data/train_canonical/search_0171.png,555.82,418.47,555.5,418.5,0.3214031735998112,0.1705484390258789,True,4
172,finfet,data/train_canonical/ref_0172.png,data/train_canonical/search_0172.png,435.33,479.79,435.5,479.5,0.3361547262794579,0.20409083366394043,True,9
173,finfet,data/train_canonical/ref_0173.png,data/train_canonical/search_0173.png,367.45,521.75,445.0,522.0,77.55040296478157,0.17670249938964844,False,10
174,finfet,data/train_canonical/ref_0174.png,data/train_canonical/search_0174.png,484.28,425.48,483.5,495.5,70.0243443382371,0.19847631454467773,True,6
175,finfet,data/train_canonical/ref_0175.png,data/train_canonical/search_0175.png,529.46,538.61,529.5,538.5,0.11704699910719664,0.15561842918395996,True,4
176,finfet,data/train_canonical/ref_0176.png,data/train_canonical/search_0176.png,404.84,496.86,404.5,496.5,0.49517673612559066,0.19634199142456055,True,4
177,finfet,data/train_canonical/ref_0177.png,data/train_canonical/search_0177.png,520.67,607.52,521.0,476.0,131.5204140048228,0.18826675415039062,True,9
178,finfet,data/train_canonical/ref_0178.png,data/train_canonical/search_0178.png,598.08,575.43,598.0,502.0,73.43004357890572,0.18738579750061035,True,10
179,dram,data/train_canonical/ref_0179.png,data/train_canonical/search_0179.png,384.26,602.86,515.5,602.5,131.24049375097613,0.20055341720581055,False,7
180,dram,data/train_canonical/ref_0180.png,data/train_canonical/search_0180.png,615.37,547.28,593.5,547.5,21.871106510645507,0.20450901985168457,True,7
181,finfet,data/train_canonical/ref_0181.png,data/train_canonical/search_0181.png,415.58,420.97,415.5,493.5,72.53004411966117,0.19467782974243164,True,9
182,dram,data/train_canonical/ref_0182.png,data/train_canonical/search_0182.png,569.56,393.33,569.5,533.5,140.17001284154898,0.20717954635620117,True,5
183,dram,data/train_canonical/ref_0183.png,data/train_canonical/search_0183.png,599.59,563.42,600.0,563.0,0.5869412236331161,0.19588065147399902,True,7
184,finfet,data/train_canonical/ref_0184.png,data/train_canonical/search_0184.png,493.21,434.73,493.5,493.5,58.770715496750576,0.20157098770141602,True,6
185,dram,data/train_canonical/ref_0185.png,data/train_canonical/search_0185.png,587.63,581.81,587.5,582.5,0.7021395872617311,0.21389150619506836,True,3
186,dram,data/train_canonical/ref_0186.png,data/train_canonical/search_0186.png,479.84,464.76,480.0,465.0,0.2884441020371406,0.19878101348876953,True,6
187,finfet,data/train_canonical/ref_0187.png,data/train_canonical/search_0187.png,527.24,378.86,527.5,519.5,140.640240329715,0.20450496673583984,False,10
188,dram,data/train_canonical/ref_0188.png,data/train_canonical/search_0188.png,537.4,551.31,537.5,551.5,0.21470910553589775,0.19567275047302246,True,2
189,dram,data/train_canonical/ref_0189.png,data/train_canonical/search_0189.png,428.86,580.53,429.0,580.0,0.5481788029465999,0.19568896293640137,True,8
190,dram,data/train_canonical/ref_0190.png,data/train_canonical/search_0190.png,455.05,562.81,455.5,562.5,0.5464430436925297,0.19231295585632324,True,4
191,finfet,data/train_canonical/ref_0191.png,data/train_canonical/search_0191.png,530.7,534.59,531.5,534.5,0.8050465825031078,0.18995904922485352,True,4
192,dram,data/train_canonical/ref_0192.png,data/train_canonical/search_0192.png,561.03,561.67,561.5,561.5,0.4997999599840037,0.21297574043273926,True,4
193,finfet,data/train_canonical/ref_0193.png,data/train_canonical/search_0193.png,521.06,549.6,521.0,524.0,25.600070312403464,0.19544124603271484,False,6
194,dram,data/train_canonical/ref_0194.png,data/train_canonical/search_0194.png,456.82,455.28,456.5,455.5,0.3883297567789618,0.21142292022705078,True,2
195,dram,data/train_canonical/ref_0195.png,data/train_canonical/search_0195.png,439.5,395.47,439.0,490.0,94.53132232228636,0.21249866485595703,True,5
196,finfet,data/train_canonical/ref_0196.png,data/train_canonical/search_0196.png,441.19,608.96,441.5,477.5,131.46036550991332,0.17211198806762695,True,10
197,dram,data/train_canonical/ref_0197.png,data/train_canonical/search_0197.png,429.24,596.26,429.5,596.5,0.3538361202590822,0.1601111888885498,True,7
198,finfet,data/train_canonical/ref_0198.png,data/train_canonical/search_0198.png,576.37,410.7,576.5,410.5,0.23853720883751925,0.20116686820983887,True,9
199,dram,data/train_canonical/ref_0199.png,data/train_canonical/search_0199.png,584.46,432.3,584.5,432.5,0.20396078054369313,0.2017369270324707,True,3
200,dram,data/train_canonical/ref_0200.png,data/train_canonical/search_0200.png,465.4,595.04,465.5,538.5,56.54008843289862,0.19259095191955566,False,13
201,finfet,data/train_canonical/ref_0201.png,data/train_canonical/search_0201.png,397.92,576.0,534.5,505.5,153.70213531372943,0.2145557403564453,False,8
202,finfet,data/train_canonical/ref_0202.png,data/train_canonical/search_0202.png,568.19,548.55,568.5,548.5,0.31400636936209053,0.221299409866333,True,9
203,dram,data/train_canonical/ref_0203.png,data/train_canonical/search_0203.png,480.98,598.61,481.0,526.0,72.6100027544415,0.17288994789123535,False,4
204,dram,data/train_canonical/ref_0204.png,data/train_canonical/search_0204.png,408.2,503.11,408.5,503.5,0.4920365840056979,0.20708155632019043,True,7
205,dram,data/train_canonical/ref_0205.png,data/train_canonical/search_0205.png,583.46,484.53,583.5,484.5,0.049999999999954525,0.20604157447814941,True,3
206,finfet,data/train_canonical/ref_0206.png,data/train_canonical/search_0206.png,587.86,514.49,588.0,514.0,0.5096076922496413,0.23305630683898926,True,8
207,dram,data/train_canonical/ref_0207.png,data/train_canonical/search_0207.png,397.57,614.9,397.5,489.5,125.40001953747851,0.21341300010681152,False,11
208,dram,data/train_canonical/ref_0208.png,data/train_canonical/search_0208.png,486.36,484.13,486.0,484.0,0.382753184180104,0.19550275802612305,True,4
209,finfet,data/train_canonical/ref_0209.png,data/train_canonical/search_0209.png,496.46,380.0,496.5,527.5,147.5000054237287,0.20725178718566895,False,10
210,dram,data/train_canonical/ref_0210.png,data/train_canonical/search_0210.png,470.03,418.18,469.5,418.5,0.6191122676865374,0.19149231910705566,True,2
211,dram,data/train_canonical/ref_0211.png,data/train_canonical/search_0211.png,473.19,428.08,473.0,555.0,126.9201422154892,0.19719505310058594,False,6
212,dram,data/train_canonical/ref_0212.png,data/train_canonical/search_0212.png,572.41,523.87,572.5,523.5,0.3807886552932074,0.16753816604614258,False,6
213,finfet,data/train_canonical/ref_0213.png,data/train_canonical/search_0213.png,456.06,517.28,456.5,517.5,0.4919349550499639,0.1945333480834961,True,10
214,dram,data/train_canonical/ref_0214.png,data/train_canonical/search_0214.png,519.86,548.82,520.5,548.5,0.7155417527999429,0.19309568405151367,True,3
215,dram,data/train_canonical/ref_0215.png,data/train_canonical/search_0215.png,467.32,604.1,467.5,477.5,126.60012796202066,0.221970796585083,True,4
216,dram,data/train_canonical/ref_0216.png,data/train_canonical/search_0216.png,419.45,606.85,419.5,473.5,133.35000937382796,0.2062680721282959,False,7
217,dram,data/train_canonical/ref_0217.png,data/train_canonical/search_0217.png,405.75,441.12,406.0,441.0,0.27730849247724293,0.1978466510772705,True,6
218,finfet,data/train_canonical/ref_0218.png,data/train_canonical/search_0218.png,381.38,403.43,522.5,403.5,141.12001736111003,0.20073819160461426,True,11
219,finfet,data/train_canonical/ref_0219.png,data/train_canonical/search_0219.png,540.53,411.45,540.5,478.5,67.05000671140907,0.19610118865966797,True,7
220,finfet,data/train_canonical/ref_0220.png,data/train_canonical/search_0220.png,484.57,622.2,484.5,523.5,98.70002482269196,0.1967477798461914,True,5
221,dram,data/train_canonical/ref_0221.png,data/train_canonical/search_0221.png,417.6,371.44,418.0,526.0,154.560517597477,0.19649744033813477,False,9
222,dram,data/train_canonical/ref_0222.png,data/train_canonical/search_0222.png,574.86,485.93,588.0,486.0,13.140186452254003,0.19700884819030762,True,9
223,finfet,data/train_canonical/ref_0223.png,data/train_canonical/search_0223.png,368.41,455.65,532.5,455.5,164.09006855992226,0.19933629035949707,True,8
224,finfet,data/train_canonical/ref_0224.png,data/train_canonical/search_0224.png,448.09,554.13,448.0,483.0,71.13005693797805,0.19944524765014648,True,3
225,finfet,data/train_canonical/ref_0225.png,data/train_canonical/search_0225.png,389.27,411.75,495.5,411.5,106.23029417261351,0.19270777702331543,False,14
226,finfet,data/train_canonical/ref_0226.png,data/train_canonical/search_0226.png,459.72,400.07,459.5,527.5,127.43018990804337,0.20118355751037598,False,6
227,finfet,data/train_canonical/ref_0227.png,data/train_canonical/search_0227.png,499.82,400.41,499.5,400.5,0.33241540277187986,0.20682787895202637,True,7
228,dram,data/train_canonical/ref_0228.png,data/train_canonical/search_0228.png,612.52,525.46,525.0,525.0,87.52120885819618,0.19848990440368652,False,7
229,dram,data/train_canonical/ref_0229.png,data/train_canonical/search_0229.png,600.67,516.08,556.5,516.5,44.17199678529369,0.2014307975769043,True,8
230,dram,data/train_canonical/ref_0230.png,data/train_canonical/search_0230.png,368.08,390.31,569.5,531.5,245.97689424008917,0.2077028751373291,False,7
231,dram,data/train_canonical/ref_0231.png,data/train_canonical/search_0231.png,438.82,518.29,438.5,513.5,4.800677035585673,0.21166110038757324,False,7
232,dram,data/train_canonical/ref_0232.png,data/train_canonical/search_0232.png,484.64,564.7,484.5,564.5,0.24413111231470347,0.19054579734802246,True,4
233,dram,data/train_canonical/ref_0233.png,data/train_canonical/search_0233.png,385.89,560.53,513.0,561.0,127.11086892945073,0.19127488136291504,True,3
234,finfet,data/train_canonical/ref_0234.png,data/train_canonical/search_0234.png,422.32,623.86,422.5,498.5,125.36012922775727,0.20220255851745605,False,9
235,dram,data/train_canonical/ref_0235.png,data/train_canonical/search_0235.png,566.24,573.44,566.5,573.5,0.26683328128250555,0.20116257667541504,True,8
236,dram,data/train_canonical/ref_0236.png,data/train_canonical/search_0236.png,476.33,626.48,476.0,490.0,136.48039895897142,0.20358705520629883,True,2
237,finfet,data/train_canonical/ref_0237.png,data/train_canonical/search_0237.png,467.16,554.79,467.5,449.5,105.29054895858408,0.1884593963623047,True,6
238,dram,data/train_canonical/ref_0238.png,data/train_canonical/search_0238.png,476.92,388.59,476.5,484.5,95.91091960772769,0.22020673751831055,False,5
239,finfet,data/train_canonical/ref_0239.png,data/train_canonical/search_0239.png,433.95,369.01,434.5,538.5,169.49089238068223,0.20855259895324707,False,10
240,dram,data/train_canonical/ref_0240.png,data/train_canonical/search_0240.png,558.69,508.89,559.0,509.0,0.3289376840679237,0.19621801376342773,True,6
241,finfet,data/train_canonical/ref_0241.png,data/train_canonical/search_0241.png,623.3,540.22,468.5,540.5,154.80025322976698,0.18835091590881348,True,11
242,finfet,data/train_canonical/ref_0242.png,data/train_canonical/search_0242.png,474.07,548.56,474.0,464.0,84.56002897350491,0.20525598526000977,True,7
243,finfet,data/train_canonical/ref_0243.png,data/train_canonical/search_0243.png,393.22,546.15,469.5,490.5,94.42224790800097,0.19539546966552734,True,15
244,dram,data/train_canonical/ref_0244.png,data/train_canonical/search_0244.png,556.35,390.95,556.5,546.5,155.55007232399478,0.1740574836730957,True,5
245,dram,data/train_canonical/ref_0245.png,data/train_canonical/search_0245.png,382.46,434.7,571.5,434.5,189.0401057976852,0.21173930168151855,True,4
246,dram,data/train_canonical/ref_0246.png,data/train_canonical/search_0246.png,424.43,385.02,428.0,528.0,143.02456187662315,0.18875741958618164,False,3
247,finfet,data/train_canonical/ref_0247.png,data/train_canonical/search_0247.png,470.18,619.05,470.5,454.5,164.5503111513314,0.2286367416381836,True,11
248,finfet,data/train_canonical/ref_0248.png,data/train_canonical/search_0248.png,520.45,490.16,520.5,490.5,0.34365680554876027,0.17119383811950684,True,9
249,dram,data/train_canonical/ref_0249.png,data/train_canonical/search_0249.png,431.41,611.88,431.5,488.5,123.38003282541304,0.20313715934753418,False,7
250,dram,data/train_canonical/ref_0250.png,data/train_canonical/search_0250.png,608.44,560.58,521.0,561.0,87.44100868585637,0.21674180030822754,True,8
251,dram,data/train_canonical/ref_0251.png,data/train_canonical/search_0251.png,368.12,431.81,438.5,431.5,70.38068271905296,0.2098100185394287,True,5
252,dram,data/train_canonical/ref_0252.png,data/train_canonical/search_0252.png,545.57,564.05,545.5,564.5,0.45541190146948063,0.1992654800415039,True,4
253,finfet,data/train_canonical/ref_0253.png,data/train_canonical/search_0253.png,399.56,404.31,399.5,404.5,0.19924858845171126,0.20090389251708984,True,10
254,finfet,data/train_canonical/ref_0254.png,data/train_canonical/search_0254.png,404.23,542.88,404.0,543.0,0.25942243542147514,0.20345783233642578,True,11
255,finfet,data/train_canonical/ref_0255.png,data/train_canonical/search_0255.png,404.6,411.33,404.5,526.5,115.17004341407537,0.20095038414001465,True,8
256,dram,data/train_canonical/ref_0256.png,data/train_canonical/search_0256.png,573.13,528.97,573.0,529.0,0.13341664064125278,0.20566630363464355,True,1
257,dram,data/train_canonical/ref_0257.png,data/train_canonical/search_0257.png,373.1,496.96,515.5,496.5,142.40074297558982,0.2034595012664795,False,3
258,dram,data/train_canonical/ref_0258.png,data/train_canonical/search_0258.png,413.3,633.52,418.0,400.0,233.56729308702447,0.2239675521850586,True,4
259,finfet,data/train_canonical/ref_0259.png,data/train_canonical/search_0259.png,540.63,526.02,540.5,526.5,0.4972926703662706,0.21482181549072266,True,4
260,dram,data/train_canonical/ref_0260.png,data/train_canonical/search_0260.png,431.95,401.0,510.5,401.5,78.55159132697442,0.2093350887298584,False,5
261,finfet,data/train_canonical/ref_0261.png,data/train_canonical/search_0261.png,587.94,565.39,587.5,445.5,119.8908074040708,0.20432496070861816,True,10
262,dram,data/train_canonical/ref_0262.png,data/train_canonical/search_0262.png,479.7,551.5,479.5,551.5,0.19999999999998863,0.20792055130004883,True,5
263,dram,data/train_canonical/ref_0263.png,data/train_canonical/search_0263.png,609.19,506.64,483.5,506.5,125.69007796958364,0.18978571891784668,True,5
264,finfet,data/train_canonical/ref_0264.png,data/train_canonical/search_0264.png,565.46,393.58,566.0,496.0,102.42142354019497,0.16140365600585938,False,6
265,finfet,data/train_canonical/ref_0265.png,data/train_canonical/search_0265.png,483.46,443.69,483.0,497.0,53.31198458133031,0.19264698028564453,True,7
266,finfet,data/train_canonical/ref_0266.png,data/train_canonical/search_0266.png,631.42,433.72,505.5,433.5,125.92019218536791,0.20652389526367188,False,8
267,dram,data/train_canonical/ref_0267.png,data/train_canonical/search_0267.png,631.59,435.14,485.5,435.5,146.09044356151435,0.19283342361450195,True,6
268,finfet,data/train_canonical/ref_0268.png,data/train_canonical/search_0268.png,530.06,443.73,529.5,443.5,0.6053924347065689,0.22366714477539062,True,5
269,dram,data/train_canonical/ref_0269.png,data/train_canonical/search_0269.png,609.82,424.4,438.0,424.0,171.82046560290777,0.20374822616577148,True,3
270,dram,data/train_canonical/ref_0270.png,data/train_canonical/search_0270.png,437.88,491.67,438.5,491.5,0.6428841264178258,0.20070528984069824,True,4
271,dram,data/train_canonical/ref_0271.png,data/train_canonical/search_0271.png,524.44,506.84,524.0,507.0,0.46818799642884484,0.17440271377563477,True,5
272,dram,data/train_canonical/ref_0272.png,data/train_canonical/search_0272.png,586.74,607.35,586.5,427.5,179.85016013337327,0.2107529640197754,True,3
273,finfet,data/train_canonical/ref_0273.png,data/train_canonical/search_0273.png,403.33,377.1,403.5,460.5,83.4001732612109,0.2049572467803955,False,11
274,dram,data/train_canonical/ref_0274.png,data/train_canonical/search_0274.png,566.08,433.74,566.0,434.0,0.2720294101747122,0.18736052513122559,True,8
275,finfet,data/train_canonical/ref_0275.png,data/train_canonical/search_0275.png,616.51,469.35,469.5,469.5,147.0100765253865,0.23027300834655762,False,6
276,finfet,data/train_canonical/ref_0276.png,data/train_canonical/search_0276.png,474.39,609.33,474.5,526.5,82.83007304113649,0.20534706115722656,False,10
277,finfet,data/train_canonical/ref_0277.png,data/train_canonical/search_0277.png,448.71,386.17,449.5,498.5,112.33277794125807,0.20087933540344238,False,4
278,dram,data/train_canonical/ref_0278.png,data/train_canonical/search_0278.png,374.95,594.7,465.0,595.0,90.0504997209899,0.19483017921447754,True,7
279,dram,data/train_canonical/ref_0279.png,data/train_canonical/search_0279.png,567.31,614.39,567.0,470.0,144.39033277889484,0.21704816818237305,True,3
280,finfet,data/train_canonical/ref_0280.png,data/train_canonical/search_0280.png,404.08,607.82,490.5,498.5,139.35307244549728,0.2047426700592041,False,11
281,dram,data/train_canonical/ref_0281.png,data/train_canonical/search_0281.png,515.3,582.3,515.5,582.5,0.2828427124746833,0.19695758819580078,True,3
282,dram,data/train_canonical/ref_0282.png,data/train_canonical/search_0282.png,496.52,495.99,496.5,495.5,0.49040799340957747,0.20359206199645996,True,2
283,dram,data/train_canonical/ref_0283.png,data/train_canonical/search_0283.png,405.95,508.91,405.5,508.5,0.6087692502089854,0.1966242790222168,True,5
284,dram,data/train_canonical/ref_0284.png,data/train_canonical/search_0284.png,427.27,376.5,427.5,538.5,162.00016327152267,0.20517659187316895,True,6
285,dram,data/train_canonical/ref_0285.png,data/train_canonical/search_0285.png,502.69,473.88,502.5,474.5,0.6484597134749427,0.20383715629577637,True,3
286,dram,data/train_canonical/ref_0286.png,data/train_canonical/search_0286.png,580.38,400.65,580.5,462.5,61.85011641056145,0.20553851127624512,False,3
287,dram,data/train_canonical/ref_0287.png,data/train_canonical/search_0287.png,624.87,484.54,478.5,484.5,146.37000546560077,0.20307564735412598,True,5
288,dram,data/train_canonical/ref_0288.png,data/train_canonical/search_0288.png,459.95,594.24,459.5,594.5,0.5197114584074369,0.2134416103363037,True,3
289,finfet,data/train_canonical/ref_0289.png,data/train_canonical/search_0289.png,619.79,402.57,421.5,402.5,198.2900123556403,0.16336441040039062,True,8
290,finfet,data/train_canonical/ref_0290.png,data/train_canonical/search_0290.png,444.01,607.67,444.5,511.5,96.17124830218225,0.1591336727142334,False,10
291,dram,data/train_canonical/ref_0291.png,data/train_canonical/search_0291.png,574.05,571.15,479.5,571.5,94.55064780317474,0.2017526626586914,False,5
292,dram,data/train_canonical/ref_0292.png,data/train_canonical/search_0292.png,541.25,503.19,541.5,507.5,4.317244491570985,0.20358514785766602,False,6
293,dram,data/train_canonical/ref_0293.png,data/train_canonical/search_0293.png,594.42,587.38,594.5,587.5,0.14422205101858607,0.17495179176330566,True,4
294,dram,data/train_canonical/ref_0294.png,data/train_canonical/search_0294.png,509.31,383.05,509.0,483.0,99.95048073921404,0.20873403549194336,True,6
295,finfet,data/train_canonical/ref_0295.png,data/train_canonical/search_0295.png,544.92,537.67,544.5,537.5,0.4531004303683144,0.19930815696716309,True,6
296,dram,data/train_canonical/ref_0296.png,data/train_canonical/search_0296.png,384.11,556.01,473.5,555.5,89.39145484888361,0.19388985633850098,True,5
297,dram,data/train_canonical/ref_0297.png,data/train_canonical/search_0297.png,550.03,540.36,550.5,540.5,0.4904079934095914,0.19019484519958496,True,3
298,dram,data/train_canonical/ref_0298.png,data/train_canonical/search_0298.png,393.98,427.95,486.0,428.0,92.02001358400247,0.19891881942749023,True,5
299,dram,data/train_canonical/ref_0299.png,data/train_canonical/search_0299.png,497.17,494.31,497.0,494.0,0.35355339059328345,0.18975281715393066,True,3
300,finfet,data/train_canonical/ref_0300.png,data/train_canonical/search_0300.png,592.58,512.22,592.5,512.5,0.29120439557120575,0.1975536346435547,True,8
301,finfet,data/train_canonical/ref_0301.png,data/train_canonical/search_0301.png,470.61,516.86,470.5,517.5,0.6493843238021576,0.2074742317199707,True,10
302,dram,data/train_canonical/ref_0302.png,data/train_canonical/search_0302.png,376.47,379.8,496.5,468.5,149.24775006679326,0.20178937911987305,False,9
303,finfet,data/train_canonical/ref_0303.png,data/train_canonical/search_0303.png,524.52,458.9,525.0,459.0,0.4903060268852729,0.18671607971191406,True,12
304,finfet,data/train_canonical/ref_0304.png,data/train_canonical/search_0304.png,595.39,517.36,595.5,517.5,0.17804493814764624,0.20340776443481445,True,11
305,dram,data/train_canonical/ref_0305.png,data/train_canonical/search_0305.png,373.61,538.22,488.5,538.5,114.8903411954199,0.1964883804321289,True,8
306,dram,data/train_canonical/ref_0306.png,data/train_canonical/search_0306.png,489.52,584.7,489.5,584.5,0.20099751242246122,0.18564987182617188,True,4
307,dram,data/train_canonical/ref_0307.png,data/train_canonical/search_0307.png,432.73,550.06,432.5,549.5,0.6053924347065689,0.19708776473999023,True,3
308,dram,data/train_canonical/ref_0308.png,data/train_canonical/search_0308.png,553.8,427.31,553.5,427.5,0.3551056180912544,0.22410368919372559,True,7
309,finfet,data/train_canonical/ref_0309.png,data/train_canonical/search_0309.png,371.74,474.83,494.0,475.0,122.2601181906839,0.23958516120910645,True,8
310,dram,data/train_canonical/ref_0310.png,data/train_canonical/search_0310.png,463.51,570.45,464.0,570.0,0.6652818951392333,0.22553300857543945,True,4
311,finfet,data/train_canonical/ref_0311.png,data/train_canonical/search_0311.png,567.75,387.27,567.5,523.5,136.2302293912772,0.22917485237121582,False,9
312,dram,data/train_canonical/ref_0312.png,data/train_canonical/search_0312.png,609.81,522.85,519.5,523.5,90.31233913480477,0.21650218963623047,True,5
313,finfet,data/train_canonical/ref_0313.png,data/train_canonical/search_0313.png,451.82,425.6,451.5,425.5,0.3352610922848045,0.23851227760314941,True,6
314,dram,data/train_canonical/ref_0314.png,data/train_canonical/search_0314.png,454.31,383.11,454.0,533.0,149.89032056807403,0.2356128692626953,False,6
315,finfet,data/train_canonical/ref_0315.png,data/train_canonical/search_0315.png,515.74,532.16,515.5,532.5,0.4161730409337275,0.21316242218017578,True,7
316,finfet,data/train_canonical/ref_0316.png,data/train_canonical/search_0316.png,600.11,406.29,599.5,483.5,77.21240962436023,0.19518756866455078,True,6
317,dram,data/train_canonical/ref_0317.png,data/train_canonical/search_0317.png,365.22,532.32,543.0,532.0,177.78028799616675,0.20306706428527832,False,4
318,finfet,data/train_canonical/ref_0318.png,data/train_canonical/search_0318.png,590.8,407.45,591.0,478.0,70.55028348631919,0.17248988151550293,False,11
319,finfet,data/train_canonical/ref_0319.png,data/train_canonical/search_0319.png,425.06,483.98,424.5,483.5,0.7375635565834445,0.2110755443572998,True,7
320,dram,data/train_canonical/ref_0320.png,data/train_canonical/search_0320.png,474.55,401.2,475.0,401.0,0.49244289008979025,0.23479676246643066,True,7
321,finfet,data/train_canonical/ref_0321.png,data/train_canonical/search_0321.png,555.58,480.3,555.5,480.5,0.2154065922853848,0.22173762321472168,True,3
322,finfet,data/train_canonical/ref_0322.png,data/train_canonical/search_0322.png,373.7,582.04,444.0,582.0,70.30001137979994,0.22229838371276855,False,10
323,finfet,data/train_canonical/ref_0323.png,data/train_canonical/search_0323.png,529.46,511.56,529.0,502.0,9.57106054729569,0.20130133628845215,True,6
324,dram,data/train_canonical/ref_0324.png,data/train_canonical/search_0324.png,409.04,480.94,409.5,480.5,0.6365532185135655,0.2035541534423828,True,8
325,dram,data/train_canonical/ref_0325.png,data/train_canonical/search_0325.png,590.29,620.81,590.0,441.0,179.81023385780907,0.19843506813049316,True,6
326,dram,data/train_canonical/ref_0326.png,data/train_canonical/search_0326.png,519.12,462.93,519.0,531.0,68.0701057733863,0.19735932350158691,True,6
327,finfet,data/train_canonical/ref_0327.png,data/train_canonical/search_0327.png,559.45,562.79,559.0,503.0,59.79169340301373,0.18857955932617188,True,8
328,finfet,data/train_canonical/ref_0328.png,data/train_canonical/search_0328.png,368.6,369.91,483.5,517.5,187.04228960318036,0.19807791709899902,False,9
329,dram,data/train_canonical/ref_0329.png,data/train_canonical/search_0329.png,461.95,633.04,462.0,514.0,119.04001050067154,0.20875954627990723,True,4
330,dram,data/train_canonical/ref_0330.png,data/train_canonical/search_0330.png,374.53,610.65,474.5,444.5,193.90673892363822,0.20694947242736816,False,8
331,dram,data/train_canonical/ref_0331.png,data/train_canonical/search_0331.png,563.28,488.77,563.5,488.5,0.3482814953453631,0.1926882266998291,True,5
332,dram,data/train_canonical/ref_0332.png,data/train_canonical/search_0332.png,383.99,386.78,514.0,453.0,145.90301059265363,0.1930408477783203,False,8
333,finfet,data/train_canonical/ref_0333.png,data/train_canonical/search_0333.png,508.18,576.34,508.5,576.5,0.35777087639994604,0.19506549835205078,True,3
334,finfet,data/train_canonical/ref_0334.png,data/train_canonical/search_0334.png,428.26,627.22,428.5,511.5,115.72024887633108,0.18877339363098145,True,6
335,finfet,data/train_canonical/ref_0335.png,data/train_canonical/search_0335.png,404.59,579.5,404.5,579.5,0.08999999999997499,0.2220628261566162,True,6
336,finfet,data/train_canonical/ref_0336.png,data/train_canonical/search_0336.png,476.05,618.92,475.5,514.5,104.42144846725691,0.20624256134033203,False,9
337,dram,data/train_canonical/ref_0337.png,data/train_canonical/search_0337.png,479.84,598.04,479.5,522.5,75.54076515365723,0.1951305866241455,True,9
338,finfet,data/train_canonical/ref_0338.png,data/train_canonical/search_0338.png,462.44,451.79,462.5,451.5,0.29614185789923747,0.1759047508239746,True,7
339,dram,data/train_canonical/ref_0339.png,data/train_canonical/search_0339.png,376.97,582.95,557.0,583.0,180.03000694328708,0.19670963287353516,True,5
340,dram,data/train_canonical/ref_0340.png,data/train_canonical/search_0340.png,468.03,490.6,468.5,490.5,0.48052055106938996,0.20731806755065918,True,3
341,dram,data/train_canonical/ref_0341.png,data/train_canonical/search_0341.png,407.11,619.38,407.0,489.0,130.38004640281426,0.226226806640625,False,6
342,finfet,data/train_canonical/ref_0342.png,data/train_canonical/search_0342.png,387.65,481.47,522.5,481.5,134.85000333704113,0.21123981475830078,True,8
343,finfet,data/train_canonical/ref_0343.png,data/train_canonical/search_0343.png,508.22,431.45,508.5,431.5,0.284429253066533,0.21113324165344238,True,8
344,dram,data/train_canonical/ref_0344.png,data/train_canonical/search_0344.png,549.95,459.81,472.5,459.5,77.45062039777349,0.2052772045135498,True,5
345,dram,data/train_canonical/ref_0345.png,data/train_canonical/search_0345.png,564.32,610.29,564.0,502.0,108.29047280347423,0.19893574714660645,True,5
346,dram,data/train_canonical/ref_0346.png,data/train_canonical/search_0346.png,387.0,405.95,530.5,528.5,188.7081145579066,0.20878267288208008,True,8
347,finfet,data/train_canonical/ref_0347.png,data/train_canonical/search_0347.png,542.65,452.18,542.5,452.5,0.35341194094143,0.19470858573913574,True,7
348,finfet,data/train_canonical/ref_0348.png,data/train_canonical/search_0348.png,511.73,448.72,511.5,448.5,0.318276609256823,0.1921238899230957,True,9
349,dram,data/train_canonical/ref_0349.png,data/train_canonical/search_0349.png,582.41,621.18,582.5,549.5,71.68005650109374,0.20998668670654297,False,6
350,finfet,data/train_canonical/ref_0350.png,data/train_canonical/search_0350.png,609.72,493.17,517.5,493.5,92.22059043402403,0.21926021575927734,True,8
351,finfet,data/train_canonical/ref_0351.png,data/train_canonical/search_0351.png,456.63,576.44,457.0,497.0,79.44086165192324,0.20166444778442383,True,4
352,dram,data/train_canonical/ref_0352.png,data/train_canonical/search_0352.png,596.34,574.11,596.5,574.5,0.42154477816713515,0.20696759223937988,True,3
353,finfet,data/train_canonical/ref_0353.png,data/train_canonical/search_0353.png,416.3,479.52,416.5,479.5,0.20099751242240468,0.19761013984680176,True,4
354,finfet,data/train_canonical/ref_0354.png,data/train_canonical/search_0354.png,366.52,597.12,586.0,597.0,219.48003280480893,0.19533491134643555,True,11
355,dram,data/train_canonical/ref_0355.png,data/train_canonical/search_0355.png,443.17,570.1,442.5,570.5,0.7803204469959781,0.2040729522705078,True,6
356,dram,data/train_canonical/ref_0356.png,data/train_canonical/search_0356.png,577.71,633.71,577.5,542.5,91.21024174948779,0.21351933479309082,False,9
357,finfet,data/train_canonical/ref_0357.png,data/train_canonical/search_0357.png,415.79,601.02,416.0,524.0,77.02028628874342,0.21943306922912598,False,6
358,dram,data/train_canonical/ref_0358.png,data/train_canonical/search_0358.png,395.89,452.23,549.5,452.5,153.6102372890557,0.17692828178405762,True,7
359,finfet,data/train_canonical/ref_0359.png,data/train_canonical/search_0359.png,477.09,402.13,477.0,512.0,109.87003686173951,0.1997992992401123,True,9
360,dram,data/train_canonical/ref_0360.png,data/train_canonical/search_0360.png,556.9,511.19,556.5,511.5,0.5060632371551832,0.22698307037353516,True,4
361,finfet,data/train_canonical/ref_0361.png,data/train_canonical/search_0361.png,412.95,467.96,412.5,552.5,84.54119764943009,0.19864559173583984,False,7
362,dram,data/train_canonical/ref_0362.png,data/train_canonical/search_0362.png,459.18,603.37,459.0,502.0,101.37015981046889,0.19928550720214844,False,7
363,finfet,data/train_canonical/ref_0363.png,data/train_canonical/search_0363.png,552.89,536.04,553.5,467.5,68.54271441955005,0.20615863800048828,True,7
364,dram,data/train_canonical/ref_0364.png,data/train_canonical/search_0364.png,402.28,471.63,402.5,471.5,0.2555386467836339,0.21781277656555176,True,5
365,dram,data/train_canonical/ref_0365.png,data/train_canonical/search_0365.png,586.29,607.64,586.5,447.5,160.14013769196026,0.16858983039855957,False,6
366,finfet,data/train_canonical/ref_0366.png,data/train_canonical/search_0366.png,582.13,384.41,582.0,502.0,117.59007185983005,0.1939394474029541,False,6
367,finfet,data/train_canonical/ref_0367.png,data/train_canonical/search_0367.png,399.49,570.57,520.5,570.5,121.01002024625893,0.18737387657165527,True,7
368,dram,data/train_canonical/ref_0368.png,data/train_canonical/search_0368.png,450.71,624.0,450.5,562.5,61.500358535540265,0.18727588653564453,True,5
369,finfet,data/train_canonical/ref_0369.png,data/train_canonical/search_0369.png,526.89,459.59,526.5,459.5,0.40024992192377107,0.2196502685546875,True,5
370,dram,data/train_canonical/ref_0370.png,data/train_canonical/search_0370.png,364.62,383.96,498.5,484.5,167.42803230044842,0.20493245124816895,True,8
371,dram,data/train_canonical/ref_0371.png,data/train_canonical/search_0371.png,590.44,582.95,590.5,583.5,0.553263047744871,0.20552992820739746,True,4
372,dram,data/train_canonical/ref_0372.png,data/train_canonical/search_0372.png,405.07,626.8,405.5,468.5,158.30058401661057,0.20720410346984863,True,7
373,dram,data/train_canonical/ref_0373.png,data/train_canonical/search_0373.png,382.94,583.22,576.5,583.5,193.5602025210761,0.2005314826965332,True,7
374,dram,data/train_canonical/ref_0374.png,data/train_canonical/search_0374.png,619.79,562.32,406.5,562.5,213.29007595291438,0.19569754600524902,True,4
375,dram,data/train_canonical/ref_0375.png,data/train_canonical/search_0375.png,382.63,495.07,518.5,495.5,135.87068042811887,0.1965644359588623,False,10
376,finfet,data/train_canonical/ref_0376.png,data/train_canonical/search_0376.png,402.66,499.42,402.5,499.5,0.17888543819999844,0.18915772438049316,True,9
377,dram,data/train_canonical/ref_0377.png,data/train_canonical/search_0377.png,383.18,630.02,504.0,505.0,173.86049810120755,0.19150352478027344,True,3
378,finfet,data/train_canonical/ref_0378.png,data/train_canonical/search_0378.png,507.13,591.83,507.5,448.5,143.33047756845022,0.2146918773651123,True,10
379,finfet,data/train_canonical/ref_0379.png,data/train_canonical/search_0379.png,464.13,630.54,464.5,522.5,108.04063355978616,0.20461630821228027,False,7
380,finfet,data/train_canonical/ref_0380.png,data/train_canonical/search_0380.png,409.71,442.6,409.5,442.5,0.23259406699225144,0.21059823036193848,True,7
381,finfet,data/train_canonical/ref_0381.png,data/train_canonical/search_0381.png,394.2,559.93,547.5,462.5,181.64111566492866,0.2029428482055664,False,10
382,finfet,data/train_canonical/ref_0382.png,data/train_canonical/search_0382.png,607.87,522.12,530.5,522.5,77.37093317260688,0.21073532104492188,True,10
383,dram,data/train_canonical/ref_0383.png,data/train_canonical/search_0383.png,476.29,533.86,476.5,533.5,0.41677331968349557,0.1927471160888672,True,7
384,dram,data/train_canonical/ref_0384.png,data/train_canonical/search_0384.png,554.47,397.94,554.5,585.5,187.56000239923225,0.1934831142425537,True,4
385,finfet,data/train_canonical/ref_0385.png,data/train_canonical/search_0385.png,388.19,584.35,481.5,584.5,93.31012056577785,0.20943331718444824,True,6
386,dram,data/train_canonical/ref_0386.png,data/train_canonical/search_0386.png,515.98,574.3,515.5,496.5,77.80148070570375,0.2116837501525879,False,9
387,dram,data/train_canonical/ref_0387.png,data/train_canonical/search_0387.png,381.8,430.51,536.5,430.5,154.7000003232062,0.15785908699035645,True,6
388,finfet,data/train_canonical/ref_0388.png,data/train_canonical/search_0388.png,473.31,572.51,473.5,572.5,0.19026297590440172,0.2249605655670166,True,13
389,dram,data/train_canonical/ref_0389.png,data/train_canonical/search_0389.png,379.07,596.11,498.5,439.5,196.95232164155874,0.16619491577148438,False,4
390,dram,data/train_canonical/ref_0390.png,data/train_canonical/search_0390.png,477.59,568.61,477.5,434.5,134.1100301990869,0.20330214500427246,False,6
391,finfet,data/train_canonical/ref_0391.png,data/train_canonical/search_0391.png,462.95,615.34,462.5,519.5,95.84105644242455,0.20659756660461426,True,11
392,dram,data/train_canonical/ref_0392.png,data/train_canonical/search_0392.png,446.28,497.62,446.5,497.5,0.2505992817228595,0.20371222496032715,True,9
393,finfet,data/train_canonical/ref_0393.png,data/train_canonical/search_0393.png,461.12,494.68,461.5,494.5,0.42047592083257157,0.20447707176208496,True,7
394,dram,data/train_canonical/ref_0394.png,data/train_canonical/search_0394.png,408.92,630.16,408.5,507.5,122.66071905871085,0.19473552703857422,True,6
395,dram,data/train_canonical/ref_0395.png,data/train_canonical/search_0395.png,559.71,544.33,559.5,476.5,67.83032507662045,0.15643978118896484,True,8
396,dram,data/train_canonical/ref_0396.png,data/train_canonical/search_0396.png,581.24,606.59,581.0,504.0,102.59028072873184,0.1911299228668213,True,6
397,dram,data/train_canonical/ref_0397.png,data/train_canonical/search_0397.png,558.29,486.8,558.5,486.5,0.36619666847204124,0.2016284465789795,True,11
398,finfet,data/train_canonical/ref_0398.png,data/train_canonical/search_0398.png,589.59,429.52,589.5,517.5,87.98004603317733,0.20333361625671387,True,10
399,dram,data/train_canonical/ref_0399.png,data/train_canonical/search_0399.png,598.89,444.63,475.5,444.5,123.39006848202978,0.21000003814697266,True,5
400,dram,data/train_canonical/ref_0400.png,data/train_canonical/search_0400.png,608.5,406.39,525.5,406.5,83.00007289153426,0.21650028228759766,False,7
401,finfet,data/train_canonical/ref_0401.png,data/train_canonical/search_0401.png,448.81,548.12,448.5,507.5,40.62118289759667,0.1919248104095459,False,8
402,dram,data/train_canonical/ref_0402.png,data/train_canonical/search_0402.png,416.6,563.53,416.5,563.5,0.10440306508911944,0.19456768035888672,True,6
403,dram,data/train_canonical/ref_0403.png,data/train_canonical/search_0403.png,536.23,406.54,536.5,406.5,0.27294688127910866,0.21483302116394043,True,5
404,finfet,data/train_canonical/ref_0404.png,data/train_canonical/search_0404.png,608.36,478.02,575.5,478.5,32.863505595112656,0.20087981224060059,False,7
405,finfet,data/train_canonical/ref_0405.png,data/train_canonical/search_0405.png,549.32,632.7,549.5,496.5,136.20011894267938,0.2047135829925537,True,3
406,dram,data/train_canonical/ref_0406.png,data/train_canonical/search_0406.png,399.23,525.23,540.5,511.5,141.93563963994384,0.21872687339782715,False,11
407,finfet,data/train_canonical/ref_0407.png,data/train_canonical/search_0407.png,376.35,582.79,596.5,582.5,220.1501910060493,0.19604706764221191,True,11
408,finfet,data/train_canonical/ref_0408.png,data/train_canonical/search_0408.png,521.13,617.86,521.5,469.5,148.36046137701246,0.19003009796142578,True,12
409,finfet,data/train_canonical/ref_0409.png,data/train_canonical/search_0409.png,623.77,395.39,437.0,525.0,227.3362817501861,0.20105862617492676,False,9
410,finfet,data/train_canonical/ref_0410.png,data/train_canonical/search_0410.png,522.5,544.71,522.5,544.5,0.21000000000003638,0.2011280059814453,True,8
411,finfet,data/train_canonical/ref_0411.png,data/train_canonical/search_0411.png,466.59,456.37,466.5,456.5,0.158113883008401,0.20771265029907227,True,7
412,finfet,data/train_canonical/ref_0412.png,data/train_canonical/search_0412.png,512.52,368.04,512.5,534.5,166.46000120148983,0.2041611671447754,False,5
413,dram,data/train_canonical/ref_0413.png,data/train_canonical/search_0413.png,438.1,481.9,438.5,481.5,0.5656854249492059,0.2190074920654297,True,6
414,dram,data/train_canonical/ref_0414.png,data/train_canonical/search_0414.png,396.0,435.55,564.5,435.5,168.50000741839744,0.17171978950500488,True,7
415,dram,data/train_canonical/ref_0415.png,data/train_canonical/search_0415.png,462.94,399.88,462.5,399.5,0.5813776741499406,0.19231915473937988,True,4
416,finfet,data/train_canonical/ref_0416.png,data/train_canonical/search_0416.png,577.45,417.28,577.0,520.0,102.72098568452313,0.21620869636535645,False,10
417,dram,data/train_canonical/ref_0417.png,data/train_canonical/search_0417.png,398.75,407.5,431.5,407.5,32.75,0.20651912689208984,False,4
418,finfet,data/train_canonical/ref_0418.png,data/train_canonical/search_0418.png,612.18,600.55,580.0,526.0,81.19886021367535,0.18873071670532227,False,12
419,finfet,data/train_canonical/ref_0419.png,data/train_canonical/search_0419.png,552.6,468.6,552.5,468.5,0.14142135623734164,0.20186734199523926,True,6
420,dram,data/train_canonical/ref_0420.png,data/train_canonical/search_0420.png,530.96,620.0,531.0,447.0,173.00000462427738,0.20395898818969727,True,2
421,finfet,data/train_canonical/ref_0421.png,data/train_canonical/search_0421.png,630.34,540.0,496.0,540.0,134.34000000000003,0.20421266555786133,True,8
422,finfet,data/train_canonical/ref_0422.png,data/train_canonical/search_0422.png,515.94,393.35,516.5,581.5,188.15083337577857,0.20361733436584473,True,7
423,dram,data/train_canonical/ref_0423.png,data/train_canonical/search_0423.png,557.96,527.8,557.5,527.5,0.5491812087098449,0.20288348197937012,True,6
424,dram,data/train_canonical/ref_0424.png,data/train_canonical/search_0424.png,390.84,547.91,533.0,548.0,142.1600284890236,0.1805722713470459,True,7
425,finfet,data/train_canonical/ref_0425.png,data/train_canonical/search_0425.png,545.63,446.08,545.5,446.5,0.439658958739626,0.18452978134155273,False,7
426,dram,data/train_canonical/ref_0426.png,data/train_canonical/search_0426.png,532.66,473.56,532.5,473.5,0.17088007490632162,0.22397875785827637,True,4
427,finfet,data/train_canonical/ref_0427.png,data/train_canonical/search_0427.png,382.84,379.12,500.0,518.0,181.6978811103751,0.20734786987304688,True,9
428,finfet,data/train_canonical/ref_0428.png,data/train_canonical/search_0428.png,422.44,630.13,422.0,496.0,134.13072168597319,0.20557808876037598,False,6
429,dram,data/train_canonical/ref_0429.png,data/train_canonical/search_0429.png,408.35,631.47,408.5,434.5,196.9700571152885,0.19527316093444824,False,7
430,finfet,data/train_canonical/ref_0430.png,data/train_canonical/search_0430.png,625.81,436.67,535.0,533.0,132.38551657942037,0.20367121696472168,True,7
431,finfet,data/train_canonical/ref_0431.png,data/train_canonical/search_0431.png,565.17,552.2,565.5,495.5,56.700960309328146,0.22580766677856445,True,9
432,dram,data/train_canonical/ref_0432.png,data/train_canonical/search_0432.png,616.65,466.82,522.5,466.5,94.1505438114937,0.20408153533935547,True,8
433,finfet,data/train_canonical/ref_0433.png,data/train_canonical/search_0433.png,505.39,495.88,505.5,495.5,0.39560080889704907,0.2060997486114502,True,9
434,dram,data/train_canonical/ref_0434.png,data/train_canonical/search_0434.png,451.95,395.9,450.5,395.5,1.5041608956491155,0.21384882926940918,True,5
435,dram,data/train_canonical/ref_0435.png,data/train_canonical/search_0435.png,444.07,482.58,444.5,482.5,0.43737855457258457,0.21099138259887695,True,3
436,dram,data/train_canonical/ref_0436.png,data/train_canonical/search_0436.png,453.08,464.81,453.0,465.0,0.20615528128087476,0.19578194618225098,True,6
437,dram,data/train_canonical/ref_0437.png,data/train_canonical/search_0437.png,624.45,507.47,429.5,507.5,194.9500023082842,0.22870779037475586,True,6
438,dram,data/train_canonical/ref_0438.png,data/train_canonical/search_0438.png,592.73,605.36,592.5,604.5,0.8902246907382607,0.2046806812286377,True,10
439,finfet,data/train_canonical/ref_0439.png,data/train_canonical/search_0439.png,541.5,454.9,541.0,455.0,0.509901951359283,0.19512391090393066,True,7
440,dram,data/train_canonical/ref_0440.png,data/train_canonical/search_0440.png,495.83,589.28,495.5,589.5,0.3966106403010407,0.20776915550231934,True,4
441,dram,data/train_canonical/ref_0441.png,data/train_canonical/search_0441.png,385.94,515.22,433.0,515.0,47.060514234334505,0.2189490795135498,True,3
442,dram,data/train_canonical/ref_0442.png,data/train_canonical/search_0442.png,470.54,369.92,470.5,527.5,157.5800050767863,0.20992541313171387,True,6
443,dram,data/train_canonical/ref_0443.png,data/train_canonical/search_0443.png,512.31,566.1,512.5,566.5,0.44283179650969345,0.20655250549316406,True,6
444,finfet,data/train_canonical/ref_0444.png,data/train_canonical/search_0444.png,396.58,590.04,497.5,590.5,100.92104834968771,0.1943821907043457,False,8
445,finfet,data/train_canonical/ref_0445.png,data/train_canonical/search_0445.png,502.79,576.94,503.0,577.0,0.21840329667838088,0.20771312713623047,True,9
446,dram,data/train_canonical/ref_0446.png,data/train_canonical/search_0446.png,435.39,443.26,435.5,443.5,0.26400757564889565,0.16220593452453613,True,7
447,finfet,data/train_canonical/ref_0447.png,data/train_canonical/search_0447.png,622.2,384.67,537.0,462.0,115.06071831863386,0.2158041000366211,False,8
448,finfet,data/train_canonical/ref_0448.png,data/train_canonical/search_0448.png,502.35,610.93,502.0,530.0,80.93075682334863,0.17967462539672852,True,12
449,dram,data/train_canonical/ref_0449.png,data/train_canonical/search_0449.png,573.02,506.64,572.5,506.5,0.5385164807134293,0.20593500137329102,True,8
450,dram,data/train_canonical/ref_0450.png,data/train_canonical/search_0450.png,556.31,530.99,556.5,531.5,0.5442425929675216,0.1944730281829834,True,6
451,dram,data/train_canonical/ref_0451.png,data/train_canonical/search_0451.png,576.14,509.55,576.0,509.0,0.5675385449465161,0.20175886154174805,True,5
452,finfet,data/train_canonical/ref_0452.png,data/train_canonical/search_0452.png,611.27,523.49,504.5,523.5,106.77000046829632,0.1913912296295166,False,10
453,finfet,data/train_canonical/ref_0453.png,data/train_canonical/search_0453.png,459.54,613.58,459.5,552.5,61.08001309757559,0.16228580474853516,False,9
454,dram,data/train_canonical/ref_0454.png,data/train_canonical/search_0454.png,525.48,492.12,525.5,492.5,0.38052595180880344,0.20712852478027344,True,7
455,dram,data/train_canonical/ref_0455.png,data/train_canonical/search_0455.png,589.51,450.82,589.5,544.5,93.68000053373186,0.19573402404785156,True,4
456,finfet,data/train_canonical/ref_0456.png,data/train_canonical/search_0456.png,373.28,503.41,434.5,503.5,61.22006615481564,0.20811700820922852,True,10
457,dram,data/train_canonical/ref_0457.png,data/train_canonical/search_0457.png,560.17,630.81,560.5,502.5,128.31042436216936,0.19158411026000977,True,3
458,finfet,data/train_canonical/ref_0458.png,data/train_canonical/search_0458.png,473.47,415.27,473.5,479.5,64.23000700607156,0.23374199867248535,False,5
459,dram,data/train_canonical/ref_0459.png,data/train_canonical/search_0459.png,534.85,487.43,535.0,487.0,0.45541190146942695,0.21196722984313965,True,16
460,finfet,data/train_canonical/ref_0460.png,data/train_canonical/search_0460.png,437.52,541.08,437.5,541.5,0.420475920832531,0.19826269149780273,False,9
461,finfet,data/train_canonical/ref_0461.png,data/train_canonical/search_0461.png,386.44,416.49,504.5,416.5,118.06000042351346,0.19145798683166504,True,7
462,dram,data/train_canonical/ref_0462.png,data/train_canonical/search_0462.png,542.63,624.35,542.5,495.5,128.85006558011526,0.210951566696167,True,5
463,dram,data/train_canonical/ref_0463.png,data/train_canonical/search_0463.png,627.88,588.45,525.5,588.5,102.38001220941517,0.20240020751953125,True,2
464,dram,data/train_canonical/ref_0464.png,data/train_canonical/search_0464.png,496.41,434.27,496.5,434.5,0.24698178070457721,0.19335675239562988,True,6
465,finfet,data/train_canonical/ref_0465.png,data/train_canonical/search_0465.png,376.81,444.05,446.5,495.5,86.6244688295403,0.1935889720916748,False,11
466,finfet,data/train_canonical/ref_0466.png,data/train_canonical/search_0466.png,584.29,475.53,584.5,475.5,0.2121320343559964,0.18844366073608398,True,6
467,finfet,data/train_canonical/ref_0467.png,data/train_canonical/search_0467.png,414.84,534.96,414.5,534.5,0.5720139858430181,0.1520233154296875,True,10
468,finfet,data/train_canonical/ref_0468.png,data/train_canonical/search_0468.png,382.89,580.25,533.0,580.0,150.11020818052316,0.19979572296142578,True,11
469,dram,data/train_canonical/ref_0469.png,data/train_canonical/search_0469.png,624.05,519.22,413.5,519.5,210.5501861789725,0.21587252616882324,True,9
470,finfet,data/train_canonical/ref_0470.png,data/train_canonical/search_0470.png,452.93,446.72,452.5,446.5,0.48301138702935137,0.21076536178588867,True,7
471,dram,data/train_canonical/ref_0471.png,data/train_canonical/search_0471.png,572.24,466.44,572.0,466.0,0.501198563445669,0.19729113578796387,True,6
472,finfet,data/train_canonical/ref_0472.png,data/train_canonical/search_0472.png,627.11,547.93,510.0,548.0,117.11002092050023,0.1969318389892578,False,7
473,dram,data/train_canonical/ref_0473.png,data/train_canonical/search_0473.png,614.06,369.39,515.5,433.5,117.57621230504064,0.2041492462158203,False,6
474,finfet,data/train_canonical/ref_0474.png,data/train_canonical/search_0474.png,451.8,506.53,452.5,506.5,0.7006425622241218,0.19431114196777344,True,3
475,finfet,data/train_canonical/ref_0475.png,data/train_canonical/search_0475.png,617.21,630.68,472.5,514.5,185.57687490633091,0.20502662658691406,False,9
476,finfet,data/train_canonical/ref_0476.png,data/train_canonical/search_0476.png,614.6,477.65,490.5,477.5,124.10009065266634,0.21068167686462402,False,11
477,dram,data/train_canonical/ref_0477.png,data/train_canonical/search_0477.png,555.12,376.61,555.0,485.0,108.39006642677177,0.211517333984375,True,5
478,dram,data/train_canonical/ref_0478.png,data/train_canonical/search_0478.png,410.45,617.67,410.5,478.5,139.17000898182047,0.2110135555267334,False,6
479,dram,data/train_canonical/ref_0479.png,data/train_canonical/search_0479.png,485.78,391.65,486.0,512.0,120.35020108001484,0.20968127250671387,False,6
480,finfet,data/train_canonical/ref_0480.png,data/train_canonical/search_0480.png,453.72,586.73,453.5,515.5,71.23033974367947,0.19579410552978516,True,6
481,finfet,data/train_canonical/ref_0481.png,data/train_canonical/search_0481.png,480.73,451.84,481.0,452.0,0.31384709652950143,0.20254778861999512,True,4
482,finfet,data/train_canonical/ref_0482.png,data/train_canonical/search_0482.png,587.2,458.59,587.5,458.5,0.31320919526726576,0.20147347450256348,True,9
483,finfet,data/train_canonical/ref_0483.png,data/train_canonical/search_0483.png,464.33,550.5,464.5,550.5,0.17000000000001592,0.19964098930358887,True,7
484,finfet,data/train_canonical/ref_0484.png,data/train_canonical/search_0484.png,452.34,585.4,452.5,458.5,126.90010086678417,0.21231627464294434,True,4
485,dram,data/train_canonical/ref_0485.png,data/train_canonical/search_0485.png,600.86,560.5,600.5,507.5,53.00122262740738,0.199446439743042,False,9
486,finfet,data/train_canonical/ref_0486.png,data/train_canonical/search_0486.png,505.92,548.05,505.5,491.5,56.551559660189696,0.1933457851409912,True,9
487,dram,data/train_canonical/ref_0487.png,data/train_canonical/search_0487.png,365.77,566.19,498.5,566.5,132.73036201261564,0.16984272003173828,False,6
488,finfet,data/train_canonical/ref_0488.png,data/train_canonical/search_0488.png,514.44,605.1,514.0,526.0,79.10122375791669,0.20183682441711426,False,12
489,finfet,data/train_canonical/ref_0489.png,data/train_canonical/search_0489.png,572.06,424.73,572.5,424.5,0.49648766349231316,0.19766449928283691,True,10
490,dram,data/train_canonical/ref_0490.png,data/train_canonical/search_0490.png,483.34,397.47,483.5,397.5,0.16278820596101662,0.22893548011779785,True,7
491,finfet,data/train_canonical/ref_0491.png,data/train_canonical/search_0491.png,615.25,564.88,501.5,564.5,113.75063472350385,0.21513938903808594,False,7
492,dram,data/train_canonical/ref_0492.png,data/train_canonical/search_0492.png,376.49,478.55,525.5,478.5,149.01000838869848,0.20732760429382324,True,6
493,dram,data/train_canonical/ref_0493.png,data/train_canonical/search_0493.png,519.94,593.79,519.5,593.5,0.5269724850502414,0.20849323272705078,True,7
494,dram,data/train_canonical/ref_0494.png,data/train_canonical/search_0494.png,618.05,523.83,536.5,524.5,81.55275225275965,0.2056412696838379,True,4
495,finfet,data/train_canonical/ref_0495.png,data/train_canonical/search_0495.png,497.57,425.33,497.5,521.5,96.17002547571671,0.1907024383544922,True,3
496,dram,data/train_canonical/ref_0496.png,data/train_canonical/search_0496.png,600.48,368.48,504.5,597.5,248.31899001083264,0.20026087760925293,True,9
497,finfet,data/train_canonical/ref_0497.png,data/train_canonical/search_0497.png,406.12,450.86,406.5,450.5,0.5234500931321021,0.21354937553405762,True,7
498,finfet,data/train_canonical/ref_0498.png,data/train_canonical/search_0498.png,553.16,605.78,553.5,478.5,127.28045411609747,0.2126457691192627,False,9
499,dram,data/train_canonical/ref_0499.png,data/train_canonical/search_0499.png,609.4,382.33,475.0,583.0,241.51978987238292,0.2046365737915039,False,9
500,finfet,data/train_canonical/ref_0500.png,data/train_canonical/search_0500.png,421.18,619.91,542.5,541.5,144.45300446858138,0.18817877769470215,True,7
501,finfet,data/train_canonical/ref_0501.png,data/train_canonical/search_0501.png,542.04,534.25,542.5,534.5,0.523545604508369,0.2005472183227539,True,13
502,dram,data/train_canonical/ref_0502.png,data/train_canonical/search_0502.png,437.43,441.09,437.5,441.5,0.41593268686173196,0.19156932830810547,True,6
503,finfet,data/train_canonical/ref_0503.png,data/train_canonical/search_0503.png,502.51,568.46,502.5,568.5,0.041231056256139105,0.15883755683898926,True,5
504,dram,data/train_canonical/ref_0504.png,data/train_canonical/search_0504.png,491.04,478.49,491.0,478.0,0.4916299421312849,0.24599456787109375,True,3
505,finfet,data/train_canonical/ref_0505.png,data/train_canonical/search_0505.png,522.93,470.3,523.5,470.5,0.6040695324216017,0.2243812084197998,True,6
506,finfet,data/train_canonical/ref_0506.png,data/train_canonical/search_0506.png,478.89,407.99,478.5,508.5,100.51075663828223,0.20575380325317383,False,6
507,dram,data/train_canonical/ref_0507.png,data/train_canonical/search_0507.png,459.26,374.35,459.5,500.5,126.15022829943668,0.1824052333831787,False,6
508,dram,data/train_canonical/ref_0508.png,data/train_canonical/search_0508.png,529.15,441.58,529.5,441.5,0.35902646142034345,0.21529507637023926,True,3
509,finfet,data/train_canonical/ref_0509.png,data/train_canonical/search_0509.png,383.68,451.17,477.0,451.0,93.3201548434206,0.2057030200958252,False,12
510,finfet,data/train_canonical/ref_0510.png,data/train_canonical/search_0510.png,391.17,580.83,398.5,509.5,71.70563297259153,0.2042388916015625,False,6
511,dram,data/train_canonical/ref_0511.png,data/train_canonical/search_0511.png,531.05,487.84,478.5,487.5,52.55109989334186,0.21444058418273926,True,9
512,finfet,data/train_canonical/ref_0512.png,data/train_canonical/search_0512.png,470.75,580.83,470.5,436.5,144.33021651754012,0.20771002769470215,False,5
513,dram,data/train_canonical/ref_0513.png,data/train_canonical/search_0513.png,578.43,539.59,578.5,503.5,36.09006788577714,0.19960808753967285,False,8
514,dram,data/train_canonical/ref_0514.png,data/train_canonical/search_0514.png,593.53,481.31,593.5,481.5,0.19235384061670693,0.21904301643371582,True,3
515,finfet,data/train_canonical/ref_0515.png,data/train_canonical/search_0515.png,614.46,503.02,578.5,503.5,35.96320341682596,0.2112414836883545,True,9
516,finfet,data/train_canonical/ref_0516.png,data/train_canonical/search_0516.png,431.35,411.07,431.5,522.5,111.43010096019836,0.2042555809020996,True,4
517,finfet,data/train_canonical/ref_0517.png,data/train_canonical/search_0517.png,384.03,396.26,578.0,526.0,233.35986908635346,0.19464826583862305,False,11
518,dram,data/train_canonical/ref_0518.png,data/train_canonical/search_0518.png,548.45,529.12,548.5,515.5,13.620091776489618,0.21432948112487793,True,6
519,finfet,data/train_canonical/ref_0519.png,data/train_canonical/search_0519.png,538.91,424.24,538.5,538.5,114.26073560064279,0.2045726776123047,True,9
520,finfet,data/train_canonical/ref_0520.png,data/train_canonical/search_0520.png,561.35,444.61,561.5,444.5,0.18601075237737247,0.18588519096374512,True,6
521,dram,data/train_canonical/ref_0521.png,data/train_canonical/search_0521.png,497.64,383.32,497.5,484.5,101.18009685704003,0.21934771537780762,True,3
522,dram,data/train_canonical/ref_0522.png,data/train_canonical/search_0522.png,395.13,401.8,441.0,474.0,85.53886192836563,0.20204496383666992,True,9
523,finfet,data/train_canonical/ref_0523.png,data/train_canonical/search_0523.png,384.04,622.15,465.5,462.5,179.231286610346,0.20312142372131348,False,9
524,dram,data/train_canonical/ref_0524.png,data/train_canonical/search_0524.png,365.18,633.69,527.5,477.5,225.2622882330729,0.1971895694732666,False,9
525,finfet,data/train_canonical/ref_0525.png,data/train_canonical/search_0525.png,380.98,384.93,538.5,573.5,245.70550522932936,0.20447611808776855,False,8
526,dram,data/train_canonical/ref_0526.png,data/train_canonical/search_0526.png,446.8,507.51,443.5,507.5,3.30001515148038,0.20364928245544434,True,7
527,finfet,data/train_canonical/ref_0527.png,data/train_canonical/search_0527.png,589.01,496.23,589.5,496.5,0.5594640292279738,0.1557307243347168,True,6
528,finfet,data/train_canonical/ref_0528.png,data/train_canonical/search_0528.png,529.11,424.14,529.5,424.5,0.5307541803886232,0.22138667106628418,True,7
529,finfet,data/train_canonical/ref_0529.png,data/train_canonical/search_0529.png,381.83,621.02,522.0,464.0,210.48256293574534,0.19929981231689453,False,13
530,finfet,data/train_canonical/ref_0530.png,data/train_canonical/search_0530.png,533.61,390.55,533.5,523.5,132.95004550582146,0.20298147201538086,False,3
531,dram,data/train_canonical/ref_0531.png,data/train_canonical/search_0531.png,515.96,461.43,515.5,461.5,0.4652956049653086,0.192047119140625,True,5
532,finfet,data/train_canonical/ref_0532.png,data/train_canonical/search_0532.png,516.01,585.52,516.5,585.5,0.49040799340957747,0.20229816436767578,True,5
533,finfet,data/train_canonical/ref_0533.png,data/train_canonical/search_0533.png,405.21,533.99,406.0,476.0,57.995380850547065,0.2108445167541504,True,11
534,finfet,data/train_canonical/ref_0534.png,data/train_canonical/search_0534.png,429.6,490.46,430.0,490.0,0.6095900261650964,0.2028944492340088,True,7
535,finfet,data/train_canonical/ref_0535.png,data/train_canonical/search_0535.png,580.4,393.13,580.5,541.5,148.37003369953112,0.201462984085083,True,13
536,finfet,data/train_canonical/ref_0536.png,data/train_canonical/search_0536.png,594.04,422.91,594.5,491.5,68.59154248156253,0.196730375289917,True,10
537,dram,data/train_canonical/ref_0537.png,data/train_canonical/search_0537.png,459.69,630.7,459.5,480.5,150.2001201730545,0.212890625,False,9
538,dram,data/train_canonical/ref_0538.png,data/train_canonical/search_0538.png,524.8,482.02,524.5,500.5,18.482434904524908,0.19392848014831543,False,6
539,finfet,data/train_canonical/ref_0539.png,data/train_canonical/search_0539.png,494.46,545.09,494.5,545.5,0.41194659848088994,0.20380282402038574,True,10
540,finfet,data/train_canonical/ref_0540.png,data/train_canonical/search_0540.png,388.71,601.06,452.5,464.5,150.7242439025653,0.20669865608215332,False,9
541,finfet,data/train_canonical/ref_0541.png,data/train_canonical/search_0541.png,556.45,603.85,556.5,520.5,83.35001499699926,0.20014142990112305,False,4
542,dram,data/train_canonical/ref_0542.png,data/train_canonical/search_0542.png,469.6,485.35,470.0,485.0,0.5315072906367304,0.19930648803710938,True,4
543,finfet,data/train_canonical/ref_0543.png,data/train_canonical/search_0543.png,369.51,569.05,572.0,569.0,202.49000617314428,0.1970665454864502,False,8
544,finfet,data/train_canonical/ref_0544.png,data/train_canonical/search_0544.png,561.42,384.25,561.5,554.5,170.25001879588737,0.19208645820617676,True,6
545,dram,data/train_canonical/ref_0545.png,data/train_canonical/search_0545.png,546.67,505.73,546.5,505.5,0.2860069929214921,0.20960354804992676,True,4
546,dram,data/train_canonical/ref_0546.png,data/train_canonical/search_0546.png,445.94,396.57,446.5,425.5,28.935419471644096,0.21637821197509766,True,5
547,dram,data/train_canonical/ref_0547.png,data/train_canonical/search_0547.png,391.88,483.47,506.0,483.0,114.12096783676522,0.2091360092163086,False,9
548,dram,data/train_canonical/ref_0548.png,data/train_canonical/search_0548.png,526.65,471.77,526.5,471.5,0.3088689042295831,0.20089077949523926,True,7
549,finfet,data/train_canonical/ref_0549.png,data/train_canonical/search_0549.png,498.08,626.25,498.5,489.5,136.75064497105672,0.2138683795928955,True,7
550,dram,data/train_canonical/ref_0550.png,data/train_canonical/search_0550.png,443.34,562.43,443.0,562.0,0.5481788029465751,0.17693209648132324,True,6
551,dram,data/train_canonical/ref_0551.png,data/train_canonical/search_0551.png,448.2,466.89,448.5,475.5,8.61522489549752,0.19212746620178223,True,11
552,dram,data/train_canonical/ref_0552.png,data/train_canonical/search_0552.png,575.59,417.02,575.5,417.5,0.48836461788301494,0.1967322826385498,True,4
553,dram,data/train_canonical/ref_0553.png,data/train_canonical/search_0553.png,572.84,370.61,572.5,525.5,154.89037316760522,0.21266436576843262,True,3
554,finfet,data/train_canonical/ref_0554.png,data/train_canonical/search_0554.png,472.67,475.13,473.0,475.0,0.3546829570193475,0.19854235649108887,True,3
555,dram,data/train_canonical/ref_0555.png,data/train_canonical/search_0555.png,507.32,524.92,507.5,524.5,0.45694638635179957,0.19794893264770508,True,3
556,dram,data/train_canonical/ref_0556.png,data/train_canonical/search_0556.png,610.02,576.92,503.5,576.5,106.52082801030039,0.2089824676513672,True,5
557,dram,data/train_canonical/ref_0557.png,data/train_canonical/search_0557.png,548.19,511.33,548.5,511.5,0.35355339059323354,0.2021958827972412,True,2
558,finfet,data/train_canonical/ref_0558.png,data/train_canonical/search_0558.png,627.53,511.9,410.5,511.5,217.03036861232115,0.20230960845947266,True,9
559,finfet,data/train_canonical/ref_0559.png,data/train_canonical/search_0559.png,574.38,594.41,573.5,594.5,0.8845903006477054,0.20171070098876953,True,10
560,dram,data/train_canonical/ref_0560.png,data/train_canonical/search_0560.png,604.97,491.14,509.5,491.5,95.4706787448377,0.20675992965698242,True,5
561,dram,data/train_canonical/ref_0561.png,data/train_canonical/search_0561.png,521.53,476.11,521.5,476.5,0.39115214431214324,0.216719388961792,True,2
562,finfet,data/train_canonical/ref_0562.png,data/train_canonical/search_0562.png,546.15,578.26,546.5,578.5,0.42438190347848276,0.19773316383361816,True,5
563,finfet,data/train_canonical/ref_0563.png,data/train_canonical/search_0563.png,558.97,402.66,558.5,402.5,0.4964876634922903,0.20386767387390137,True,8
564,dram,data/train_canonical/ref_0564.png,data/train_canonical/search_0564.png,544.6,382.32,544.5,507.5,125.18003994247645,0.2012195587158203,True,6
565,finfet,data/train_canonical/ref_0565.png,data/train_canonical/search_0565.png,401.3,549.85,554.5,486.5,165.78136958054122,0.20354580879211426,False,11
566,finfet,data/train_canonical/ref_0566.png,data/train_canonical/search_0566.png,575.64,494.06,575.5,494.5,0.46173585522460153,0.18851137161254883,True,7
567,finfet,data/train_canonical/ref_0567.png,data/train_canonical/search_0567.png,458.91,531.01,458.5,519.5,11.517300030823188,0.203277587890625,True,7
568,finfet,data/train_canonical/ref_0568.png,data/train_canonical/search_0568.png,587.83,479.66,587.5,479.5,0.36674241641789274,0.21181917190551758,True,7
569,dram,data/train_canonical/ref_0569.png,data/train_canonical/search_0569.png,446.16,634.32,446.5,513.5,120.8204783966692,0.20020270347595215,True,5
570,dram,data/train_canonical/ref_0570.png,data/train_canonical/search_0570.png,413.01,440.52,412.5,440.5,0.510392006206984,0.19020462036132812,True,3
571,dram,data/train_canonical/ref_0571.png,data/train_canonical/search_0571.png,474.03,385.53,473.5,482.5,96.97144837528212,0.19580984115600586,True,5
572,finfet,data/train_canonical/ref_0572.png,data/train_canonical/search_0572.png,383.05,503.22,483.5,503.5,100.4503902431444,0.18949413299560547,True,6
573,finfet,data/train_canonical/ref_0573.png,data/train_canonical/search_0573.png,380.15,521.39,470.5,521.5,90.35006696179038,0.18932199478149414,True,10
574,dram,data/train_canonical/ref_0574.png,data/train_canonical/search_0574.png,616.65,365.66,471.5,514.5,207.89869672511173,0.21056056022644043,True,12
575,dram,data/train_canonical/ref_0575.png,data/train_canonical/search_0575.png,530.77,518.39,530.5,518.5,0.29154759474225334,0.20629525184631348,True,5
576,finfet,data/train_canonical/ref_0576.png,data/train_canonical/search_0576.png,562.57,487.86,562.5,487.5,0.3667424164178679,0.20016813278198242,True,7
577,finfet,data/train_canonical/ref_0577.png,data/train_canonical/search_0577.png,590.28,449.67,590.5,449.5,0.2780287754891882,0.18851375579833984,True,4
578,finfet,data/train_canonical/ref_0578.png,data/train_canonical/search_0578.png,432.84,396.6,432.5,495.5,98.90058442698908,0.18691658973693848,False,7
579,finfet,data/train_canonical/ref_0579.png,data/train_canonical/search_0579.png,464.42,389.53,464.5,500.5,110.9700288366188,0.20198345184326172,False,5
580,finfet,data/train_canonical/ref_0580.png,data/train_canonical/search_0580.png,392.39,546.37,408.0,546.0,15.614384393885032,0.19866156578063965,True,9
581,finfet,data/train_canonical/ref_0581.png,data/train_canonical/search_0581.png,452.91,553.85,452.5,553.5,0.539073278877776,0.16341161727905273,True,8
582,dram,data/train_canonical/ref_0582.png,data/train_canonical/search_0582.png,538.6,469.92,538.5,469.5,0.43174066289847884,0.19005775451660156,True,3
583,finfet,data/train_canonical/ref_0583.png,data/train_canonical/search_0583.png,603.55,597.9,602.5,492.5,105.40522994614638,0.20850157737731934,True,11
584,finfet,data/train_canonical/ref_0584.png,data/train_canonical/search_0584.png,593.22,404.41,593.5,404.5,0.2941088233970212,0.20072722434997559,True,7
585,finfet,data/train_canonical/ref_0585.png,data/train_canonical/search_0585.png,625.14,587.13,425.5,529.5,207.7915939108221,0.18996620178222656,True,11
586,dram,data/train_canonical/ref_0586.png,data/train_canonical/search_0586.png,447.41,514.91,447.5,514.5,0.4197618372362707,0.20627641677856445,True,2
587,finfet,data/train_canonical/ref_0587.png,data/train_canonical/search_0587.png,447.93,455.07,447.5,455.5,0.6081118318204405,0.20342063903808594,True,9
588,dram,data/train_canonical/ref_0588.png,data/train_canonical/search_0588.png,575.42,588.61,575.0,589.0,0.5731491952362447,0.21179962158203125,True,3
589,dram,data/train_canonical/ref_0589.png,data/train_canonical/search_0589.png,366.85,368.04,547.0,443.0,195.12309986262514,0.2214503288269043,False,8
590,finfet,data/train_canonical/ref_0590.png,data/train_canonical/search_0590.png,504.17,461.72,504.5,461.5,0.3966106403010407,0.20131826400756836,True,7
591,finfet,data/train_canonical/ref_0591.png,data/train_canonical/search_0591.png,589.81,540.95,589.5,468.5,72.45066321297554,0.19330310821533203,False,11
592,dram,data/train_canonical/ref_0592.png,data/train_canonical/search_0592.png,434.69,493.09,434.5,493.5,0.45188494110782185,0.20254731178283691,True,7
593,finfet,data/train_canonical/ref_0593.png,data/train_canonical/search_0593.png,596.37,416.49,596.5,416.5,0.13038404810404775,0.2027289867401123,True,9
594,finfet,data/train_canonical/ref_0594.png,data/train_canonical/search_0594.png,564.99,426.11,512.0,426.0,52.99011417236239,0.1979968547821045,True,8
595,dram,data/train_canonical/ref_0595.png,data/train_canonical/search_0595.png,412.43,429.54,412.5,429.5,0.08062257748298973,0.16822338104248047,True,4
596,dram,data/train_canonical/ref_0596.png,data/train_canonical/search_0596.png,589.69,450.9,589.5,450.5,0.44283179650969345,0.24672174453735352,True,8
597,dram,data/train_canonical/ref_0597.png,data/train_canonical/search_0597.png,434.37,548.9,434.5,549.5,0.6139218191268544,0.21280550956726074,True,2
598,finfet,data/train_canonical/ref_0598.png,data/train_canonical/search_0598.png,480.05,613.0,480.5,519.5,93.50108288142977,0.19774270057678223,False,3
599,finfet,data/train_canonical/ref_0599.png,data/train_canonical/search_0599.png,599.46,433.94,600.0,434.0,0.5433231082882091,0.19102144241333008,True,7
600,dram,data/train_canonical/ref_0600.png,data/train_canonical/search_0600.png,401.93,369.19,514.5,541.5,205.82211008538417,0.1891326904296875,False,4
601,dram,data/train_canonical/ref_0601.png,data/train_canonical/search_0601.png,389.79,466.14,499.5,466.5,109.71059064648223,0.2079153060913086,True,9
602,finfet,data/train_canonical/ref_0602.png,data/train_canonical/search_0602.png,516.7,561.47,516.5,526.5,34.9705719141109,0.19854974746704102,True,4
603,dram,data/train_canonical/ref_0603.png,data/train_canonical/search_0603.png,597.7,584.59,597.5,584.5,0.2193171219946676,0.21095991134643555,True,5
604,finfet,data/train_canonical/ref_0604.png,data/train_canonical/search_0604.png,475.26,488.64,475.5,488.5,0.2778488797889971,0.21673965454101562,True,9
605,finfet,data/train_canonical/ref_0605.png,data/train_canonical/search_0605.png,534.46,470.14,535.0,470.0,0.5578530272392155,0.1995067596435547,True,9
606,dram,data/train_canonical/ref_0606.png,data/train_canonical/search_0606.png,393.23,533.39,491.5,533.5,98.27006156505651,0.2071211338043213,False,4
607,finfet,data/train_canonical/ref_0607.png,data/train_canonical/search_0607.png,508.13,419.07,508.0,537.0,117.93007165265355,0.2029399871826172,True,4
608,dram,data/train_canonical/ref_0608.png,data/train_canonical/search_0608.png,548.74,451.12,548.5,451.5,0.44944410108488564,0.20579004287719727,True,3
609,dram,data/train_canonical/ref_0609.png,data/train_canonical/search_0609.png,391.65,634.13,481.5,559.5,116.80179536291385,0.20464086532592773,True,5
610,dram,data/train_canonical/ref_0610.png,data/train_canonical/search_0610.png,485.63,634.57,486.0,494.0,140.5704869451622,0.20804572105407715,True,3
611,finfet,data/train_canonical/ref_0611.png,data/train_canonical/search_0611.png,579.7,386.14,579.5,472.5,86.36023158838796,0.20235872268676758,True,8
612,dram,data/train_canonical/ref_0612.png,data/train_canonical/search_0612.png,523.81,435.11,523.5,435.5,0.4981967482832014,0.21560955047607422,True,6
613,finfet,data/train_canonical/ref_0613.png,data/train_canonical/search_0613.png,631.51,374.57,430.5,495.5,234.5827892237621,0.20010924339294434,False,6
614,finfet,data/train_canonical/ref_0614.png,data/train_canonical/search_0614.png,423.88,552.63,423.5,552.5,0.40162171256045825,0.20188069343566895,True,9
615,dram,data/train_canonical/ref_0615.png,data/train_canonical/search_0615.png,542.22,488.23,542.5,488.5,0.38897300677550223,0.17104220390319824,True,4
616,finfet,data/train_canonical/ref_0616.png,data/train_canonical/search_0616.png,600.42,534.42,502.5,534.5,97.92003267973307,0.17159295082092285,True,9
617,dram,data/train_canonical/ref_0617.png,data/train_canonical/search_0617.png,572.62,595.49,572.5,594.5,0.9972462083156892,0.22527837753295898,True,6
618,finfet,data/train_canonical/ref_0618.png,data/train_canonical/search_0618.png,486.4,406.77,486.5,466.5,59.730083709969826,0.18481016159057617,True,7
619,finfet,data/train_canonical/ref_0619.png,data/train_canonical/search_0619.png,452.19,442.34,451.5,442.5,0.7083078426785947,0.19775056838989258,True,7
620,finfet,data/train_canonical/ref_0620.png,data/train_canonical/search_0620.png,540.68,409.6,540.5,505.5,95.90016892581575,0.20109820365905762,True,3
621,finfet,data/train_canonical/ref_0621.png,data/train_canonical/search_0621.png,479.42,502.17,479.0,502.0,0.45310043036838843,0.19642877578735352,True,8
622,finfet,data/train_canonical/ref_0622.png,data/train_canonical/search_0622.png,552.31,528.5,552.0,507.0,21.502234767577065,0.1929028034210205,False,3
623,dram,data/train_canonical/ref_0623.png,data/train_canonical/search_0623.png,384.11,419.03,452.5,418.5,68.3920536319827,0.2070150375366211,False,2
624,dram,data/train_canonical/ref_0624.png,data/train_canonical/search_0624.png,494.41,481.32,494.0,481.0,0.5200961449578493,0.21467876434326172,True,4
625,dram,data/train_canonical/ref_0625.png,data/train_canonical/search_0625.png,477.23,619.3,477.5,514.5,104.80034780476632,0.19748878479003906,False,4
626,finfet,data/train_canonical/ref_0626.png,data/train_canonical/search_0626.png,412.51,484.72,412.5,484.5,0.22022715545547925,0.18949341773986816,True,11
627,finfet,data/train_canonical/ref_0627.png,data/train_canonical/search_0627.png,532.19,486.88,532.0,487.0,0.2247220505424909,0.20039153099060059,True,8
628,finfet,data/train_canonical/ref_0628.png,data/train_canonical/search_0628.png,390.47,416.44,483.5,416.5,93.03001934859519,0.19100618362426758,False,9
629,dram,data/train_canonical/ref_0629.png,data/train_canonical/search_0629.png,568.01,623.42,567.5,489.5,133.92097109862962,0.16769790649414062,True,8
630,finfet,data/train_canonical/ref_0630.png,data/train_canonical/search_0630.png,537.84,371.4,537.5,517.5,146.10039561890312,0.19681286811828613,True,4
631,finfet,data/train_canonical/ref_0631.png,data/train_canonical/search_0631.png,390.35,570.03,537.5,536.5,150.92177907777258,0.20522356033325195,True,8
632,finfet,data/train_canonical/ref_0632.png,data/train_canonical/search_0632.png,539.1,535.29,539.5,535.5,0.4517742799230575,0.20637822151184082,True,9
633,dram,data/train_canonical/ref_0633.png,data/train_canonical/search_0633.png,529.48,470.63,529.5,470.5,0.1315294643796518,0.19609308242797852,True,3
634,dram,data/train_canonical/ref_0634.png,data/train_canonical/search_0634.png,611.97,576.68,490.5,514.5,136.45993294736738,0.1918926239013672,False,8
635,finfet,data/train_canonical/ref_0635.png,data/train_canonical/search_0635.png,412.56,624.77,413.0,410.0,214.77045071424513,0.2056725025177002,True,10
636,dram,data/train_canonical/ref_0636.png,data/train_canonical/search_0636.png,487.27,586.71,487.5,586.5,0.3114482300479867,0.16039657592773438,True,6
637,dram,data/train_canonical/ref_0637.png,data/train_canonical/search_0637.png,489.78,450.44,490.0,450.0,0.4919349550499639,0.1985466480255127,True,4
638,finfet,data/train_canonical/ref_0638.png,data/train_canonical/search_0638.png,603.67,377.12,506.5,475.5,138.27737812093486,0.22211694717407227,False,12
639,dram,data/train_canonical/ref_0639.png,data/train_canonical/search_0639.png,436.38,526.42,436.5,526.5,0.14422205101858607,0.2131328582763672,True,5
640,dram,data/train_canonical/ref_0640.png,data/train_canonical/search_0640.png,562.04,514.67,562.5,514.5,0.49040799340958907,0.2035825252532959,True,6
641,finfet,data/train_canonical/ref_0641.png,data/train_canonical/search_0641.png,557.91,566.45,558.5,566.5,0.5921148537235263,0.18990492820739746,True,8
642,finfet,data/train_canonical/ref_0642.png,data/train_canonical/search_0642.png,628.78,551.2,541.5,586.5,94.14822568694532,0.18948006629943848,False,12
643,dram,data/train_canonical/ref_0643.png,data/train_canonical/search_0643.png,398.92,536.58,403.0,536.0,4.121019291388954,0.1998751163482666,True,4
644,finfet,data/train_canonical/ref_0644.png,data/train_canonical/search_0644.png,491.24,400.46,491.5,474.5,74.04045650858727,0.18788933753967285,True,10
645,dram,data/train_canonical/ref_0645.png,data/train_canonical/search_0645.png,364.03,445.28,426.5,445.5,62.47038738474417,0.2344217300415039,True,4
646,finfet,data/train_canonical/ref_0646.png,data/train_canonical/search_0646.png,550.41,578.36,550.5,523.5,54.86007382423033,0.21035075187683105,True,10
647,finfet,data/train_canonical/ref_0647.png,data/train_canonical/search_0647.png,464.87,373.2,465.5,475.5,102.30193986430561,0.18141627311706543,False,4
648,dram,data/train_canonical/ref_0648.png,data/train_canonical/search_0648.png,523.14,432.23,523.5,432.5,0.45,0.19187355041503906,True,5
649,dram,data/train_canonical/ref_0649.png,data/train_canonical/search_0649.png,507.52,572.5,507.0,573.0,0.7213875518748443,0.22048568725585938,True,3
650,dram,data/train_canonical/ref_0650.png,data/train_canonical/search_0650.png,371.75,402.96,544.5,577.5,245.5743759026988,0.21212434768676758,False,9
651,dram,data/train_canonical/ref_0651.png,data/train_canonical/search_0651.png,619.11,462.24,481.5,462.5,137.61024562146528,0.2090752124786377,True,7
652,dram,data/train_canonical/ref_0652.png,data/train_canonical/search_0652.png,524.65,582.27,524.5,582.5,0.27459060435492244,0.22020459175109863,True,7
653,finfet,data/train_canonical/ref_0653.png,data/train_canonical/search_0653.png,601.83,444.31,601.5,444.5,0.38078865529322975,0.21648573875427246,True,7
654,finfet,data/train_canonical/ref_0654.png,data/train_canonical/search_0654.png,411.97,426.32,411.5,572.5,146.18075557336542,0.19672131538391113,True,8
655,dram,data/train_canonical/ref_0655.png,data/train_canonical/search_0655.png,509.98,552.34,510.0,465.0,87.34000228990153,0.20586037635803223,False,5
656,dram,data/train_canonical/ref_0656.png,data/train_canonical/search_0656.png,522.11,429.8,522.5,429.5,0.4920365840056979,0.16927552223205566,True,6
657,finfet,data/train_canonical/ref_0657.png,data/train_canonical/search_0657.png,548.43,386.48,548.5,492.5,106.02002310884485,0.19880890846252441,False,6
658,dram,data/train_canonical/ref_0658.png,data/train_canonical/search_0658.png,508.66,536.25,504.5,536.5,4.167505248946929,0.1952824592590332,True,5
659,finfet,data/train_canonical/ref_0659.png,data/train_canonical/search_0659.png,531.48,605.47,531.5,519.5,85.97000232639293,0.2235736846923828,False,10
660,finfet,data/train_canonical/ref_0660.png,data/train_canonical/search_0660.png,510.58,536.38,510.5,477.5,58.880054347801,0.21393275260925293,False,4
661,dram,data/train_canonical/ref_0661.png,data/train_canonical/search_0661.png,381.08,580.19,538.5,580.5,157.42030523410887,0.20141959190368652,True,5
662,finfet,data/train_canonical/ref_0662.png,data/train_canonical/search_0662.png,560.06,530.84,560.5,530.5,0.5560575509783764,0.2093203067779541,True,8
663,dram,data/train_canonical/ref_0663.png,data/train_canonical/search_0663.png,416.21,484.63,416.0,485.0,0.42544094772364677,0.20442581176757812,True,8
664,finfet,data/train_canonical/ref_0664.png,data/train_canonical/search_0664.png,435.39,555.08,435.5,474.5,80.58007508063024,0.20067524909973145,True,4
665,dram,data/train_canonical/ref_0665.png,data/train_canonical/search_0665.png,525.82,525.27,525.5,525.5,0.3940812099048118,0.2261199951171875,True,3
666,finfet,data/train_canonical/ref_0666.png,data/train_canonical/search_0666.png,541.44,581.24,541.5,495.5,85.74002099369933,0.18139266967773438,False,7
667,finfet,data/train_canonical/ref_0667.png,data/train_canonical/search_0667.png,538.87,452.74,538.5,519.5,66.76102530668622,0.2078416347503662,True,4
668,dram,data/train_canonical/ref_0668.png,data/train_canonical/search_0668.png,609.8,619.21,524.5,574.5,96.30718612855426,0.19495129585266113,False,4
669,dram,data/train_canonical/ref_0669.png,data/train_canonical/search_0669.png,390.55,544.51,504.5,544.5,113.95000043878893,0.1947016716003418,False,6
670,finfet,data/train_canonical/ref_0670.png,data/train_canonical/search_0670.png,457.67,384.65,457.5,506.5,121.8501185883707,0.19317865371704102,False,11
671,finfet,data/train_canonical/ref_0671.png,data/train_canonical/search_0671.png,432.45,573.5,432.5,573.5,0.05000000000001137,0.2002859115600586,True,7
672,finfet,data/train_canonical/ref_0672.png,data/train_canonical/search_0672.png,512.37,413.47,512.5,413.5,0.13341664064125278,0.16036176681518555,True,6
673,finfet,data/train_canonical/ref_0673.png,data/train_canonical/search_0673.png,445.38,398.47,445.5,509.5,111.0300648473196,0.18741798400878906,False,10
674,finfet,data/train_canonical/ref_0674.png,data/train_canonical/search_0674.png,384.55,629.2,401.0,504.0,126.27605671701984,0.21726322174072266,True,9
675,finfet,data/train_canonical/ref_0675.png,data/train_canonical/search_0675.png,591.21,608.33,591.0,474.0,134.3301641478935,0.20404505729675293,True,10
676,finfet,data/train_canonical/ref_0676.png,data/train_canonical/search_0676.png,463.39,524.82,463.5,524.5,0.33837848631382433,0.19468164443969727,True,10
677,dram,data/train_canonical/ref_0677.png,data/train_canonical/search_0677.png,449.31,461.46,449.5,461.5,0.19416487838947796,0.20516467094421387,True,3
678,finfet,data/train_canonical/ref_0678.png,data/train_canonical/search_0678.png,417.81,400.7,417.5,507.5,106.80044990541941,0.20116734504699707,False,9
679,finfet,data/train_canonical/ref_0679.png,data/train_canonical/search_0679.png,471.96,373.42,471.5,535.5,162.08065276275263,0.2027904987335205,False,8
680,dram,data/train_canonical/ref_0680.png,data/train_canonical/search_0680.png,628.75,474.76,522.5,474.5,106.25031811717083,0.2115325927734375,True,6
681,finfet,data/train_canonical/ref_0681.png,data/train_canonical/search_0681.png,568.5,370.74,568.5,467.5,96.75999999999999,0.20397400856018066,True,9
682,finfet,data/train_canonical/ref_0682.png,data/train_canonical/search_0682.png,474.92,405.02,474.5,405.5,0.6378087487641031,0.19599175453186035,True,9
683,dram,data/train_canonical/ref_0683.png,data/train_canonical/search_0683.png,404.81,430.83,404.5,430.5,0.4527692569068608,0.19346046447753906,True,4
684,finfet,data/train_canonical/ref_0684.png,data/train_canonical/search_0684.png,609.85,568.39,514.5,446.5,154.75398088579175,0.19387292861938477,False,8
685,dram,data/train_canonical/ref_0685.png,data/train_canonical/search_0685.png,393.02,373.76,483.5,531.5,181.84756803432927,0.19565534591674805,True,6
686,finfet,data/train_canonical/ref_0686.png,data/train_canonical/search_0686.png,527.29,390.69,527.0,475.0,84.3104987531209,0.20813608169555664,False,7
687,finfet,data/train_canonical/ref_0687.png,data/train_canonical/search_0687.png,416.54,513.7,416.5,513.5,0.20396078054376,0.20803332328796387,True,10
688,finfet,data/train_canonical/ref_0688.png,data/train_canonical/search_0688.png,566.62,612.58,566.5,484.5,128.0800562148534,0.18007373809814453,True,3
689,dram,data/train_canonical/ref_0689.png,data/train_canonical/search_0689.png,444.36,429.7,444.5,430.5,0.812157620169887,0.20570731163024902,True,6
690,finfet,data/train_canonical/ref_0690.png,data/train_canonical/search_0690.png,580.93,423.24,580.5,554.5,131.26070432539967,0.183457612991333,True,11
691,dram,data/train_canonical/ref_0691.png,data/train_canonical/search_0691.png,596.41,595.41,596.5,529.5,65.91006144739963,0.2078545093536377,True,10
692,finfet,data/train_canonical/ref_0692.png,data/train_canonical/search_0692.png,538.09,574.82,538.5,574.5,0.5200961449578395,0.19849252700805664,True,9
693,dram,data/train_canonical/ref_0693.png,data/train_canonical/search_0693.png,563.69,484.03,563.5,484.5,0.5069516742255088,0.20414042472839355,True,7
694,finfet,data/train_canonical/ref_0694.png,data/train_canonical/search_0694.png,512.77,491.97,513.0,492.0,0.23194827009487853,0.22387218475341797,True,8
695,finfet,data/train_canonical/ref_0695.png,data/train_canonical/search_0695.png,439.12,543.51,439.5,543.5,0.3801315561749595,0.20932745933532715,True,7
696,dram,data/train_canonical/ref_0696.png,data/train_canonical/search_0696.png,378.85,617.01,528.5,436.5,234.47597446220368,0.2029714584350586,True,3
697,finfet,data/train_canonical/ref_0697.png,data/train_canonical/search_0697.png,472.28,398.82,472.5,463.5,64.68037414857771,0.17472386360168457,False,7
698,finfet,data/train_canonical/ref_0698.png,data/train_canonical/search_0698.png,401.31,562.05,402.5,483.5,78.5590134866776,0.20530176162719727,False,7
699,finfet,data/train_canonical/ref_0699.png,data/train_canonical/search_0699.png,477.18,406.57,477.5,472.5,65.93077657664894,0.2077164649963379,True,8
700,dram,data/train_canonical/ref_0700.png,data/train_canonical/search_0700.png,476.86,589.54,477.5,589.5,0.64124878167524,0.2088937759399414,True,4
701,dram,data/train_canonical/ref_0701.png,data/train_canonical/search_0701.png,499.49,502.64,499.5,502.5,0.14035668847616775,0.2099604606628418,True,3
702,dram,data/train_canonical/ref_0702.png,data/train_canonical/search_0702.png,517.66,516.87,518.0,517.0,0.364005494464054,0.18719053268432617,True,7
703,finfet,data/train_canonical/ref_0703.png,data/train_canonical/search_0703.png,598.83,621.85,598.5,485.5,136.35039933934922,0.20824360847473145,False,10
704,finfet,data/train_canonical/ref_0704.png,data/train_canonical/search_0704.png,422.78,614.66,422.5,452.5,162.16024173637626,0.20969820022583008,False,11
705,finfet,data/train_canonical/ref_0705.png,data/train_canonical/search_0705.png,473.27,542.56,473.0,489.0,53.560680540859394,0.20577096939086914,False,6
706,finfet,data/train_canonical/ref_0706.png,data/train_canonical/search_0706.png,633.12,438.99,512.0,439.0,121.12000041281374,0.1936473846435547,False,8
707,dram,data/train_canonical/ref_0707.png,data/train_canonical/search_0707.png,430.59,525.1,430.5,525.5,0.40999999999997233,0.1962723731994629,True,4
708,finfet,data/train_canonical/ref_0708.png,data/train_canonical/search_0708.png,541.27,383.03,541.5,536.5,153.47017234629016,0.20835137367248535,False,9
709,dram,data/train_canonical/ref_0709.png,data/train_canonical/search_0709.png,484.6,608.85,485.0,498.0,110.85072169363627,0.21205472946166992,True,4
710,dram,data/train_canonical/ref_0710.png,data/train_canonical/search_0710.png,593.0,476.68,592.5,476.5,0.5314132102234592,0.2046213150024414,True,5
711,finfet,data/train_canonical/ref_0711.png,data/train_canonical/search_0711.png,601.41,501.14,601.5,501.5,0.37107950630561043,0.1989290714263916,True,7
712,dram,data/train_canonical/ref_0712.png,data/train_canonical/search_0712.png,431.13,379.25,432.0,514.0,134.75280850505493,0.19813156127929688,False,9
713,dram,data/train_canonical/ref_0713.png,data/train_canonical/search_0713.png,394.68,534.45,395.5,534.5,0.8215229759416253,0.20004940032958984,True,8
714,finfet,data/train_canonical/ref_0714.png,data/train_canonical/search_0714.png,499.54,601.28,499.5,478.5,122.78000651571897,0.19370126724243164,False,4
715,finfet,data/train_canonical/ref_0715.png,data/train_canonical/search_0715.png,452.33,495.46,452.5,495.5,0.17464249196575,0.22841501235961914,True,7
716,finfet,data/train_canonical/ref_0716.png,data/train_canonical/search_0716.png,388.12,519.28,513.5,519.5,125.38019301309119,0.18293070793151855,False,10
717,finfet,data/train_canonical/ref_0717.png,data/train_canonical/search_0717.png,410.42,498.91,410.5,498.5,0.41773197148413,0.19400835037231445,True,8
718,dram,data/train_canonical/ref_0718.png,data/train_canonical/search_0718.png,565.56,489.33,566.0,489.0,0.5500000000000341,0.19144272804260254,True,7
719,finfet,data/train_canonical/ref_0719.png,data/train_canonical/search_0719.png,616.64,439.03,475.5,497.5,152.77185768327882,0.2029588222503662,True,8
720,dram,data/train_canonical/ref_0720.png,data/train_canonical/search_0720.png,433.0,409.77,433.5,409.5,0.5682429058070063,0.20756936073303223,True,7
721,dram,data/train_canonical/ref_0721.png,data/train_canonical/search_0721.png,525.77,632.75,526.0,464.0,168.75015674066793,0.1965634822845459,True,4
722,dram,data/train_canonical/ref_0722.png,data/train_canonical/search_0722.png,380.66,526.04,539.0,526.0,158.34000505241875,0.20742511749267578,False,7
723,dram,data/train_canonical/ref_0723.png,data/train_canonical/search_0723.png,497.04,524.22,497.5,524.5,0.5385164807134187,0.21345019340515137,True,5
724,finfet,data/train_canonical/ref_0724.png,data/train_canonical/search_0724.png,421.88,585.25,421.5,512.5,72.75099243309332,0.17124295234680176,False,6
725,finfet,data/train_canonical/ref_0725.png,data/train_canonical/search_0725.png,448.98,418.43,449.5,548.5,130.0710394361481,0.19446492195129395,False,9
726,finfet,data/train_canonical/ref_0726.png,data/train_canonical/search_0726.png,374.47,398.82,412.5,473.5,83.80562809262871,0.2189335823059082,False,12
727,finfet,data/train_canonical/ref_0727.png,data/train_canonical/search_0727.png,366.27,464.51,503.5,464.5,137.23000036435184,0.20618224143981934,True,8
728,finfet,data/train_canonical/ref_0728.png,data/train_canonical/search_0728.png,513.45,622.25,513.5,510.5,111.75001118568177,0.19575715065002441,False,6
729,dram,data/train_canonical/ref_0729.png,data/train_canonical/search_0729.png,435.7,555.26,513.0,556.0,77.30354196283636,0.2098379135131836,True,5
730,dram,data/train_canonical/ref_0730.png,data/train_canonical/search_0730.png,375.52,603.83,522.5,603.5,146.98037045809895,0.21459078788757324,False,10
731,finfet,data/train_canonical/ref_0731.png,data/train_canonical/search_0731.png,533.39,562.56,533.5,562.5,0.12529964086140252,0.19615936279296875,True,5
732,finfet,data/train_canonical/ref_0732.png,data/train_canonical/search_0732.png,633.96,615.37,423.0,499.0,240.92757936774282,0.2068636417388916,False,9
733,finfet,data/train_canonical/ref_0733.png,data/train_canonical/search_0733.png,399.66,437.63,474.5,437.5,74.84011290745089,0.19823265075683594,True,12
734,finfet,data/train_canonical/ref_0734.png,data/train_canonical/search_0734.png,489.18,386.22,489.5,500.5,114.28044802152289,0.20300912857055664,False,11
735,finfet,data/train_canonical/ref_0735.png,data/train_canonical/search_0735.png,592.09,523.41,591.5,523.5,0.5968249324551071,0.1907055377960205,True,7
736,dram,data/train_canonical/ref_0736.png,data/train_canonical/search_0736.png,546.09,501.76,546.0,502.0,0.25632011235954566,0.233870267868042,True,5
737,finfet,data/train_canonical/ref_0737.png,data/train_canonical/search_0737.png,580.97,437.78,581.5,437.5,0.5994163828257915,0.21875452995300293,True,4
738,dram,data/train_canonical/ref_0738.png,data/train_canonical/search_0738.png,419.3,423.58,419.5,423.5,0.2154065922853637,0.20525193214416504,True,7
739,dram,data/train_canonical/ref_0739.png,data/train_canonical/search_0739.png,403.34,574.37,546.5,574.5,143.16005902485514,0.20129847526550293,False,8
740,finfet,data/train_canonical/ref_0740.png,data/train_canonical/search_0740.png,594.81,595.93,594.5,526.5,69.4306920605001,0.20052671432495117,True,13
741,dram,data/train_canonical/ref_0741.png,data/train_canonical/search_0741.png,461.04,480.91,460.5,480.5,0.6780117993073886,0.20587992668151855,True,3
742,finfet,data/train_canonical/ref_0742.png,data/train_canonical/search_0742.png,429.94,432.68,429.5,432.5,0.475394572960189,0.19531822204589844,True,9
743,dram,data/train_canonical/ref_0743.png,data/train_canonical/search_0743.png,378.88,504.99,487.5,504.5,108.62110522361665,0.20767569541931152,True,7
744,finfet,data/train_canonical/ref_0744.png,data/train_canonical/search_0744.png,453.27,391.4,453.5,539.5,148.1001785954359,0.2135460376739502,False,10
745,dram,data/train_canonical/ref_0745.png,data/train_canonical/search_0745.png,550.99,590.4,550.5,590.5,0.500099990002013,0.20017528533935547,True,6
746,dram,data/train_canonical/ref_0746.png,data/train_canonical/search_0746.png,478.61,384.35,478.5,468.5,84.1500718953941,0.2039642333984375,True,3
747,dram,data/train_canonical/ref_0747.png,data/train_canonical/search_0747.png,472.78,373.49,473.0,517.0,143.5101686292647,0.20525193214416504,False,4
748,finfet,data/train_canonical/ref_0748.png,data/train_canonical/search_0748.png,381.57,422.99,495.5,559.5,177.80614443826175,0.20676541328430176,False,9
749,finfet,data/train_canonical/ref_0749.png,data/train_canonical/search_0749.png,615.03,484.02,522.5,484.5,92.53124499324537,0.17201948165893555,True,11
750,finfet,data/train_canonical/ref_0750.png,data/train_canonical/search_0750.png,410.73,577.9,410.5,529.5,48.4005464845181,0.2382512092590332,True,7
751,dram,data/train_canonical/ref_0751.png,data/train_canonical/search_0751.png,458.12,531.04,529.5,530.5,71.38204255973626,0.22052979469299316,True,4
752,finfet,data/train_canonical/ref_0752.png,data/train_canonical/search_0752.png,436.51,537.65,437.0,486.0,51.65232424586524,0.2006516456604004,False,8
753,dram,data/train_canonical/ref_0753.png,data/train_canonical/search_0753.png,504.83,413.31,504.5,413.5,0.3807886552931805,0.192183256149292,True,3
754,dram,data/train_canonical/ref_0754.png,data/train_canonical/search_0754.png,562.19,570.05,562.5,570.5,0.5464430436925765,0.20131397247314453,True,6
755,dram,data/train_canonical/ref_0755.png,data/train_canonical/search_0755.png,625.77,581.43,463.0,581.0,162.7705679783664,0.20120763778686523,True,4
756,finfet,data/train_canonical/ref_0756.png,data/train_canonical/search_0756.png,545.79,515.57,545.5,515.5,0.2983286778035023,0.1992206573486328,False,7
757,finfet,data/train_canonical/ref_0757.png,data/train_canonical/search_0757.png,502.03,397.42,502.0,508.0,110.58000406945189,0.2092430591583252,False,6
758,dram,data/train_canonical/ref_0758.png,data/train_canonical/search_0758.png,419.72,564.89,419.5,564.5,0.44777226354476374,0.21196293830871582,True,3
759,dram,data/train_canonical/ref_0759.png,data/train_canonical/search_0759.png,538.3,583.4,538.5,583.5,0.2236067977500298,0.1948680877685547,True,5
760,dram,data/train_canonical/ref_0760.png,data/train_canonical/search_0760.png,485.48,495.3,485.5,495.5,0.20099751242240468,0.2088150978088379,True,9
761,dram,data/train_canonical/ref_0761.png,data/train_canonical/search_0761.png,631.37,529.88,530.5,513.5,102.19129757469567,0.20300650596618652,True,6
762,finfet,data/train_canonical/ref_0762.png,data/train_canonical/search_0762.png,449.17,382.13,449.5,461.5,79.37068602450152,0.20732331275939941,True,6
763,finfet,data/train_canonical/ref_0763.png,data/train_canonical/search_0763.png,419.34,420.73,477.0,421.0,57.660632150541005,0.19772052764892578,False,11
764,finfet,data/train_canonical/ref_0764.png,data/train_canonical/search_0764.png,512.09,633.56,512.5,456.5,177.06047469720616,0.1982097625732422,False,6
765,finfet,data/train_canonical/ref_0765.png,data/train_canonical/search_0765.png,473.12,517.51,473.5,517.5,0.3801315561749595,0.21676945686340332,True,7
766,finfet,data/train_canonical/ref_0766.png,data/train_canonical/search_0766.png,567.08,567.38,567.0,454.0,113.38002822366909,0.19380760192871094,True,7
767,finfet,data/train_canonical/ref_0767.png,data/train_canonical/search_0767.png,633.84,390.36,441.5,548.5,249.0038859134532,0.19688963890075684,False,6
768,dram,data/train_canonical/ref_0768.png,data/train_canonical/search_0768.png,532.17,429.39,532.5,429.5,0.34785054261856485,0.20814299583435059,True,6
769,dram,data/train_canonical/ref_0769.png,data/train_canonical/search_0769.png,505.06,532.53,505.5,532.5,0.4410215414239948,0.1914818286895752,True,4
770,finfet,data/train_canonical/ref_0770.png,data/train_canonical/search_0770.png,564.79,546.94,565.0,547.0,0.21840329667843553,0.1881847381591797,True,9
771,finfet,data/train_canonical/ref_0771.png,data/train_canonical/search_0771.png,530.62,538.81,530.5,472.5,66.3101085808189,0.21126127243041992,True,4
772,dram,data/train_canonical/ref_0772.png,data/train_canonical/search_0772.png,554.06,582.98,554.0,583.0,0.06324555320331006,0.2126762866973877,True,3
773,finfet,data/train_canonical/ref_0773.png,data/train_canonical/search_0773.png,393.54,621.9,543.5,553.5,164.82281880856178,0.19983744621276855,False,9
774,dram,data/train_canonical/ref_0774.png,data/train_canonical/search_0774.png,562.41,482.3,562.5,482.5,0.21931712199461578,0.2122046947479248,True,4
775,dram,data/train_canonical/ref_0775.png,data/train_canonical/search_0775.png,514.76,596.54,514.5,596.5,0.2630589287593036,0.20964741706848145,True,8
776,finfet,data/train_canonical/ref_0776.png,data/train_canonical/search_0776.png,428.87,511.06,428.5,511.5,0.5748912940721935,0.20168232917785645,False,7
777,dram,data/train_canonical/ref_0777.png,data/train_canonical/search_0777.png,487.41,610.88,487.5,533.5,77.38005233908801,0.1950230598449707,True,7
778,dram,data/train_canonical/ref_0778.png,data/train_canonical/search_0778.png,529.58,387.97,529.5,518.5,130.53002451543472,0.2028806209564209,False,5
779,dram,data/train_canonical/ref_0779.png,data/train_canonical/search_0779.png,553.04,443.04,553.0,443.0,0.05656854249491255,0.2129805088043213,True,5
780,dram,data/train_canonical/ref_0780.png,data/train_canonical/search_0780.png,411.47,490.48,412.0,491.0,0.7424957912338306,0.16339659690856934,True,4
781,dram,data/train_canonical/ref_0781.png,data/train_canonical/search_0781.png,509.76,451.08,509.5,451.5,0.49396356140914754,0.1932382583618164,True,6
782,dram,data/train_canonical/ref_0782.png,data/train_canonical/search_0782.png,526.86,382.86,526.5,487.5,104.64061926422262,0.20079827308654785,True,3
783,dram,data/train_canonical/ref_0783.png,data/train_canonical/search_0783.png,618.15,509.9,515.5,509.5,102.65077934433813,0.21069622039794922,True,4
784,dram,data/train_canonical/ref_0784.png,data/train_canonical/search_0784.png,604.84,415.78,459.5,415.5,145.34026971214828,0.19343996047973633,False,5
785,dram,data/train_canonical/ref_0785.png,data/train_canonical/search_0785.png,501.8,501.29,501.5,501.5,0.36619666847200866,0.20957374572753906,True,3
786,dram,data/train_canonical/ref_0786.png,data/train_canonical/search_0786.png,485.3,530.57,532.5,530.5,47.200051906751106,0.20947670936584473,False,6
787,dram,data/train_canonical/ref_0787.png,data/train_canonical/search_0787.png,586.17,471.16,479.0,471.0,107.17011943634286,0.19863510131835938,True,4
788,dram,data/train_canonical/ref_0788.png,data/train_canonical/search_0788.png,428.15,552.11,428.0,552.0,0.18601075237737247,0.18771910667419434,True,5
789,finfet,data/train_canonical/ref_0789.png,data/train_canonical/search_0789.png,487.11,491.73,487.5,491.5,0.4527692569068683,0.1911311149597168,True,6
790,dram,data/train_canonical/ref_0790.png,data/train_canonical/search_0790.png,480.95,380.5,480.5,504.5,124.00081652956968,0.19342851638793945,False,8
791,finfet,data/train_canonical/ref_0791.png,data/train_canonical/search_0791.png,440.78,466.68,441.0,467.0,0.3883297567789618,0.17699694633483887,True,10
792,dram,data/train_canonical/ref_0792.png,data/train_canonical/search_0792.png,557.36,388.93,557.5,499.5,110.57008863160054,0.20948243141174316,True,10
793,finfet,data/train_canonical/ref_0793.png,data/train_canonical/search_0793.png,513.32,587.73,513.5,511.5,76.23021251446175,0.21193695068359375,False,7
794,finfet,data/train_canonical/ref_0794.png,data/train_canonical/search_0794.png,516.7,589.0,516.5,431.5,157.5001269840758,0.2057640552520752,True,11
795,finfet,data/train_canonical/ref_0795.png,data/train_canonical/search_0795.png,543.71,499.58,543.0,500.0,0.824924238945653,0.19247841835021973,False,6
796,dram,data/train_canonical/ref_0796.png,data/train_canonical/search_0796.png,616.01,483.13,533.5,483.5,82.510829592242,0.19596123695373535,True,3
797,finfet,data/train_canonical/ref_0797.png,data/train_canonical/search_0797.png,537.15,530.17,482.5,529.5,54.654106890516445,0.15465450286865234,True,9
798,finfet,data/train_canonical/ref_0798.png,data/train_canonical/search_0798.png,602.9,368.55,424.5,543.5,249.8680901996091,0.19488930702209473,True,9
799,dram,data/train_canonical/ref_0799.png,data/train_canonical/search_0799.png,562.4,632.22,562.5,419.5,212.72002350507583,0.20069003105163574,True,3
